# Rhino

o object_9
v -4.659 -0.02539 -0.2761
v -4.628 0.1056 2.088
v -4.639 -0.02547 -0.2762
v -4.648 0.1057 2.088
vn 0.004026 0.9985 -0.05537
vn 0.004026 0.9985 -0.05537
vn 0.004027 0.9985 -0.05537
vn 0.004025 0.9985 -0.05537
f 1//1 2//2 3//3
f 1//1 4//4 2//2
o object_89
v 0.7391 -0.01508 4.454
v 0.8964 -0.0435 4.453
v 0.7678 0.02636 4.443
v 0.8172 0.04577 4.436
v 0.9055 0.006914 4.441
v 1.081 -0.0737 5.265
v 1.105 -0.08128 4.453
v 1.065 -0.07232 4.863
v 1.003 -0.06284 4.453
v 1.005 -0.06201 4.729
v 1.011 -0.06264 4.863
v 0.9607 -0.05356 4.863
v 0.8976 -0.04267 4.729
v 0.8762 -0.03828 4.863
v 0.7413 -0.01391 4.864
v 0.8475 -0.0331 4.864
v 0.9073 0.01724 4.439
v 0.8708 0.02385 4.439
v 0.9083 0.0241 4.359
v 0.8717 0.0307 4.359
v 1.051 -0.008716 4.438
v 1.014 -0.0021 4.438
v 1.052 -0.001859 4.358
v 1.015 0.004757 4.359
v 1.046 -0.03682 4.359
v 1.009 -0.03021 4.359
v 1.008 -0.03738 4.447
v 1.045 -0.04399 4.447
v 0.9061 -0.04215 5.266
v 0.9221 -0.04505 5.266
v 0.8071 -0.02426 5.266
v 0.7929 -0.02169 5.266
v 0.8519 -0.009016 4.863
v 0.7428 -0.01264 5.266
v 0.8805 -0.01419 4.863
v 0.9651 -0.02947 4.863
v 1.015 -0.03855 4.863
v 1.069 -0.04823 4.863
v 0.9041 -0.006745 4.729
v 1.011 -0.02608 4.729
v 1.012 -0.01243 4.441
v 1.114 -0.007798 4.435
v 0.8645 -0.01144 4.447
v 0.9011 -0.01805 4.447
v 0.9021 -0.01089 4.359
v 0.8655 -0.004274 4.359
vn -0.04446 -0.2252 -0.9733
vn -0.1779 -0.984 0.003755
vn -0.04451 -0.2253 -0.9733
vn -0.1779 -0.984 0.003756
vn -0.04448 -0.2253 -0.9733
vn -0.04449 -0.2252 -0.9733
vn -0.04454 -0.2253 -0.9733
vn -0.1778 -0.9829 -0.04748
vn -0.1778 -0.9841 0.003756
vn -0.1778 -0.9824 -0.05695
vn -0.1778 -0.9841 0.003756
vn -0.1779 -0.984 0.003753
vn -0.04443 -0.2253 -0.9733
vn -0.1778 -0.9841 0.003756
vn -0.1779 -0.984 0.003755
vn 0.004417 0.003005 1
vn -0.1779 -0.984 0.003753
vn -0.04448 -0.2254 -0.9733
vn -0.1779 -0.984 0.003756
vn -0.1779 -0.984 0.003757
vn -0.1778 -0.9841 0.003756
vn -0.1779 -0.984 0.003753
vn -0.1779 -0.984 0.003752
vn -0.1779 -0.984 0.003754
vn -0.0673 -0.9977 -0.01067
vn 0.004401 0.00295 1
vn -0.1778 -0.9841 0.003754
vn 0.1775 0.9803 0.08632
vn 0.9845 -0.1754 -0.003245
vn 0.1775 0.9803 0.08632
vn -0.9843 0.1764 0.003315
vn 0.1775 0.9803 0.08632
vn 0.9846 -0.1746 -0.003508
vn 0.1775 0.9803 0.08632
vn -0.9843 0.1765 0.003256
vn 0.1775 0.9803 0.08631
vn 0.9839 -0.1785 -0.003925
vn 0.1775 0.9803 0.08631
vn -0.984 0.178 0.003793
vn 0.1775 0.9803 0.08631
vn 0.9839 -0.1787 -0.003862
vn 0.1775 0.9803 0.08632
vn -0.984 0.1782 0.003742
vn -0.1776 -0.9807 -0.08174
vn 0.9839 -0.1785 -0.003925
vn -0.1776 -0.9807 -0.08174
vn -0.984 0.178 0.003793
vn -0.1776 -0.9807 -0.08174
vn -0.984 0.1779 0.003845
vn -0.1776 -0.9807 -0.08173
vn 0.984 -0.1783 -0.003987
vn -0.1778 -0.9841 0.003759
vn -0.1778 -0.9824 -0.05695
vn -0.1778 -0.9841 0.003757
vn -0.1778 -0.9824 -0.05695
vn -0.1778 -0.9841 0.003758
vn -0.1778 -0.9824 -0.05695
vn -0.1778 -0.9841 0.00376
vn -0.0673 -0.9977 -0.01067
vn 0.04411 -0.9987 -0.02496
vn 0.004417 0.003005 1
vn -0.1779 -0.984 0.003754
vn -0.1778 -0.9824 -0.05695
vn -0.1778 -0.9824 -0.05695
vn -0.1778 -0.9824 -0.05695
vn -0.1778 -0.9824 -0.05695
vn 0.004434 0.003059 1
vn -0.1779 -0.9829 -0.04748
vn -0.1778 -0.9829 -0.04748
vn -0.1778 -0.9829 -0.04748
vn -0.04443 -0.2253 -0.9733
vn -0.04445 -0.2251 -0.9733
vn -0.04438 -0.2252 -0.9733
vn -0.0444 -0.2249 -0.9734
vn -0.1776 -0.9807 -0.08175
vn -0.9843 0.1762 0.003375
vn -0.1776 -0.9807 -0.08175
vn 0.9844 -0.1761 -0.002981
vn -0.1776 -0.9807 -0.08175
vn 0.9845 -0.1754 -0.003245
vn -0.1776 -0.9807 -0.08175
vn -0.9843 0.1764 0.003315
f 7//9 6//7 5//5
f 7//9 8//10 6//7
f 8//10 9//11 6//7
f 8//10 45//76 9//11
f 46//78 45//76 8//10
f 27//44 26//42 25//40
f 27//44 28//46 26//42
f 10//14 41//69 42//70
f 10//14 34//59 41//69
f 49//84 21//33 48//82
f 49//84 23//37 21//33
f 50//86 22//35 24//39
f 50//86 47//80 22//35
f 44//73 9//12 45//74
f 44//73 43//72 9//12
f 49//83 47//79 50//85
f 49//83 48//81 47//79
f 11//17 45//75 46//77
f 11//17 13//22 45//75
f 12//20 37//65 19//30
f 12//20 42//71 37//65
f 33//57 39//67 40//68
f 33//57 35//61 39//67
f 12//19 13//21 11//16
f 12//19 14//23 13//21
f 15//24 14//23 12//19
f 15//24 16//25 14//23
f 34//58 16//25 15//24
f 34//58 33//56 16//25
f 16//25 17//26 14//23
f 16//25 18//27 17//26
f 20//31 17//26 18//27
f 20//31 19//28 17//26
f 19//28 6//8 17//26
f 19//28 5//6 6//8
f 31//52 29//48 32//54
f 31//52 30//50 29//48
f 23//36 22//34 21//32
f 23//36 24//38 22//34
f 20//31 35//60 36//62
f 20//31 18//27 35//60
f 26//43 30//51 31//53
f 26//43 28//47 30//51
f 19//29 36//63 38//66
f 19//29 37//64 36//63
f 25//41 29//49 27//45
f 25//41 32//55 29//49
f 12//18 11//15 10//13
o object_88
v 0.7678 0.02636 4.443
v 0.8172 0.04577 4.436
v 0.7428 -0.01264 5.266
v 1.105 -0.08128 4.453
v 1.081 -0.0737 5.265
v 1.114 -0.007798 4.435
v 0.7413 -0.01391 4.864
v 0.7391 -0.01508 4.454
v 0.9061 -0.04215 5.266
v 0.9221 -0.04505 5.266
v 0.8071 -0.02426 5.266
v 0.7929 -0.02169 5.266
v 0.9041 -0.006745 4.729
v 0.9055 0.006914 4.441
v 0.8964 -0.0435 4.453
v 0.8976 -0.04267 4.729
v 1.005 -0.06201 4.729
v 1.011 -0.02608 4.729
v 1.003 -0.06284 4.453
v 1.012 -0.01243 4.441
v 1.015 -0.03855 4.863
v 1.011 -0.06264 4.863
v 0.8805 -0.01419 4.863
v 0.8762 -0.03828 4.863
v 0.8519 -0.009016 4.863
v 0.8475 -0.0331 4.864
v 0.9651 -0.02947 4.863
v 0.9607 -0.05356 4.863
v 1.069 -0.04823 4.863
v 1.065 -0.07232 4.863
vn -0.6991 0.7149 0.0129
vn 0.07141 0.9945 0.07637
vn -0.3793 0.9242 0.04462
vn 0.9943 -0.1023 0.03133
vn 0.9943 -0.1023 0.03133
vn -0.9832 0.1779 0.03996
vn 0.1775 0.9805 0.08489
vn 0.9943 -0.1023 0.03133
vn 0.1775 0.9805 0.08489
vn -0.826 0.5637 0.002004
vn -0.8221 0.5693 0.002778
vn 0.1775 0.9805 0.08489
vn -0.9748 0.1757 -0.1372
vn 0.1775 0.9805 0.08489
vn 0.9603 -0.1727 0.2193
vn 0.1775 0.9805 0.08489
vn 0.9695 -0.1746 0.1723
vn 0.1775 0.9805 0.08489
vn -0.9748 0.1757 -0.1373
vn 0.984 -0.1782 -0.003824
vn -0.004455 -0.003033 -1
vn 0.984 -0.1779 -0.00386
vn 0.984 -0.1782 -0.003824
vn 0.9839 -0.1785 -0.003787
vn -0.004455 -0.003033 -1
vn -0.004455 -0.003033 -1
vn -0.9839 0.1785 0.003788
vn -0.004455 -0.003033 -1
vn -0.9839 0.1785 0.00379
vn -0.9839 0.1785 0.00379
vn -0.9839 0.1784 0.003793
vn 0.9603 -0.1727 0.2193
vn 0.9603 -0.1727 0.2193
vn 0.9695 -0.1746 0.1723
vn 0.9695 -0.1746 0.1723
vn -0.9748 0.1757 -0.1373
vn -0.9748 0.1757 -0.1373
vn -0.9748 0.1757 -0.1372
vn -0.9748 0.1757 -0.1372
vn -0.9832 0.1779 0.03996
vn -0.9832 0.1779 0.03996
f 57//96 51//87 58//97
f 57//96 53//89 51//87
f 53//89 52//88 51//87
f 53//89 62//104 52//88
f 61//102 52//88 62//104
f 61//102 59//98 52//88
f 59//98 56//95 52//88
f 59//98 60//100 56//95
f 63//106 65//109 64//108
f 63//106 66//110 65//109
f 63//107 67//112 66//111
f 63//107 68//114 67//112
f 68//115 69//116 67//113
f 68//115 70//117 69//116
f 56//94 55//91 54//90
f 72//119 71//118 60//101
f 74//121 73//120 61//103
f 76//123 62//105 75//122
f 78//125 59//99 77//124
f 80//127 55//92 79//126
f 56//95 60//100 55//93
o object_87
v 0.7428 -0.01264 5.266
v 0.8228 -0.126 4.442
v 0.7559 -0.08145 4.454
v 0.7413 -0.01391 4.864
v 0.7391 -0.01508 4.454
v 0.8755 -0.1407 4.438
v 0.8951 -0.1367 4.499
v 0.9517 -0.131 4.604
v 1.081 -0.0737 5.265
v 1.097 -0.1548 4.436
v 1.003 -0.1477 4.504
v 1.021 -0.1552 4.436
v 1.009 -0.1552 4.436
v 1.105 -0.08128 4.453
v 0.9389 -0.161 4.495
v 0.9035 -0.1389 4.495
v 0.9525 -0.1337 4.583
v 0.9643 -0.1635 4.495
v 0.9954 -0.1486 4.494
v 0.8878 -0.1442 4.437
vn -0.4574 -0.8843 0.09428
vn -0.348 -0.9314 0.1069
vn -0.8835 -0.4678 0.02561
vn -0.9706 -0.2406 0.00507
vn -0.9694 -0.2453 0.005887
vn -0.2547 -0.9562 0.1441
vn -0.1963 -0.9712 0.135
vn -0.128 -0.9844 0.1204
vn -0.09784 -0.9893 0.1083
vn 0.9927 -0.1167 0.03142
vn 0.0008759 -0.9946 0.1039
vn 0.9927 -0.1167 0.03142
vn -0.03797 -0.9928 0.1137
vn 0.00576 -0.9938 0.1106
vn -0.006778 -0.994 0.1094
vn 0.9927 -0.1167 0.03142
vn -0.3034 -0.8962 0.3237
vn -0.2933 -0.9327 0.21
vn -0.09349 -0.9701 0.2241
vn 0.1632 -0.9282 0.3343
vn 0.1129 -0.973 0.2012
vn -0.2205 -0.9651 0.1411
f 83//130 84//131 85//132
f 83//130 81//128 84//131
f 82//129 81//128 83//130
f 82//129 87//134 81//128
f 86//133 87//134 82//129
f 86//133 100//149 87//134
f 88//135 81//128 87//134
f 88//135 89//136 81//128
f 91//140 89//136 88//135
f 91//140 90//138 89//136
f 92//141 90//138 91//140
f 97//146 88//135 87//134
f 97//146 91//140 88//135
f 99//148 91//140 97//146
f 99//148 93//142 91//140
f 97//146 98//147 99//148
f 97//146 95//144 98//147
f 96//145 95//144 97//146
f 87//134 96//145 97//146
f 87//134 100//149 96//145
f 91//140 93//142 92//141
f 94//143 89//137 90//139
o object_86
v 1.065 -0.07232 4.863
v 1.011 -0.06264 4.863
v 1.005 -0.06201 4.729
v 0.9607 -0.05356 4.863
v 0.8976 -0.04267 4.729
v 0.8762 -0.03828 4.863
v 0.7391 -0.01508 4.454
v 0.8964 -0.0435 4.453
v 0.7413 -0.01391 4.864
v 0.8475 -0.0331 4.864
v 0.9943 -0.1132 4.45
v 0.9954 -0.1486 4.494
v 1.009 -0.1552 4.436
v 0.8421 -0.06316 4.864
v 0.7929 -0.02169 5.266
v 0.7428 -0.01264 5.266
v 0.8071 -0.02426 5.266
v 0.9221 -0.04505 5.266
v 0.9061 -0.04215 5.266
v 1.081 -0.0737 5.265
v 1.006 -0.0927 4.863
v 1.059 -0.1024 4.863
v 0.8707 -0.06833 4.864
v 0.9553 -0.08361 4.863
v 1.105 -0.08128 4.453
v 1.003 -0.06284 4.453
v 0.9981 -0.09786 4.729
v 0.8911 -0.07853 4.729
v 0.8873 -0.09389 4.45
v 0.7559 -0.08145 4.454
v 0.8228 -0.126 4.442
v 0.8878 -0.1442 4.437
v 0.8755 -0.1407 4.438
v 0.9035 -0.1389 4.495
v 0.9389 -0.161 4.495
v 0.9643 -0.1635 4.495
v 1.097 -0.1548 4.436
v 1.021 -0.1552 4.436
vn 0.1779 0.984 -0.003753
vn 0.004396 0.003017 1
vn 0.1779 0.984 -0.00375
vn 0.1779 0.984 -0.003754
vn 0.1779 0.984 -0.003754
vn 0.1779 0.984 -0.003757
vn 0.1779 0.984 -0.003758
vn 0.1779 0.984 -0.003753
vn 0.1779 0.984 -0.003755
vn -0.004387 -0.003023 -1
vn 0.1779 0.984 -0.003754
vn -0.004387 -0.003023 -1
vn 0.1779 0.984 -0.003756
vn 0.3113 0.9501 -0.0215
vn 0.004395 0.003003 1
vn 0.1779 0.984 -0.003758
vn 0.1779 0.984 -0.003752
vn -0.943 -0.2717 -0.1922
vn 0.1774 0.9825 -0.05655
vn -0.1091 -0.7516 -0.6505
vn -0.02389 0.269 -0.9628
vn -0.943 -0.2717 -0.1922
vn -0.004406 -0.003075 -1
vn -0.08514 -0.781 -0.6188
vn -0.943 -0.2717 -0.1922
vn -0.001709 -0.429 -0.9033
vn 0.4387 0.8978 -0.03883
vn 0.004396 0.003017 1
vn 0.3113 0.9501 -0.0215
vn 0.1779 0.984 -0.00375
vn 0.1779 0.984 -0.003754
vn 0.1779 0.984 -0.003752
vn 0.177 0.981 -0.07939
vn 0.1779 0.984 -0.00375
vn 0.177 0.981 -0.07939
vn 0.1779 0.984 -0.003749
vn 0.177 0.981 -0.07939
vn 0.177 0.981 -0.07939
vn 0.1779 0.984 -0.003755
vn 0.177 0.981 -0.07939
vn 0.177 0.981 -0.07939
vn 0.004396 0.003032 1
vn 0.177 0.981 -0.07939
vn 0.177 0.981 -0.07939
vn 0.1779 0.984 -0.003756
vn -0.04188 0.2278 -0.9728
vn 0.1779 0.984 -0.003757
vn 0.1774 0.9825 -0.05655
vn 0.1774 0.9825 -0.05655
vn 0.1774 0.9825 -0.05655
vn -0.009013 0.2546 -0.967
vn 0.9603 0.08281 -0.2663
vn -0.1329 -0.7205 -0.6806
vn -0.00463 0.1228 -0.9924
vn -0.0396 0.1593 -0.9864
vn -0.05708 0.1146 -0.9918
vn 0.9603 0.08281 -0.2663
vn -0.09952 -0.03618 -0.9944
vn -0.004406 -0.003073 -1
vn 0.9603 0.08281 -0.2663
vn -0.1091 -0.7516 -0.6505
vn -0.004406 -0.003075 -1
vn -0.004405 -0.003077 -1
vn -0.01913 -0.1704 -0.9852
vn 0.003359 -0.9326 -0.3609
f 109//162 108//160 107//158
f 109//162 105//155 108//160
f 110//165 105//155 109//162
f 110//165 106//156 105//155
f 104//154 105//155 106//156
f 104//154 103//153 105//155
f 102//152 103//153 104//154
f 102//152 101//150 103//153
f 104//154 118//183 102//152
f 104//154 119//185 118//183
f 134//210 111//169 112//173
f 134//210 129//202 111//169
f 137//213 111//170 125//195
f 137//213 113//175 111//170
f 138//214 113//175 137//213
f 114//177 101//151 109//164
f 114//177 122//191 101//151
f 135//211 112//172 136//212
f 135//211 134//208 112//172
f 103//153 125//194 126//196
f 103//153 101//150 125//194
f 119//186 123//192 117//182
f 119//186 124//193 123//192
f 110//166 117//181 106//157
f 110//166 115//179 117//181
f 131//204 132//205 133//207
f 131//204 129//200 132//205
f 130//203 129//200 131//204
f 115//178 109//163 116//180
f 115//178 114//176 109//163
f 121//189 120//187 122//190
f 121//189 118//184 120//187
f 127//197 129//199 128//198
f 127//197 111//168 129//199
f 113//174 112//171 111//167
f 120//188 125//194 101//150
f 129//201 134//209 132//206
f 108//161 130//203 107//159
o object_85
v 0.9943 -0.1132 4.45
v 1.105 -0.08128 4.453
v 1.003 -0.06284 4.453
v 0.9981 -0.09786 4.729
v 1.005 -0.06201 4.729
v 0.8976 -0.04267 4.729
v 0.8911 -0.07853 4.729
v 0.8964 -0.0435 4.453
v 0.8873 -0.09389 4.45
v 0.8762 -0.03828 4.863
v 0.8707 -0.06833 4.864
v 0.8071 -0.02426 5.266
v 1.011 -0.06264 4.863
v 1.006 -0.0927 4.863
v 0.9221 -0.04505 5.266
v 1.059 -0.1024 4.863
v 1.065 -0.07232 4.863
v 1.081 -0.0737 5.265
v 0.9553 -0.08361 4.863
v 0.9607 -0.05356 4.863
v 0.9061 -0.04215 5.266
v 0.7929 -0.02169 5.266
v 0.8421 -0.06316 4.864
v 0.8475 -0.0331 4.864
v 0.7559 -0.08145 4.454
vn 0.006989 0.05988 -0.9982
vn -0.984 0.1779 0.003788
vn 0.006989 0.05988 -0.9982
vn 0.006989 0.05988 -0.9982
vn -0.984 0.1779 0.003789
vn -0.984 0.1779 0.003789
vn -0.004398 -0.003026 -1
vn -0.984 0.1779 0.003789
vn -0.004398 -0.003026 -1
vn -0.004398 -0.003026 -1
vn 0.984 -0.1779 -0.00379
vn -0.004398 -0.003026 -1
vn 0.984 -0.1779 -0.003789
vn 0.984 -0.1779 -0.003789
vn -0.02282 0.06526 -0.9976
vn 0.984 -0.1779 -0.003789
vn -0.02282 0.06526 -0.9976
vn 0.9695 -0.1746 0.1723
vn 0.9695 -0.1746 0.1723
vn 0.9695 -0.1746 0.1723
vn 0.9603 -0.1727 0.2193
vn 0.9603 -0.1727 0.2193
vn 0.9603 -0.1727 0.2193
vn -0.9832 0.1779 0.03996
vn -0.9832 0.1779 0.03996
vn -0.9832 0.1779 0.03996
vn -0.9748 0.1757 -0.1372
vn -0.9748 0.1757 -0.1372
vn -0.9748 0.1757 -0.1372
vn -0.9748 0.1757 -0.1373
vn -0.9748 0.1757 -0.1373
vn -0.9748 0.1757 -0.1373
vn -0.02282 0.06526 -0.9976
f 143//223 145//226 144//224
f 143//223 142//221 145//226
f 141//219 142//220 143//222
f 141//219 139//216 142//220
f 145//227 146//228 144//225
f 145//227 147//230 146//228
f 141//218 140//217 139//215
f 150//234 149//233 148//232
f 153//237 152//236 151//235
f 156//240 155//239 154//238
f 159//243 158//242 157//241
f 162//246 161//245 160//244
f 146//229 147//231 163//247
o object_84
v -0.6227 -0.009242 4.46
v -0.6511 0.03244 4.449
v -0.7802 -0.03632 4.461
v -0.7004 0.05227 4.443
v -0.789 0.01418 4.449
v -0.9576 -0.06496 5.274
v -0.945 -0.06371 4.871
v -0.9896 -0.07231 4.462
v -0.8874 -0.05474 4.461
v -0.8862 -0.0539 4.737
v -0.8913 -0.05449 4.871
v -0.841 -0.04584 4.871
v -0.779 -0.03548 4.737
v -0.7563 -0.03128 4.871
v -0.6213 -0.008071 4.87
v -0.7277 -0.02635 4.87
v -0.7908 0.02452 4.446
v -0.7923 0.03139 4.366
v -0.7541 0.03082 4.446
v -0.7557 0.03768 4.366
v -0.9346 -0.0002074 4.447
v -0.9362 0.006662 4.367
v -0.8979 0.006096 4.447
v -0.8995 0.01297 4.367
v -0.9301 -0.02835 4.367
v -0.9285 -0.03554 4.455
v -0.8918 -0.02924 4.455
v -0.8935 -0.02205 4.367
v -0.7988 -0.03768 5.273
v -0.7828 -0.03491 5.273
v -0.6836 -0.01787 5.273
v -0.6694 -0.01542 5.273
v -0.7318 -0.002228 4.87
v -0.6192 -0.0068 5.272
v -0.7605 -0.007157 4.871
v -0.8452 -0.02172 4.871
v -0.8955 -0.03037 4.871
v -0.9491 -0.03958 4.871
v -0.8961 -0.004247 4.449
v -0.8924 -0.01792 4.737
v -0.7852 0.0004945 4.736
v -0.9972 0.001248 4.444
v -0.7481 -0.00453 4.454
v -0.7498 0.002648 4.366
v -0.7864 -0.003654 4.367
v -0.7847 -0.01083 4.455
vn 0.034 -0.2256 -0.9736
vn 0.1694 -0.9855 0.002233
vn 0.03401 -0.2256 -0.9736
vn 0.03404 -0.2256 -0.9736
vn 0.1694 -0.9855 0.002234
vn 0.03403 -0.2255 -0.9736
vn 0.03406 -0.2256 -0.9736
vn 0.169 -0.9844 -0.049
vn 0.1694 -0.9855 0.002232
vn 0.1689 -0.9839 -0.05847
vn 0.1694 -0.9855 0.002232
vn 0.1694 -0.9855 0.002233
vn 0.004369 0.003021 1
vn 0.1694 -0.9855 0.002232
vn 0.1694 -0.9855 0.002233
vn 0.03397 -0.2256 -0.9736
vn 0.1694 -0.9855 0.002234
vn 0.03401 -0.2257 -0.9736
vn 0.1694 -0.9855 0.002232
vn 0.1694 -0.9855 0.002232
vn 0.1694 -0.9855 0.002233
vn 0.1694 -0.9855 0.002231
vn 0.1694 -0.9855 0.002232
vn 0.1694 -0.9855 0.002231
vn 0.05865 -0.9982 -0.01122
vn 0.004383 0.002972 1
vn 0.1694 -0.9855 0.002233
vn -0.1683 0.9818 0.08784
vn -0.986 -0.1669 0.005392
vn -0.1683 0.9818 0.08784
vn -0.9861 -0.1662 0.005131
vn -0.1683 0.9818 0.08784
vn 0.9858 0.1679 -0.005318
vn -0.1683 0.9818 0.08784
vn 0.9858 0.1681 -0.005382
vn -0.1684 0.9818 0.08784
vn -0.9854 -0.1701 0.004703
vn -0.1684 0.9818 0.08784
vn -0.9854 -0.1702 0.00477
vn -0.1684 0.9818 0.08784
vn 0.9855 0.1696 -0.004835
vn -0.1684 0.9818 0.08784
vn 0.9855 0.1697 -0.004892
vn 0.1684 -0.9822 -0.08326
vn -0.9854 -0.1701 0.004703
vn 0.1684 -0.9822 -0.08326
vn -0.9855 -0.1699 0.004636
vn 0.1684 -0.9822 -0.08326
vn 0.9855 0.1694 -0.004779
vn 0.1684 -0.9822 -0.08325
vn 0.9855 0.1696 -0.004835
vn 0.1694 -0.9855 0.002236
vn 0.1689 -0.9839 -0.05847
vn 0.1694 -0.9855 0.002239
vn 0.1689 -0.9839 -0.05847
vn 0.1694 -0.9855 0.002236
vn 0.1689 -0.9839 -0.05847
vn 0.1694 -0.9855 0.002237
vn 0.05865 -0.9982 -0.01122
vn -0.05289 -0.9983 -0.02454
vn 0.004369 0.003021 1
vn 0.1694 -0.9855 0.002233
vn 0.1689 -0.9839 -0.05847
vn 0.1689 -0.9839 -0.05847
vn 0.1689 -0.9839 -0.05847
vn 0.1689 -0.9839 -0.05847
vn 0.004355 0.00307 1
vn 0.169 -0.9844 -0.049
vn 0.03397 -0.2256 -0.9736
vn 0.03399 -0.2254 -0.9737
vn 0.169 -0.9844 -0.049
vn 0.169 -0.9844 -0.049
vn 0.03393 -0.2256 -0.9736
vn 0.03395 -0.2253 -0.9737
vn 0.1684 -0.9822 -0.08326
vn 0.9858 0.1678 -0.005254
vn 0.1684 -0.9822 -0.08326
vn 0.9858 0.1679 -0.005318
vn 0.1684 -0.9822 -0.08326
vn -0.986 -0.1669 0.005392
vn 0.1685 -0.9822 -0.08327
vn -0.9858 -0.1677 0.005652
f 166//251 165//250 164//248
f 166//251 167//253 165//250
f 168//254 167//253 166//251
f 168//254 202//317 167//253
f 181//277 182//279 183//281
f 181//277 180//275 182//279
f 168//255 203//318 202//315
f 168//255 204//319 203//318
f 170//260 196//308 201//314
f 170//260 178//273 196//308
f 207//325 182//280 206//323
f 207//325 183//282 182//280
f 180//276 208//327 209//329
f 180//276 181//278 208//327
f 208//326 206//322 209//328
f 208//326 207//324 206//322
f 171//263 202//316 172//265
f 171//263 205//320 202//316
f 185//285 186//287 187//289
f 185//285 184//283 186//287
f 188//291 190//295 189//293
f 188//291 191//297 190//295
f 200//312 169//257 201//313
f 200//312 192//300 169//257
f 186//288 191//298 187//290
f 186//288 190//296 191//298
f 172//264 170//259 171//262
f 172//264 173//266 170//259
f 173//266 174//267 170//259
f 173//266 175//268 174//267
f 176//269 175//268 173//266
f 176//269 177//270 175//268
f 179//274 177//270 176//269
f 179//274 194//303 177//270
f 195//305 194//303 179//274
f 176//269 178//271 179//274
f 176//269 166//252 178//271
f 193//302 198//310 194//304
f 193//302 199//311 198//310
f 192//299 175//268 193//301
f 192//299 174//267 175//268
f 178//272 195//306 196//307
f 178//272 197//309 195//306
f 188//292 184//284 185//286
f 188//292 189//294 184//284
f 171//261 170//258 169//256
f 178//271 166//252 164//249
f 205//321 167//253 202//317
o object_83
v -0.6511 0.03244 4.449
v -0.6192 -0.0068 5.272
v -0.7004 0.05227 4.443
v -0.9896 -0.07231 4.462
v -0.9972 0.001248 4.444
v -0.9576 -0.06496 5.274
v -0.6213 -0.008071 4.87
v -0.6227 -0.009242 4.46
v -0.7828 -0.03491 5.273
v -0.7988 -0.03768 5.273
v -0.6836 -0.01787 5.273
v -0.6694 -0.01542 5.273
v -0.7852 0.0004945 4.736
v -0.779 -0.03548 4.737
v -0.7802 -0.03632 4.461
v -0.789 0.01418 4.449
v -0.8924 -0.01792 4.737
v -0.8862 -0.0539 4.737
v -0.8874 -0.05474 4.461
v -0.8961 -0.004247 4.449
v -0.8913 -0.05449 4.871
v -0.8955 -0.03037 4.871
v -0.7563 -0.03128 4.871
v -0.7605 -0.007157 4.871
v -0.7318 -0.002228 4.87
v -0.7277 -0.02635 4.87
v -0.8452 -0.02172 4.871
v -0.841 -0.04584 4.871
v -0.9491 -0.03958 4.871
v -0.945 -0.06371 4.871
vn 0.7053 0.7089 0.006742
vn 0.3876 0.9209 0.04126
vn -0.06222 0.9951 0.07695
vn -0.9948 -0.09374 0.04005
vn -0.9948 -0.09374 0.04005
vn -0.1684 0.9819 0.0864
vn -0.9948 -0.09374 0.04005
vn 0.985 0.1694 0.03134
vn -0.1684 0.9819 0.08641
vn 0.8308 0.5566 -0.005257
vn 0.827 0.5622 -0.004448
vn -0.1684 0.9819 0.0864
vn 0.9751 0.1673 -0.1458
vn -0.1684 0.9819 0.0864
vn -0.9597 -0.1645 0.2277
vn -0.1684 0.9819 0.0864
vn -0.9694 -0.1663 0.1808
vn -0.1684 0.9819 0.08641
vn 0.9751 0.1673 -0.1458
vn -0.9855 -0.1698 0.004807
vn -0.004333 -0.003027 -1
vn -0.9854 -0.1701 0.004847
vn -0.004333 -0.003027 -1
vn -0.9855 -0.1698 0.004807
vn -0.9855 -0.1695 0.004768
vn -0.004333 -0.003027 -1
vn 0.9854 0.17 -0.004844
vn -0.004333 -0.003027 -1
vn 0.9854 0.17 -0.004847
vn 0.9854 0.17 -0.004844
vn 0.9854 0.17 -0.004841
vn -0.9597 -0.1645 0.2277
vn -0.9597 -0.1645 0.2277
vn -0.9694 -0.1663 0.1808
vn -0.9694 -0.1663 0.1808
vn 0.9751 0.1673 -0.1458
vn 0.9751 0.1673 -0.1458
vn 0.9751 0.1673 -0.1458
vn 0.9751 0.1673 -0.1458
vn 0.985 0.1694 0.03134
vn 0.985 0.1694 0.03134
f 210//330 216//339 217//340
f 210//330 211//331 216//339
f 212//332 211//331 210//330
f 212//332 221//347 211//331
f 220//345 221//347 212//332
f 212//332 218//341 220//345
f 212//332 214//335 218//341
f 214//335 219//343 218//341
f 214//335 215//338 219//343
f 222//349 224//353 223//351
f 222//349 225//354 224//353
f 222//350 227//357 226//355
f 222//350 223//352 227//357
f 226//356 228//359 229//360
f 226//356 227//358 228//359
f 215//336 214//334 213//333
f 231//362 230//361 219//344
f 233//364 232//363 220//346
f 221//348 235//366 234//365
f 218//342 237//368 236//367
f 215//337 239//370 238//369
o object_82
v -0.6192 -0.0068 5.272
v -0.6401 -0.07546 4.46
v -0.7074 -0.1194 4.449
v -0.6213 -0.008071 4.87
v -0.6227 -0.009242 4.46
v -0.7603 -0.1337 4.445
v -0.7793 -0.1295 4.506
v -0.8349 -0.1233 4.612
v -0.9576 -0.06496 5.274
v -0.8869 -0.1396 4.512
v -0.9822 -0.1459 4.445
v -0.9062 -0.1469 4.444
v -0.8941 -0.1471 4.444
v -0.8787 -0.1052 4.458
v -0.8874 -0.05474 4.461
v -0.9896 -0.07231 4.462
v -0.88 -0.08981 4.737
v -0.8862 -0.0539 4.737
v -0.779 -0.03548 4.737
v -0.7728 -0.0714 4.737
v -0.7716 -0.08679 4.458
v -0.7802 -0.03632 4.461
v -0.7563 -0.03128 4.871
v -0.6836 -0.01787 5.273
v -0.7512 -0.06138 4.871
v -0.8913 -0.05449 4.871
v -0.7988 -0.03768 5.273
v -0.8862 -0.08459 4.871
v -0.9398 -0.09381 4.872
v -0.945 -0.06371 4.871
v -0.8359 -0.07594 4.871
v -0.7828 -0.03491 5.273
v -0.841 -0.04584 4.871
v -0.6694 -0.01542 5.273
v -0.7277 -0.02635 4.87
v -0.7225 -0.05645 4.871
v -0.8234 -0.1535 4.502
v -0.836 -0.126 4.591
v -0.7878 -0.1317 4.502
v -0.8487 -0.1557 4.503
v -0.8797 -0.1406 4.503
v -0.7727 -0.137 4.444
vn 0.4506 -0.8882 0.0903
vn 0.8796 -0.4754 0.01788
vn 0.01464 0.06511 -0.9978
vn 0.3409 -0.9343 0.1039
vn 0.9685 -0.2489 -0.003428
vn 0.9673 -0.2536 -0.0026
vn 0.2478 -0.9584 0.1419
vn 0.1892 -0.9729 0.1333
vn 0.1206 -0.9855 0.1193
vn 0.0903 -0.9901 0.1074
vn 0.985 0.1694 0.03134
vn 0.03047 -0.9931 0.1134
vn -0.008484 -0.9946 0.1039
vn -0.01332 -0.9938 0.1107
vn -0.0007843 -0.994 0.1094
vn -0.01523 0.06 -0.9981
vn 0.9855 0.1694 -0.004843
vn -0.01523 0.06 -0.9981
vn 0.9855 0.1694 -0.004843
vn -0.01523 0.06 -0.9981
vn 0.9855 0.1694 -0.004843
vn -0.004392 -0.003011 -1
vn 0.9855 0.1694 -0.004842
vn -0.004392 -0.003011 -1
vn -0.004392 -0.003011 -1
vn -0.9855 -0.1694 0.004846
vn -0.004392 -0.003011 -1
vn -0.9855 -0.1694 0.004845
vn -0.9855 -0.1694 0.004844
vn 0.01464 0.06511 -0.9978
vn -0.9855 -0.1694 0.004845
vn 0.01464 0.06511 -0.9978
vn -0.9694 -0.1662 0.1808
vn -0.9694 -0.1662 0.1808
vn -0.9694 -0.1662 0.1808
vn -0.9597 -0.1645 0.2277
vn -0.9597 -0.1645 0.2277
vn -0.9597 -0.1645 0.2277
vn 0.985 0.1694 0.03134
vn 0.985 0.1694 0.03134
vn 0.9751 0.1673 -0.1458
vn 0.9751 0.1673 -0.1458
vn 0.9751 0.1673 -0.1458
vn 0.9751 0.1673 -0.1458
vn 0.9751 0.1673 -0.1458
vn 0.9751 0.1673 -0.1458
vn 0.2985 -0.8988 0.321
vn 0.08715 -0.9708 0.2234
vn 0.2871 -0.9352 0.2075
vn -0.1682 -0.9268 0.3357
vn -0.1195 -0.972 0.2022
vn 0.2135 -0.967 0.1392
f 261//401 259//398 258//396
f 261//401 260//399 259//398
f 243//375 241//372 244//376
f 243//375 240//371 241//372
f 240//371 242//374 241//372
f 240//371 246//378 242//374
f 247//379 246//378 240//371
f 247//379 277//418 246//378
f 249//382 277//418 247//379
f 249//382 280//421 277//418
f 252//385 280//421 249//382
f 248//380 247//379 240//371
f 248//380 249//382 247//379
f 250//383 249//382 248//380
f 250//383 251//384 249//382
f 254//389 256//391 253//387
f 254//389 257//393 256//391
f 257//394 259//397 256//392
f 257//394 258//395 259//397
f 246//378 245//377 242//374
f 246//378 281//422 245//377
f 278//419 281//422 246//378
f 277//418 278//419 246//378
f 277//418 276//417 278//419
f 279//420 276//417 277//418
f 252//385 249//382 251//384
f 255//390 254//388 253//386
f 264//405 263//404 262//403
f 267//408 266//407 265//406
f 269//410 248//381 268//409
f 272//413 271//412 270//411
f 275//416 274//415 273//414
f 279//420 277//418 280//421
f 260//400 261//402 241//373
o object_81
v -0.945 -0.06371 4.871
v -0.8862 -0.0539 4.737
v -0.8913 -0.05449 4.871
v -0.841 -0.04584 4.871
v -0.779 -0.03548 4.737
v -0.7563 -0.03128 4.871
v -0.6227 -0.009242 4.46
v -0.6213 -0.008071 4.87
v -0.7802 -0.03632 4.461
v -0.7277 -0.02635 4.87
v -0.8787 -0.1052 4.458
v -0.8941 -0.1471 4.444
v -0.8797 -0.1406 4.503
v -0.7225 -0.05645 4.871
v -0.6694 -0.01542 5.273
v -0.6192 -0.0068 5.272
v -0.6836 -0.01787 5.273
v -0.7828 -0.03491 5.273
v -0.7988 -0.03768 5.273
v -0.9576 -0.06496 5.274
v -0.8862 -0.08459 4.871
v -0.9398 -0.09381 4.872
v -0.7512 -0.06138 4.871
v -0.8359 -0.07594 4.871
v -0.9896 -0.07231 4.462
v -0.8874 -0.05474 4.461
v -0.7728 -0.0714 4.737
v -0.88 -0.08981 4.737
v -0.7716 -0.08679 4.458
v -0.6401 -0.07546 4.46
v -0.7074 -0.1194 4.449
v -0.7727 -0.137 4.444
v -0.7603 -0.1337 4.445
v -0.7878 -0.1317 4.502
v -0.8234 -0.1535 4.502
v -0.8487 -0.1557 4.503
v -0.9822 -0.1459 4.445
v -0.9062 -0.1469 4.444
vn -0.1694 0.9855 -0.002232
vn 0.004391 0.003039 1
vn -0.1694 0.9855 -0.002232
vn -0.1694 0.9855 -0.002231
vn -0.1694 0.9855 -0.002231
vn -0.1694 0.9855 -0.002232
vn -0.1695 0.9855 -0.002228
vn -0.1694 0.9855 -0.002233
vn -0.0044 -0.00303 -1
vn -0.1694 0.9855 -0.002235
vn -0.3033 0.9527 -0.01881
vn 0.004392 0.003031 1
vn -0.1694 0.9855 -0.002234
vn -0.0044 -0.00303 -1
vn -0.1695 0.9855 -0.00223
vn 0.9389 -0.2798 -0.2005
vn -0.1694 0.984 -0.05503
vn 0.09698 -0.7525 -0.6514
vn 0.01774 0.2688 -0.963
vn 0.9389 -0.2798 -0.2005
vn -0.01421 -0.869 -0.4946
vn 0.9389 -0.2798 -0.2005
vn -0.004415 -0.003097 -1
vn 0.07303 -0.7816 -0.6195
vn -0.4313 0.9015 -0.03502
vn 0.004391 0.003039 1
vn -0.3033 0.9527 -0.01881
vn -0.1695 0.9855 -0.002228
vn -0.1694 0.9855 -0.002233
vn -0.1695 0.9855 -0.002229
vn -0.1693 0.9825 -0.07787
vn -0.1695 0.9855 -0.002232
vn -0.1693 0.9825 -0.07787
vn -0.1694 0.9855 -0.002233
vn -0.1693 0.9825 -0.07787
vn -0.1693 0.9825 -0.07787
vn -0.1694 0.9855 -0.002232
vn -0.1693 0.9825 -0.07787
vn -0.1693 0.9825 -0.07787
vn 0.004391 0.003048 1
vn -0.1693 0.9825 -0.07787
vn -0.1693 0.9825 -0.07787
vn -0.1694 0.9855 -0.002233
vn 0.03529 0.2275 -0.9731
vn -0.1694 0.9855 -0.002235
vn -0.1694 0.984 -0.05503
vn -0.1694 0.984 -0.05503
vn -0.1694 0.984 -0.05503
vn 0.00272 0.2546 -0.967
vn -0.9619 0.09105 -0.2578
vn 0.1207 -0.7216 -0.6817
vn -0.001577 0.2467 -0.9691
vn -0.0044 -0.00303 -1
vn 0.0967 -0.103 -0.99
vn 0.2667 -0.8504 -0.4536
vn -0.9619 0.09105 -0.2578
vn 0.1084 -0.6304 0.7687
vn -0.004387 -0.002974 -1
vn -0.9619 0.09105 -0.2578
vn 0.09698 -0.7525 -0.6514
vn -0.004415 -0.003097 -1
vn -0.004443 -0.00322 -1
vn 0.02508 -0.1037 -0.9943
vn -0.005874 -0.6594 0.7518
f 290//435 289//432 288//430
f 290//435 286//428 289//432
f 286//428 291//437 289//432
f 286//428 287//429 291//437
f 285//427 287//429 286//428
f 283//425 285//427 286//428
f 283//425 284//426 285//427
f 282//423 284//426 283//425
f 300//456 285//427 284//426
f 300//456 299//454 285//427
f 292//440 315//482 294//446
f 292//440 310//473 315//482
f 292//441 318//485 306//466
f 292//441 293//443 318//485
f 294//445 316//483 317//484
f 294//445 315//480 316//483
f 310//470 309//469 308//468
f 310//470 292//439 309//469
f 306//465 283//425 307//467
f 306//465 282//423 283//425
f 301//459 282//423 306//465
f 304//463 299//455 298//453
f 304//463 305//464 299//455
f 291//437 298//452 296//450
f 291//437 287//429 298//452
f 313//477 312//476 314//479
f 313//477 310//471 312//476
f 289//433 296//449 297//451
f 289//433 295//447 296//449
f 302//460 301//458 300//457
f 302//460 303//461 301//458
f 295//448 282//424 303//462
f 295//448 289//434 282//424
f 294//444 293//442 292//438
f 312//476 310//471 311//474
f 315//481 310//472 313//478
f 319//486 318//485 293//443
f 311//475 290//436 288//431
o object_80
v -2.704 -0.4576 5.018
v -2.709 -0.4079 5.018
v -2.702 -0.4568 5.244
v -2.709 -0.4072 5.244
v -2.602 -0.4264 5.373
v -2.606 -0.3983 5.373
v -2.503 -0.3892 5.502
v -1.012 -0.06047 3.128
v -1.006 -0.08873 3.593
v -1.011 -0.02622 3.593
v -0.997 -0.1145 4.891
v -1.004 -0.03397 4.89
v -0.9977 -0.1164 4.242
v -1.007 -0.01396 4.242
v -1.003 -0.04793 5.192
v -1.001 -0.07691 5.495
v -0.9982 -0.1033 5.193
v -2.708 -0.4335 4.606
v -2.71 -0.4181 4.791
v -2.706 -0.4507 4.791
vn -0.9932 -0.1162 0.007149
vn 0.1923 -0.9813 -0.00902
vn -0.9919 -0.1268 0.005061
vn -0.2378 0.9711 -0.02119
vn -0.9907 -0.1362 0.004834
vn 0.2021 -0.9787 0.0371
vn -0.7733 -0.1208 0.6224
vn -0.9877 -0.1562 0.0004183
vn -0.2104 0.9767 0.04212
vn -0.7734 -0.1142 0.6235
vn -0.7733 -0.112 0.6241
vn 0.2045 -0.9743 0.0947
vn -0.7733 -0.1075 0.6249
vn -0.2024 0.9748 0.09377
vn -0.7731 -0.1075 0.6251
vn -0.2024 0.9748 0.0938
vn 0.2026 -0.9714 0.1241
vn 0.9967 0.08144 -0.007143
vn -0.276 0.9582 -0.07564
vn 0.151 -0.9855 -0.07744
vn 0.9965 0.08337 -0.008285
vn 0.1721 -0.9837 -0.05304
vn 0.9966 0.08144 -0.007832
vn -0.2527 0.9666 -0.04366
vn 0.9963 0.08597 -0.0002729
vn 0.1996 -0.9798 0.01389
vn 0.9964 0.0849 -0.0006367
vn -0.206 0.9778 0.03853
vn 0.9962 0.08682 -0.004038
vn 0.1859 -0.9823 -0.02448
vn 0.9963 0.08531 -0.006419
vn -0.2223 0.975 0.003771
vn -0.2029 0.9758 0.08199
vn 0.9968 0.0804 0.001649
vn -0.2022 0.9748 0.09433
vn 0.9968 0.08041 0.003755
vn 0.2044 -0.9731 0.1059
vn 0.9966 0.08226 0.001377
vn 0.205 -0.9766 0.06561
vn -0.2808 0.9563 -0.08093
vn -0.9929 -0.1187 0.003769
vn 0.1358 -0.9864 -0.09308
vn -0.2687 0.961 -0.06505
vn -0.9929 -0.1187 0.004646
vn -0.993 -0.1179 0.004781
vn 0.1656 -0.9845 -0.05778
f 321//489 322//491 323//494
f 321//489 320//487 322//491
f 339//531 320//487 321//489
f 338//530 339//531 321//489
f 338//530 337//527 339//531
f 329//509 328//507 327//504
f 329//509 333//517 328//507
f 333//517 332//515 328//507
f 333//517 331//513 332//515
f 331//513 330//511 332//515
f 331//513 336//524 330//511
f 334//520 336//524 331//513
f 334//520 335//522 336//524
f 324//498 335//523 326//503
f 324//498 336//525 335//523
f 322//492 336//525 324//498
f 322//492 330//512 336//525
f 320//488 330//512 322//492
f 320//488 332//516 330//512
f 339//532 332//516 320//488
f 339//532 328//508 332//516
f 327//506 328//508 339//532
f 338//529 327//505 337//526
f 338//529 329//510 327//505
f 321//490 329//510 338//529
f 321//490 333//518 329//510
f 323//495 333//518 321//490
f 323//495 331//514 333//518
f 334//519 331//514 323//495
f 325//500 334//519 323//495
f 325//500 326//502 334//519
f 325//499 324//497 326//501
f 325//499 323//496 324//497
f 335//521 334//519 326//502
f 337//528 327//506 339//532
f 324//497 323//496 322//493
o object_8
v -4.649 0.01646 2.093
v -4.639 -0.1147 -0.2712
v -4.628 0.01638 2.093
v -4.66 -0.1146 -0.2711
vn -0.004022 -0.9985 0.05537
vn -0.004022 -0.9985 0.05537
vn -0.004025 -0.9985 0.05537
vn -0.004019 -0.9985 0.05537
f 340//533 341//534 342//535
f 340//533 343//536 341//534
o object_79
v 2.821 -0.4813 4.993
v 2.821 -0.4804 5.22
v 2.827 -0.4316 4.993
v 2.829 -0.4309 5.22
v 2.723 -0.4492 5.35
v 2.625 -0.4112 5.48
v 2.727 -0.4211 5.35
v 1.116 -0.06959 3.118
v 1.12 -0.03536 3.584
v 1.114 -0.09782 3.584
v 1.116 -0.1235 4.881
v 1.111 -0.1255 4.233
v 1.124 -0.04309 4.881
v 1.121 -0.02308 4.232
v 1.125 -0.05705 5.183
v 1.126 -0.08603 5.485
v 1.12 -0.1124 5.183
v 2.825 -0.4419 4.767
v 2.822 -0.4572 4.582
v 2.821 -0.4743 4.767
vn 0.9922 -0.1247 -0.001554
vn -0.2007 -0.9796 -0.007298
vn 0.9895 -0.1447 -0.00385
vn -0.2102 -0.9769 0.03891
vn 0.7776 -0.1275 0.6156
vn 0.9908 -0.1353 -0.003632
vn 0.2459 0.969 -0.02331
vn 0.9863 -0.1647 -0.008239
vn 0.2191 0.9749 0.04024
vn 0.7778 -0.1209 0.6167
vn 0.7778 -0.1186 0.6173
vn -0.212 -0.9725 0.09652
vn 0.7776 -0.1142 0.6183
vn 0.2115 0.973 0.09199
vn -0.2099 -0.9696 0.1259
vn 0.7778 -0.1142 0.6181
vn 0.2116 0.973 0.09196
vn -0.9959 0.08998 0.001588
vn 0.2835 0.9558 -0.07809
vn -0.1601 -0.9842 -0.07608
vn -0.9959 0.08998 0.0008994
vn 0.2605 0.9644 -0.04591
vn -0.9958 0.09191 0.0004455
vn -0.181 -0.9821 -0.05149
vn -0.9955 0.09449 0.008456
vn -0.2079 -0.978 0.01568
vn -0.9954 0.09535 0.004691
vn -0.1945 -0.9806 -0.02282
vn -0.9956 0.09342 0.008093
vn 0.2147 0.976 0.03669
vn -0.9956 0.09384 0.002311
vn 0.2307 0.973 0.001786
vn 0.212 0.974 0.08018
vn -0.996 0.08893 0.01038
vn 0.2114 0.973 0.09252
vn -0.996 0.08894 0.01249
vn -0.2118 -0.9714 0.1077
vn -0.9958 0.09079 0.01011
vn -0.2128 -0.9748 0.06744
vn 0.2763 0.9587 -0.06744
vn 0.9919 -0.1272 -0.004053
vn 0.2883 0.9539 -0.08341
vn 0.9919 -0.1272 -0.004929
vn -0.1451 -0.9851 -0.09184
vn 0.992 -0.1263 -0.003918
vn -0.1745 -0.983 -0.05629
f 345//539 346//542 347//544
f 345//539 344//537 346//542
f 363//581 346//542 344//537
f 363//581 361//577 346//542
f 362//579 361//577 363//581
f 353//559 352//557 351//554
f 353//559 357//567 352//557
f 355//563 357//567 353//559
f 355//563 356//565 357//567
f 354//561 356//565 355//563
f 354//561 360//574 356//565
f 360//574 358//570 356//565
f 360//574 359//572 358//570
f 359//573 348//548 349//551
f 359//573 360//575 348//548
f 360//575 345//540 348//548
f 360//575 354//562 345//540
f 354//562 344//538 345//540
f 354//562 355//564 344//538
f 355//564 363//582 344//538
f 355//564 353//560 363//582
f 351//556 363//582 353//560
f 351//556 362//580 363//582
f 351//555 361//576 362//578
f 351//555 352//558 361//576
f 352//558 346//543 361//576
f 352//558 357//568 346//543
f 357//568 347//545 346//543
f 357//568 356//566 347//545
f 358//569 347//545 356//566
f 358//569 350//553 347//545
f 349//550 350//553 358//569
f 348//547 350//552 349//549
f 348//547 347//546 350//552
f 345//541 347//546 348//547
f 358//569 359//571 349//550
o object_78
v -0.9924 0.06693 1.145
v -1.316 -0.03152 1.942
v -1.32 0.004685 1.205
v -0.9894 -0.04338 1.941
v -0.9931 -0.1119 1.156
v -3.427 0.04889 1.557
v -3.426 0.004516 1.95
v -3.427 0.009508 1.559
v -3.427 0.0292 1.558
v -1.319 -0.04658 1.21
v -3.431 0.04004 1.552
v -1.321 -0.004029 1.199
v -0.9914 0.05344 1.115
v -0.9917 -0.102 1.125
v -1.321 -0.03921 1.201
v -3.431 0.01777 1.554
vn -0.07125 0.993 0.09369
vn -0.2415 0.8823 -0.4039
vn 1 -0.004308 -0.004384
vn -0.07125 0.993 0.09369
vn -0.1147 -0.9919 0.05418
vn 0.02328 0.9965 0.08049
vn -0.017 -0.9996 0.02064
vn -0.178 0.9828 0.04903
vn 0.02911 0.9984 0.0489
vn -0.2298 0.6754 -0.7007
vn -0.03573 -0.9956 0.08703
vn 0.03646 0.9899 0.1371
vn 1 -0.004308 -0.004384
vn -0.1147 -0.9919 0.05418
vn -0.252 -0.8615 -0.4408
vn 1 -0.004308 -0.004384
vn -1 0.003019 0.002253
vn 0.02328 0.9965 0.08049
vn -0.1294 0.5269 -0.84
vn -0.8237 0.03369 0.5661
vn -1 0.003144 0.004505
vn 0.01742 0.9936 0.112
vn -0.02284 -0.9997 0.004008
vn -1 0.003019 0.002253
vn -0.02868 -0.9995 -0.01263
vn -0.1373 -0.686 -0.7146
vn -0.8007 0.03545 0.5981
vn -1 0.002895 0
vn -0.8125 0.03811 0.5817
vn -0.02284 -0.9997 0.004008
vn -0.1929 -0.981 0.02093
vn -0.1863 -0.7915 -0.582
vn -0.1309 0.5151 -0.8471
vn -0.8184 0.03943 0.5734
vn -0.1855 0.5311 -0.8267
vn -0.2785 0.7339 -0.6195
vn -0.2462 -0.9199 -0.3053
vn -0.1977 -0.7856 -0.5863
vn -0.1515 -0.5587 -0.8154
vn -0.8069 0.04031 0.5894
f 365//586 364//583 366//590
f 365//586 367//594 364//583
f 371//606 369//599 372//610
f 371//606 370//603 369//599
f 369//601 375//617 374//615
f 369//601 366//592 375//617
f 366//592 376//618 375//617
f 366//592 364//584 376//618
f 374//616 372//611 369//602
f 374//616 379//622 372//611
f 373//612 370//605 371//607
f 373//612 365//589 370//605
f 369//600 365//588 366//591
f 369//600 370//604 365//588
f 365//587 368//596 367//593
f 365//587 373//613 368//596
f 368//597 378//620 377//619
f 368//597 373//614 378//620
f 371//608 378//620 373//614
f 371//608 379//621 378//620
f 379//622 371//609 372//611
f 368//598 364//585 367//595
o object_77
v 1.08 0.05805 1.136
v 1.408 -0.007003 1.193
v 1.411 -0.04321 1.93
v 1.083 -0.05226 1.932
v 1.08 -0.1207 1.147
v 3.519 0.01912 1.526
v 3.519 -0.0005685 1.528
v 3.518 -0.02026 1.529
v 3.52 -0.02525 1.92
v 1.407 -0.05826 1.199
v 3.522 0.01024 1.522
v 1.409 -0.01572 1.187
v 1.079 0.04456 1.106
v 1.078 -0.1109 1.116
v 1.408 -0.0509 1.189
v 3.522 -0.01203 1.524
vn 0.08058 0.9924 0.09303
vn 0.2455 0.8803 -0.406
vn -1 0.004269 0.004382
vn 0.1868 0.9813 0.04743
vn -0.02012 0.9986 0.04912
vn 0.2295 0.6734 -0.7027
vn 0.08058 0.9924 0.09303
vn 0.1067 -0.9929 0.05321
vn -0.01403 0.9966 0.08065
vn 0.008611 -0.9998 0.02053
vn 0.02796 -0.9958 0.08675
vn -0.02678 0.9902 0.1374
vn -1 0.004269 0.004382
vn 0.1067 -0.9929 0.05321
vn 0.2407 -0.8636 -0.4429
vn -1 0.004269 0.004382
vn 0.2324 0.05255 0.9712
vn -0.01403 0.9966 0.08065
vn 0.1265 0.5258 -0.8411
vn 0.829 0.02666 0.5587
vn -0.894 0.0294 0.447
vn 0.8181 0.03109 0.5743
vn 0.2324 0.05255 0.9712
vn 0.02 -0.9997 -0.01284
vn 0.1252 -0.6871 -0.7157
vn 0.8063 0.02846 0.5908
vn 1 -0.005441 -0.004261
vn -0.007918 0.9937 0.1121
vn 0.01431 -0.9999 0.003844
vn 0.01431 -0.9999 0.003844
vn 0.1846 -0.9826 0.01928
vn 0.1744 -0.7931 -0.5836
vn 0.1279 0.514 -0.8482
vn 0.8238 0.0324 0.5659
vn 0.1828 0.5296 -0.8283
vn 0.2793 0.7315 -0.622
vn 0.2356 -0.9219 -0.3074
vn 0.1858 -0.7873 -0.588
vn 0.1396 -0.56 -0.8166
vn 0.8125 0.0333 0.582
f 380//623 382//629 381//626
f 380//623 383//634 382//629
f 387//645 385//639 388//649
f 387//645 386//643 385//639
f 395//662 386//644 387//648
f 395//662 390//656 386//644
f 382//630 384//636 389//653
f 382//630 383//633 384//636
f 387//647 394//660 395//661
f 387//647 389//654 394//660
f 384//637 394//660 389//654
f 384//637 393//659 394//660
f 381//628 392//658 380//624
f 381//628 391//657 392//658
f 385//641 391//657 381//628
f 385//641 390//655 391//657
f 382//631 385//640 381//627
f 382//631 388//650 385//640
f 388//651 389//652 387//646
f 388//651 382//632 389//652
f 386//644 390//656 385//642
f 384//638 383//635 380//625
o object_76
v -1.346 -0.0145 -1.893
v -4.485 -0.008068 0.8085
v -1.346 -0.02628 -1.872
v -4.485 -0.02111 0.8417
v -4.451 0.03736 1.116
v -4.451 -0.01674 1.119
v -4.483 -0.01627 1.144
v -4.483 0.03715 1.141
v -1.346 -0.002502 -1.873
v -4.484 0.008565 0.84
v -1.341 0.05837 -1.123
v -4.426 0.03664 1.147
v -1.342 0.06265 -1.148
v -4.431 -0.01642 1.141
v -4.431 0.03954 1.139
v -1.343 -0.06299 -1.14
v -1.344 0.02161 -1.603
v -1.342 0.05634 -1.217
vn -0.3837 -0.8098 -0.4439
vn 1 -0.004275 -0.004305
vn -0.4003 0.7885 -0.467
vn -0.344 -0.8509 -0.3971
vn -0.3853 0.8059 -0.4494
vn -1 0.00432 0.004381
vn -0.2506 -0.924 -0.2887
vn 1 -0.004285 -0.004358
vn -0.07215 -0.9948 -0.07123
vn -1 0.004302 0.004376
vn 0.6121 0.04196 0.7897
vn -0.07068 0.9939 -0.08507
vn -0.7573 0.04024 0.6519
vn 0.6114 0.04262 0.7902
vn -0.002039 -0.9999 0.01602
vn -0.7513 0.03564 0.6589
vn 0.6121 0.04196 0.7897
vn -1 0.004268 0.004379
vn -0.002222 -0.9999 0.01604
vn 0.6127 0.04129 0.7892
vn -1 0.004293 0.004374
vn -0.07922 0.9924 -0.09391
vn 1 -0.004277 -0.004345
vn -0.238 0.9301 -0.2796
vn -0.1803 0.9605 -0.2119
vn -1 0.00432 0.004375
vn 0.1095 0.9813 0.1583
vn 0.9982 -0.007942 -0.05948
vn 0.1407 0.9696 0.2001
vn -0.8672 0.02444 0.4974
vn 0.1407 0.9696 0.2001
vn -0.06085 0.9955 -0.07243
vn 0.9995 -0.006117 -0.03194
vn -0.8672 0.02444 0.4974
vn -0.7453 0.03103 0.666
vn -0.002476 -0.9999 0.01611
vn -0.8672 0.02444 0.4974
vn -0.04753 0.9974 -0.05412
vn -0.7513 0.03564 0.6589
vn 0.1715 0.9552 0.2413
vn -0.02394 -0.9996 -0.01684
vn 0.9998 -0.005206 -0.01816
vn -0.07264 0.9934 -0.08875
vn 1 -0.00429 -0.004382
vn -0.07349 0.9932 -0.08983
vn 1 -0.004287 -0.004378
f 402//679 400//673 403//682
f 402//679 401//676 400//673
f 408//694 400//674 410//700
f 408//694 413//707 400//674
f 412//705 400//674 413//707
f 412//705 404//686 400//674
f 404//686 405//687 400//674
f 404//686 397//667 405//687
f 396//665 397//667 404//686
f 403//683 399//672 402//680
f 403//683 405//688 399//672
f 410//701 401//678 409//697
f 410//701 400//675 401//678
f 404//685 398//670 396//664
f 404//685 412//706 398//670
f 412//706 411//704 398//670
f 412//706 413//708 411//704
f 408//695 411//704 413//708
f 408//695 406//690 411//704
f 407//691 408//693 410//702
f 407//691 406//689 408//693
f 399//671 401//677 402//681
f 399//671 409//698 401//677
f 411//703 409//698 399//671
f 399//671 398//669 411//703
f 399//671 397//666 398//669
f 398//669 397//666 396//663
f 405//688 397//668 399//672
f 405//687 403//684 400//674
f 407//692 410//699 409//696
o object_75
v -3.783 0.0105 0.4438
v -3.781 -0.03553 0.4455
v -3.812 0.01082 0.6292
v -3.81 -0.0247 0.6305
v -3.819 -0.06046 0.4466
v -3.819 -0.04294 0.6313
v -3.86 -0.03937 0.4459
v -3.83 -0.02566 0.6306
v -3.863 0.00666 0.4441
v -3.832 0.009858 0.6293
v -3.824 0.03159 0.4431
v -3.823 0.0281 0.6286
v -3.784 -0.0031 0.04375
v -3.863 -0.00668 0.1295
v -3.782 -0.04913 0.04388
v -3.82 -0.07394 0.08684
v -3.861 -0.05271 0.1296
v -3.825 0.01813 0.08658
vn 0.8391 0.5408 0.05927
vn 0.9865 0.05347 0.155
vn 0.6781 -0.7289 0.09438
vn 0.9988 0.04806 -0.004536
vn 0.9641 0.2184 0.1512
vn 0.9865 0.05346 0.155
vn 0.002639 0.03785 0.9993
vn 0.8845 -0.4355 0.1673
vn 0.05745 -0.9968 0.05646
vn 0.04806 -0.9815 0.1855
vn 0.002639 0.03785 0.9993
vn -0.8835 -0.4534 0.1179
vn -0.9412 -0.289 0.1751
vn 0.002639 0.03785 0.9993
vn -0.9973 -0.04598 0.05785
vn -0.6778 0.734 0.04248
vn -0.9856 -0.04139 0.164
vn -0.8837 0.447 0.1387
vn -0.05743 0.9982 -0.01879
vn -0.04729 0.9927 0.1109
vn -0.7326 -0.03725 -0.6796
vn 0.837 0.5467 -0.02198
vn -0.7326 -0.03722 -0.6796
vn -0.9988 -0.04807 0.004537
vn -0.5524 0.833 -0.03196
vn -0.7326 -0.03713 -0.6796
vn 0.9988 0.04807 -0.004535
vn 0.5523 -0.8332 0.02814
vn 0.07579 -0.9964 0.03712
vn -0.7326 -0.03705 -0.6796
vn -0.837 -0.5466 0.02396
vn -0.7326 -0.0371 -0.6796
vn -0.07603 0.9964 -0.03743
vn -0.7326 -0.03732 -0.6796
f 415//710 416//713 417//714
f 415//710 414//709 416//713
f 414//709 425//728 416//713
f 414//709 424//727 425//728
f 426//730 424//727 414//709
f 426//730 431//741 424//727
f 424//727 422//724 425//728
f 424//727 427//733 422//724
f 431//741 427//733 424//727
f 430//739 422//723 427//732
f 430//739 420//720 422//723
f 418//717 420//720 430//739
f 418//717 419//718 420//720
f 415//711 419//718 418//717
f 415//711 417//716 419//718
f 418//717 428//736 415//711
f 418//717 429//737 428//736
f 430//739 429//737 418//717
f 420//720 423//725 422//723
f 420//720 421//721 423//725
f 419//718 421//721 420//720
f 426//729 427//731 431//742
f 426//729 428//734 427//731
f 428//734 430//740 427//731
f 428//734 429//738 430//740
f 426//730 415//712 428//735
f 426//730 414//709 415//712
f 419//719 417//715 421//722
f 425//728 422//724 423//726
o object_74
v 1.406 -0.02629 -1.905
v 1.406 -0.03808 -1.884
v 4.569 -0.04687 0.7688
v 4.569 -0.05991 0.802
v 4.538 -0.00117 1.076
v 4.57 -0.00165 1.101
v 4.57 -0.05507 1.104
v 4.538 -0.05526 1.08
v 1.407 -0.01429 -1.885
v 4.569 -0.03023 0.8003
v 1.409 0.04658 -1.135
v 1.41 0.05085 -1.16
v 4.514 -0.001675 1.108
v 4.518 -0.05477 1.102
v 4.518 0.001187 1.1
v 1.408 0.009808 -1.615
v 1.41 0.04455 -1.229
v 1.409 -0.07478 -1.152
vn 0.3728 -0.813 -0.4472
vn -1 0.00428 0.004401
vn 0.4029 0.785 -0.4705
vn 0.2401 -0.9262 -0.2908
vn -1 0.004277 0.004389
vn 0.3332 -0.8538 -0.4001
vn 0.3883 0.8026 -0.4529
vn 1 -0.004253 -0.004385
vn 0.063 -0.9954 -0.07182
vn 1 -0.004271 -0.004389
vn -0.6047 0.04717 0.795
vn 0.07845 0.9932 -0.08572
vn 0.7633 0.03372 0.6452
vn -0.6054 0.04652 0.7945
vn 1 -0.004279 -0.00439
vn 0.08691 0.9917 -0.09464
vn -0.6047 0.04717 0.795
vn 1 -0.004305 -0.004385
vn -0.006196 -0.9999 0.01606
vn -0.6041 0.04783 0.7955
vn -0.006384 -0.9999 0.01604
vn 0.7574 0.02918 0.6523
vn -1 0.004279 0.004392
vn 0.2436 0.9281 -0.2817
vn 0.1867 0.9589 -0.2136
vn 1 -0.004253 -0.00439
vn -0.09974 0.9822 0.1592
vn -0.9987 0.0006194 -0.05072
vn -0.1307 0.9708 0.2013
vn 0.06874 0.995 -0.073
vn -0.9997 0.002454 -0.02318
vn -0.1307 0.9708 0.2013
vn 0.8718 0.01701 0.4896
vn 0.8718 0.01701 0.4896
vn 0.7514 0.02464 0.6594
vn -0.005951 -0.9999 0.01612
vn 0.8718 0.01701 0.4896
vn 0.0556 0.997 -0.05457
vn 0.7574 0.02918 0.6523
vn -0.1612 0.9566 0.2428
vn 0.08037 0.9927 -0.08942
vn -1 0.004282 0.004384
vn 0.08121 0.9926 -0.09051
vn -1 0.00429 0.004382
vn 0.01522 -0.9997 -0.01701
vn -1 0.003369 -0.009397
f 438//759 436//753 439//762
f 438//759 437//756 436//753
f 436//754 443//772 446//780
f 436//754 448//785 443//772
f 447//783 448//785 436//754
f 436//754 440//766 447//783
f 436//754 441//767 440//766
f 437//758 441//767 436//754
f 434//749 440//766 441//767
f 434//749 432//745 440//766
f 433//747 440//765 432//744
f 433//747 447//784 440//765
f 449//788 447//784 433//747
f 449//788 448//786 447//784
f 443//773 448//786 449//788
f 435//752 437//757 438//760
f 435//752 441//768 437//757
f 434//750 441//768 435//752
f 443//771 444//774 446//782
f 443//771 442//769 444//774
f 439//763 435//751 438//761
f 439//763 445//778 435//751
f 449//787 435//751 445//778
f 449//787 433//746 435//751
f 433//746 434//748 435//751
f 433//746 432//743 434//748
f 446//781 439//764 436//755
f 446//781 445//777 439//764
f 446//779 444//775 445//776
f 443//773 449//788 442//770
o object_73
v 3.864 -0.02227 0.4103
v 3.895 -0.02221 0.5954
v 3.861 -0.06828 0.412
v 3.893 -0.05771 0.5968
v 3.902 -0.07603 0.5974
v 3.9 -0.09355 0.4127
v 3.913 -0.05884 0.5967
v 3.941 -0.0728 0.4117
v 3.944 -0.02679 0.4099
v 3.915 -0.02334 0.5953
v 3.906 -0.005021 0.5947
v 3.905 -0.001531 0.4092
v 3.939 -0.08614 0.09549
v 3.862 -0.03586 0.01024
v 3.859 -0.08188 0.01039
v 3.898 -0.107 0.05302
v 3.942 -0.04013 0.09534
v 3.903 -0.01499 0.05271
vn -0.8338 0.548 0.0666
vn -0.9608 0.2267 0.1597
vn -0.9846 0.06193 0.1637
vn -0.6835 -0.723 0.1004
vn -0.9984 0.05662 0.004215
vn -0.9846 0.06192 0.1637
vn 0.006358 0.03786 0.9993
vn -0.8867 -0.4279 0.1751
vn -0.05484 -0.981 0.186
vn 0.006358 0.03786 0.9993
vn -0.06549 -0.9962 0.057
vn 0.9402 -0.297 0.1669
vn 0.006358 0.03786 0.9993
vn 0.896 -0.4166 0.1536
vn 0.8364 -0.5478 0.01757
vn 0.9866 -0.04985 0.1554
vn 0.6844 0.7282 0.03651
vn 0.9984 -0.05664 -0.004214
vn 0.9866 -0.04984 0.1553
vn 0.8887 0.4394 0.1309
vn 0.05675 0.9923 0.1105
vn 0.06581 0.9976 -0.01933
vn 0.7263 -0.04341 -0.686
vn 0.8325 -0.5538 0.01664
vn 0.7263 -0.04343 -0.686
vn -0.8325 0.5539 -0.01466
vn 0.7263 -0.04339 -0.686
vn -0.9984 0.05662 0.004215
vn -0.5592 -0.8284 0.03301
vn -0.08399 -0.9957 0.03782
vn 0.7263 -0.04336 -0.686
vn 0.9984 -0.05665 -0.004213
vn 0.5592 0.8282 -0.03683
vn 0.7263 -0.04342 -0.686
vn 0.08423 0.9957 -0.03813
vn 0.7263 -0.04341 -0.686
f 451//790 452//791 453//794
f 451//790 450//789 452//791
f 460//809 450//789 451//790
f 460//809 461//810 450//789
f 458//805 461//810 460//809
f 458//805 466//821 461//810
f 461//810 463//814 450//789
f 461//810 467//823 463//814
f 466//821 467//823 461//810
f 463//814 452//793 450//789
f 463//814 464//816 452//793
f 459//807 457//802 458//804
f 459//807 456//800 457//802
f 454//797 457//802 456//800
f 454//797 455//799 457//802
f 452//792 455//799 454//797
f 452//792 464//817 455//799
f 465//818 455//799 464//817
f 465//818 462//812 455//799
f 462//812 457//803 455//799
f 462//812 458//806 457//803
f 466//820 458//806 462//812
f 464//815 462//811 465//819
f 464//815 463//813 462//811
f 463//813 466//822 462//811
f 463//813 467//824 466//822
f 453//795 454//798 456//801
f 458//805 460//809 459//808
f 452//792 454//797 453//796
o object_72
v 0.1175 1.065 4.183
v 0.105 2.982 5.502
v 0.1014 2.995 5.499
v 0.04627 2.983 5.503
v 0.04995 2.995 5.5
v 0.09898 1.069 4.53
v 0.06482 1.07 4.906
v 0.09633 2.983 5.681
v 0.07712 2.984 5.842
v 0.1164 1.097 4.257
v 0.006558 1.039 4.221
v 0.00577 1.066 4.183
v 0.007787 1.097 4.257
v 0.02734 1.069 4.53
v 0.05649 2.983 5.681
v 0.1168 1.039 4.22
v 0.1091 1.075 4.168
v 0.01409 1.076 4.168
vn 0.9246 0.22 -0.3111
vn 0.9999 -0.004137 0.01655
vn 0.9389 0.1992 -0.2805
vn 0.005242 0.2346 0.9721
vn 0.9993 -0.01555 0.03269
vn 0.004258 1 -0.003039
vn 0.9246 0.22 -0.3111
vn 0.005259 0.2345 0.9721
vn 0.005259 0.2345 0.9721
vn 0.004262 1 -0.003037
vn -0.9991 -0.006978 0.04144
vn -0.9396 0.2073 -0.2724
vn 0.005275 0.2344 0.9721
vn -0.9253 0.2279 -0.303
vn 0.9962 -0.04391 0.0753
vn -0.004565 -0.9978 -0.06629
vn 0.9928 -0.05874 0.1046
vn -0.9923 -0.05023 0.1133
vn -0.004272 -1 0.00304
vn 0.9958 -0.04456 0.07945
vn 0.004253 1 -0.003039
vn 0.9908 -0.06442 0.1187
vn 0.004253 1 -0.003038
vn -0.9903 -0.05593 0.1274
vn 0.9992 -0.01724 0.0354
vn -0.004703 -0.9949 -0.1008
vn 0.001413 -0.5349 0.8449
vn -0.9997 0.005466 0.02486
vn 0.001413 -0.5349 0.8449
vn -0.9997 0.004436 0.0253
vn -0.9253 0.2279 -0.303
vn -0.999 -0.008679 0.04416
vn -0.004704 -0.9949 -0.1008
vn 0.001421 -0.5349 0.8449
vn -0.9958 -0.03538 0.08403
vn -0.004495 -0.9988 -0.04896
vn -0.9955 -0.03603 0.08818
vn 0.004256 1 -0.003038
vn 0.9999 -0.003104 0.01611
vn 0.001404 -0.5348 0.845
vn 0.9087 0.2404 -0.3412
vn -0.9096 0.2482 -0.3333
f 468//825 470//831 469//827
f 468//825 484//865 470//831
f 471//833 470//832 472//837
f 471//833 469//828 470//832
f 482//862 469//830 471//834
f 482//862 475//845 469//830
f 476//847 475//845 482//862
f 474//841 475//844 476//846
f 474//841 473//839 475//844
f 477//849 475//844 473//839
f 477//849 469//829 475//844
f 468//826 469//829 477//849
f 482//861 474//842 476//848
f 482//861 481//859 474//842
f 480//856 481//859 482//861
f 471//835 480//856 482//861
f 471//835 479//854 480//856
f 477//851 478//853 483//864
f 477//851 480//858 478//853
f 479//855 472//838 485//866
f 479//855 471//836 472//838
f 481//860 473//840 474//843
f 481//860 480//857 473//840
f 480//856 479//854 478//852
f 477//849 483//863 468//826
f 473//840 480//857 477//850
o object_71
v 0.1265 -0.958 -2.927
v 0.143 -0.9359 -3.785
v 0.02177 -0.9648 -2.927
v 0.0181 -0.9432 -3.785
v 0.1151 -0.9581 -2.284
v 0.02461 -0.9588 -2.284
v 0.273 -0.9297 -2.389
v 0.2717 -0.9333 -2.928
v 0.268 -0.9105 -3.786
v -0.08295 -0.9571 -2.926
v -0.1067 -0.9348 -3.784
v -0.0659 -0.9574 -2.283
v -0.2244 -0.9275 -2.387
v -0.2278 -0.9312 -2.926
v -0.2315 -0.9083 -3.784
v -0.4966 -0.7073 0.3224
v -0.3527 -0.8225 0.3221
v -0.5229 -0.7424 -1.372
v -0.3706 -0.8604 -1.372
v -0.1861 -0.8812 0.3215
v -0.1937 -0.9229 -1.372
v -0.02124 -0.9293 -0.8026
v -0.01685 -0.8987 0.1683
v -0.04115 -0.8964 0.1954
v -0.04026 -0.8942 0.2847
v -0.06307 -0.8917 0.321
v -0.6893 -0.4956 -1.372
v -0.6194 -0.632 -1.372
v -0.5988 -0.4908 0.3222
v 0.7504 -0.5017 -1.378
v 0.5708 -0.7118 0.3177
v 0.6748 -0.4963 0.3166
v 0.5819 -0.7471 -1.377
v 0.4259 -0.8258 0.3187
v 0.4286 -0.8639 -1.375
v 0.2588 -0.8831 0.3196
v 0.2512 -0.9248 -1.374
v 0.08369 -0.9298 -0.8031
v 0.1126 -0.897 0.1947
v 0.08808 -0.8992 0.1678
v 0.1125 -0.8949 0.2841
v 0.1357 -0.8926 0.3201
v 0.6793 -0.6375 -1.377
vn 0.1406 -0.99 -0.01047
vn 0.1074 -0.9939 -0.02385
vn 0.04859 -0.9988 -0.00992
vn -0.05724 -0.9983 -0.009456
vn 0.05821 -0.998 -0.02539
vn -0.06699 -0.9974 -0.02484
vn 0.08393 -0.9965 0.00443
vn 0.007331 -0.9999 0.009283
vn -0.01582 -0.9998 0.009384
vn 0.1735 -0.9848 0.004648
vn 0.1676 -0.9858 -0.01034
vn 0.1832 -0.9828 -0.02423
vn -0.1492 -0.9888 -0.009198
vn -0.1161 -0.993 -0.02287
vn -0.09242 -0.9957 0.005203
vn -0.1819 -0.9833 0.006206
vn -0.1761 -0.9843 -0.008834
vn -0.1918 -0.9812 -0.02258
vn -0.6248 -0.7804 0.02589
vn -0.8549 -0.5172 0.03997
vn -0.5295 -0.8479 0.02521
vn -0.6186 -0.7853 0.02504
vn -0.7528 -0.6577 0.02534
vn -0.4307 -0.9022 0.02478
vn -0.1727 -0.9847 0.02456
vn -0.2275 -0.9735 0.02496
vn -0.08568 -0.9959 0.02937
vn -0.06024 -0.9977 0.03175
vn -0.07332 -0.9969 0.02932
vn -0.08383 -0.9963 0.02036
vn -0.08495 -0.9963 0.0159
vn -0.8963 -0.441 0.04683
vn -0.8272 -0.5608 0.03503
vn -0.9032 -0.4263 0.04945
vn 0.8928 -0.4487 0.03899
vn 0.8508 -0.5245 0.03249
vn 0.6183 -0.7857 0.02045
vn 0.8999 -0.4341 0.04155
vn 0.6121 -0.7905 0.01965
vn 0.7473 -0.6642 0.01876
vn 0.5224 -0.8524 0.0206
vn 0.4231 -0.9058 0.02104
vn 0.1645 -0.9861 0.02308
vn 0.2194 -0.9754 0.023
vn 0.0774 -0.9966 0.02865
vn 0.06503 -0.9975 0.02871
vn 0.05198 -0.9982 0.03126
vn 0.07546 -0.997 0.01966
vn 0.07655 -0.997 0.01519
vn 0.8226 -0.5679 0.0278
f 487//868 488//869 489//871
f 487//868 486//867 488//869
f 494//878 486//867 487//868
f 494//878 493//877 486//867
f 486//867 490//873 488//869
f 486//867 492//876 490//873
f 493//877 492//876 486//867
f 503//888 502//887 501//885
f 503//888 504//890 502//887
f 504//890 505//891 502//887
f 504//890 506//892 505//891
f 507//893 505//891 506//892
f 507//893 509//895 505//891
f 508//894 509//895 507//893
f 510//896 505//891 509//895
f 510//896 511//897 505//891
f 528//916 516//902 518//906
f 528//916 515//901 516//902
f 488//870 496//880 489//872
f 488//870 495//879 496//880
f 497//881 495//879 488//870
f 497//881 498//882 495//879
f 495//879 500//884 496//880
f 495//879 499//883 500//884
f 498//882 499//883 495//879
f 519//907 518//905 516//903
f 519//907 520//908 518//905
f 521//909 520//908 519//907
f 521//909 522//910 520//908
f 523//911 522//910 521//909
f 521//909 524//912 523//911
f 521//909 526//914 524//912
f 527//915 526//914 521//909
f 512//898 501//886 514//900
f 512//898 513//899 501//886
f 491//874 488//869 490//873
f 488//870 491//875 497//881
f 513//899 503//889 501//886
f 517//904 516//902 515//901
f 524//912 525//913 523//911
o object_70
v 0.2053 0.4689 4.693
v 0.2118 0.3926 5.156
v 0.06321 0.425 5.157
v -0.09014 0.4076 5.156
v -0.08271 0.4701 4.695
v 0.0614 0.4884 4.696
v -0.02611 0.3798 5.305
v 0.1527 0.3776 5.304
v 0.1416 0.3528 5.397
v 0.06399 0.3607 5.398
v -0.06171 0.3726 5.292
v -0.01372 0.3535 5.398
v 0.1869 0.3653 5.291
v 0.1527 0.3777 5.304
v -0.08275 0.4701 4.695
v -0.03804 0.4064 5.157
v -0.1829 0.3602 5.158
v -0.307 0.2684 5.157
v -0.3328 0.3271 4.696
v -0.2171 0.415 4.697
v -0.2374 0.2761 5.306
v -0.08141 0.3637 5.305
v -0.07844 0.3365 5.398
v -0.1496 0.3045 5.399
v -0.2647 0.2522 5.293
v -0.2133 0.2594 5.399
v -0.04567 0.3701 5.292
v -0.08143 0.3637 5.305
v -0.2613 0.2935 5.158
v -0.3637 0.181 5.159
v -0.4253 0.03949 5.158
v -0.4779 0.07824 4.697
v -0.4217 0.2122 4.699
v -0.3685 0.0807 5.307
v -0.2772 0.2345 5.307
v -0.2608 0.2123 5.399
v -0.3065 0.149 5.4
v -0.3802 0.04634 5.295
v -0.3391 0.07808 5.4
v -0.2495 0.258 5.293
v -0.2772 0.2345 5.306
v -0.3685 0.08072 5.307
v -0.4779 0.0782 4.697
v -0.3983 0.08405 5.16
v -0.4307 -0.06456 5.16
v -0.4132 -0.2179 5.159
v -0.4792 -0.2098 4.698
v -0.4974 -0.06573 4.7
v -0.3843 -0.1541 5.308
v -0.3822 0.02475 5.308
v -0.3567 0.01353 5.4
v -0.3646 -0.06411 5.401
v -0.3773 -0.1897 5.295
v -0.3574 -0.1418 5.401
v -0.37 0.05897 5.294
v -0.3822 0.02475 5.307
v -0.3844 -0.1541 5.308
v -0.4792 -0.2099 4.698
v -0.4121 -0.1658 5.16
v -0.3659 -0.3107 5.161
v -0.2741 -0.4348 5.159
v -0.3362 -0.4599 4.698
v -0.4241 -0.3443 4.7
v -0.2807 -0.3653 5.308
v -0.3682 -0.2094 5.308
v -0.3404 -0.2065 5.401
v -0.3083 -0.2777 5.401
v -0.2568 -0.3926 5.295
v -0.2633 -0.3414 5.401
v -0.3748 -0.1736 5.295
v -0.3683 -0.2094 5.308
v -0.2807 -0.3654 5.308
v -0.3362 -0.46 4.698
v -0.2992 -0.3891 5.161
v -0.1867 -0.4915 5.16
v -0.04517 -0.5531 5.158
v -0.08734 -0.6051 4.698
v -0.2213 -0.5488 4.7
v -0.08527 -0.4965 5.308
v -0.2391 -0.4052 5.308
v -0.2162 -0.3889 5.401
v -0.1529 -0.4346 5.401
v -0.05101 -0.5081 5.295
v -0.08197 -0.4672 5.4
v -0.2627 -0.3775 5.295
v -0.0853 -0.4965 5.307
v -0.0873 -0.6051 4.698
v -0.08972 -0.526 5.16
v 0.05889 -0.5585 5.16
v 0.2122 -0.541 5.157
v 0.2007 -0.6063 4.697
v 0.05665 -0.6246 4.699
v 0.1495 -0.5123 5.307
v -0.02933 -0.5102 5.308
v -0.01741 -0.4848 5.4
v 0.06023 -0.4927 5.4
v 0.185 -0.5053 5.294
v 0.1379 -0.4855 5.399
v -0.06364 -0.4979 5.295
v -0.02933 -0.5102 5.307
v 0.1495 -0.5124 5.306
v 0.2008 -0.6063 4.697
v 0.1601 -0.5399 5.159
v 0.305 -0.4937 5.158
v 0.4291 -0.4019 5.156
v 0.4509 -0.4633 4.695
v 0.3352 -0.5512 4.697
v 0.3608 -0.4087 5.306
v 0.2048 -0.4962 5.307
v 0.2026 -0.4685 5.399
v 0.2738 -0.4365 5.399
v 0.3879 -0.3848 5.293
v 0.3375 -0.3914 5.398
v 0.169 -0.5027 5.294
v 0.2048 -0.4962 5.306
v 0.3608 -0.4087 5.305
v 0.3834 -0.427 5.158
v 0.4858 -0.3145 5.157
v 0.5474 -0.1729 5.155
v 0.596 -0.2145 4.694
v 0.5397 -0.3484 4.696
v 0.4919 -0.2132 5.304
v 0.4006 -0.3671 5.305
v 0.3851 -0.3443 5.398
v 0.4307 -0.281 5.398
v 0.5035 -0.179 5.291
v 0.4633 -0.2101 5.397
v 0.3728 -0.3906 5.292
v 0.4919 -0.2133 5.304
v 0.596 -0.2144 4.694
v 0.5204 -0.2175 5.156
v 0.5528 -0.06889 5.156
v 0.5353 0.08444 5.154
v 0.5972 0.0736 4.693
v 0.6155 -0.0705 4.695
v 0.5077 0.02153 5.304
v 0.5056 -0.1573 5.304
v 0.4809 -0.1455 5.397
v 0.4888 -0.06788 5.397
v 0.5006 0.05702 5.291
v 0.4816 0.009818 5.396
v 0.4933 -0.1916 5.291
v 0.5078 0.02152 5.303
v 0.5972 0.07363 4.693
v 0.5342 0.03235 5.156
v 0.488 0.1773 5.155
v 0.3962 0.3013 5.154
v 0.4542 0.3237 4.693
v 0.5421 0.2081 4.694
v 0.4041 0.2328 5.303
v 0.4916 0.07683 5.304
v 0.4646 0.07454 5.396
v 0.4326 0.1457 5.397
v 0.3801 0.26 5.291
v 0.3875 0.2094 5.396
v 0.4981 0.04099 5.291
v 0.4917 0.07685 5.303
v 0.4213 0.2557 5.155
v 0.3088 0.3581 5.156
v 0.1673 0.4196 5.154
v 0.2054 0.4688 4.693
v 0.3393 0.4126 4.695
v 0.2087 0.3639 5.304
v 0.3625 0.2726 5.304
v 0.3404 0.257 5.396
v 0.2771 0.3026 5.397
v 0.1743 0.3755 5.291
v 0.2062 0.3352 5.397
v 0.3859 0.2448 5.29
v 0.3625 0.2727 5.303
v 0.2087 0.364 5.304
v -0.01192 0.3035 4.631
v -0.008627 0.3359 5.352
v 0.136 0.3353 5.351
v 0.1327 0.3029 4.631
v -0.1884 0.2184 4.632
v -0.2002 0.2468 5.353
v -0.07465 0.3185 5.352
v -0.06283 0.2902 4.632
v -0.2986 0.05641 4.633
v -0.3215 0.0738 5.354
v -0.2487 0.1987 5.353
v -0.2258 0.1813 4.633
v -0.3131 -0.139 4.634
v -0.3401 -0.1367 5.355
v -0.3395 0.007945 5.354
v -0.3125 0.005639 4.634
v -0.2279 -0.3154 4.634
v -0.251 -0.3282 5.355
v -0.3228 -0.2027 5.355
v -0.2997 -0.1899 4.634
v -0.06598 -0.4257 4.634
v -0.07803 -0.4496 5.355
v -0.203 -0.3767 5.355
v -0.1909 -0.3528 4.634
v 0.1294 -0.4401 4.633
v 0.1324 -0.4682 5.354
v -0.01218 -0.4675 5.354
v -0.01521 -0.4395 4.634
v 0.3058 -0.355 4.632
v 0.324 -0.379 5.353
v 0.1985 -0.4508 5.353
v 0.1803 -0.4268 4.633
v 0.4161 -0.193 4.631
v 0.4453 -0.2061 5.351
v 0.3725 -0.331 5.352
v 0.3432 -0.318 4.632
v 0.4306 0.002339 4.63
v 0.4639 0.004386 5.351
v 0.4633 -0.1402 5.351
v 0.4299 -0.1423 4.631
v 0.3454 0.1788 4.63
v 0.3748 0.196 5.351
v 0.4466 0.07041 5.351
v 0.4172 0.05324 4.63
v 0.1835 0.289 4.631
v 0.2018 0.3173 5.351
v 0.3268 0.2445 5.351
v 0.3084 0.2162 4.63
v -0.008628 0.3359 5.352
v 0.06374 0.3511 5.35
v -0.009758 0.4201 5.011
v 0.1349 0.4195 5.011
v -0.07463 0.3185 5.352
v -0.1451 0.2961 5.351
v -0.244 0.3198 5.013
v -0.1184 0.3915 5.012
v -0.3215 0.07379 5.354
v -0.2985 0.1441 5.352
v -0.3967 0.1157 5.014
v -0.3238 0.2406 5.013
v -0.3554 -0.0643 5.353
v -0.4269 -0.1373 5.015
v -0.4262 0.007283 5.015
v -0.3227 -0.2027 5.355
v -0.3004 -0.2732 5.353
v -0.3265 -0.3716 5.015
v -0.3983 -0.246 5.015
v -0.2029 -0.3767 5.355
v -0.07802 -0.4495 5.354
v -0.1483 -0.4266 5.353
v -0.1225 -0.5242 5.015
v -0.2474 -0.4514 5.015
v 0.1324 -0.4681 5.353
v 0.06006 -0.4834 5.352
v 0.1306 -0.5544 5.014
v -0.01403 -0.5538 5.014
v 0.1984 -0.4508 5.353
v 0.324 -0.379 5.352
v 0.2689 -0.4284 5.351
v 0.3648 -0.4541 5.012
v 0.2393 -0.5258 5.013
v 0.4223 -0.2764 5.35
v 0.5175 -0.25 5.011
v 0.4446 -0.375 5.012
v 0.4792 -0.06799 5.349
v 0.5477 0.002993 5.01
v 0.5471 -0.1416 5.011
v 0.4466 0.07039 5.35
v 0.3748 0.196 5.35
v 0.4242 0.1409 5.349
v 0.4473 0.2372 5.01
v 0.5191 0.1117 5.01
v 0.3268 0.2444 5.35
v 0.2721 0.2943 5.349
v 0.2433 0.3899 5.01
v 0.3682 0.3171 5.01
v -0.09961 0.2964 5.355
v -0.1187 0.3636 5.094
v 0.0103 0.3976 5.094
v 0.02936 0.3304 5.354
v -0.2592 0.1671 5.356
v -0.3099 0.2162 5.096
v -0.2152 0.3101 5.095
v -0.1645 0.261 5.355
v -0.3328 -0.02474 5.357
v -0.4018 -0.007035 5.097
v -0.3667 0.1216 5.096
v -0.2977 0.1039 5.356
v -0.3006 -0.2276 5.357
v -0.3698 -0.2463 5.097
v -0.4037 -0.1174 5.097
v -0.3346 -0.09868 5.357
v -0.1713 -0.3873 5.357
v -0.2224 -0.4376 5.097
v -0.3163 -0.3429 5.097
v -0.2652 -0.2926 5.357
v 0.02053 -0.4608 5.356
v 0.0008926 -0.5295 5.096
v -0.1278 -0.4944 5.097
v -0.1081 -0.4258 5.357
v 0.2234 -0.4287 5.355
v 0.2402 -0.4975 5.095
v 0.1112 -0.5314 5.096
v 0.09447 -0.4626 5.356
v 0.3831 -0.2993 5.354
v 0.4314 -0.3501 5.094
v 0.3367 -0.444 5.095
v 0.2884 -0.3932 5.355
v 0.4566 -0.1075 5.353
v 0.5234 -0.1268 5.093
v 0.4883 -0.2555 5.094
v 0.4216 -0.2362 5.354
v 0.4244 0.09539 5.353
v 0.4913 0.1125 5.092
v 0.5253 -0.01645 5.093
v 0.4584 -0.03358 5.353
v 0.2951 0.255 5.353
v 0.3439 0.3038 5.092
v 0.4378 0.2091 5.092
v 0.389 0.1603 5.353
v 0.1033 0.3286 5.354
v 0.1206 0.3957 5.093
v 0.2493 0.3606 5.093
v 0.232 0.2935 5.353
v -0.09105 0.2576 4.635
v 0.03404 0.2906 4.634
v -0.2339 0.139 4.636
v -0.1421 0.2301 4.635
v -0.2984 -0.03509 4.636
v -0.2644 0.08972 4.636
v -0.2672 -0.2181 4.637
v -0.3001 -0.09301 4.637
v -0.1486 -0.361 4.637
v -0.2397 -0.2691 4.637
v 0.02553 -0.4254 4.636
v -0.09927 -0.3914 4.637
v 0.2086 -0.3942 4.635
v 0.08346 -0.4271 4.636
v 0.3514 -0.2756 4.634
v 0.2596 -0.3667 4.635
v 0.4159 -0.1015 4.633
v 0.3819 -0.2263 4.634
v 0.3846 0.08149 4.633
v 0.4176 -0.0436 4.633
v 0.2661 0.2244 4.633
v 0.3572 0.1325 4.633
v 0.09197 0.2888 4.634
v 0.2168 0.2548 4.633
vn 0.1733 0.9741 0.1453
vn -0.004943 -0.9867 -0.1625
vn 0.2803 0.9393 0.1979
vn -0.02693 -0.9885 -0.1488
vn -0.2353 -0.9531 -0.1903
vn 0.02934 0.9819 0.187
vn -0.1715 0.9606 0.2188
vn -0.04891 -0.9896 -0.135
vn 0.07558 -0.9769 -0.1997
vn -0.1193 0.9838 0.1336
vn -0.02693 -0.9885 -0.1488
vn 0.004844 0.9907 0.1361
vn -0.138 0.9539 0.2664
vn 0.06424 -0.9654 -0.2528
vn 0.205 0.9484 0.2421
vn 0.1005 0.958 0.2686
vn 0.003991 -0.08776 0.9961
vn -0.008979 -0.9641 -0.2654
vn 0.009111 0.9636 0.2672
vn 0.003991 -0.08776 0.9961
vn -0.287 0.9121 0.2929
vn 0.285 -0.9128 -0.2927
vn -0.08966 0.955 0.2828
vn 0.003991 -0.08776 0.9961
vn -0.005317 -0.9624 -0.2716
vn 0.414 0.8743 0.2532
vn -0.4119 -0.8754 -0.253
vn -0.1236 -0.9707 -0.206
vn -0.3366 0.93 0.1477
vn 0.4887 -0.8567 -0.1651
vn -0.2265 0.9532 0.2001
vn 0.4706 -0.8693 -0.1514
vn 0.2724 -0.9427 -0.1926
vn -0.4651 0.8647 0.1896
vn -0.6283 0.7457 0.2215
vn 0.4522 -0.8813 -0.1375
vn 0.5535 -0.8079 -0.2023
vn -0.5949 0.7922 0.1363
vn 0.4706 -0.8693 -0.1514
vn -0.7562 0.6368 0.1504
vn 0.8512 -0.4973 -0.1678
vn -0.4909 0.8601 0.1387
vn -0.5959 0.7567 0.269
vn 0.5378 -0.8035 -0.2553
vn -0.2962 0.9233 0.2444
vn -0.3914 0.8794 0.271
vn 0.04936 -0.07568 0.9959
vn 0.4737 -0.839 -0.2679
vn -0.4733 0.8386 0.2697
vn 0.04936 -0.07568 0.9959
vn -0.7039 0.6459 0.2955
vn 0.7026 -0.6474 -0.2953
vn -0.5545 0.7817 0.2854
vn 0.04936 -0.07568 0.9959
vn 0.476 -0.8357 -0.274
vn -0.07804 0.9638 0.2551
vn 0.08043 -0.9636 -0.2549
vn 0.3778 -0.9021 -0.2084
vn -0.6723 0.7119 0.2028
vn 0.8419 -0.5172 -0.1541
vn 0.7068 -0.6799 -0.1953
vn -0.8348 0.5159 0.1922
vn -0.9166 0.3312 0.224
vn 0.8319 -0.5369 -0.1402
vn 0.8829 -0.4226 -0.2049
vn -0.911 0.3883 0.1389
vn 0.8419 -0.5172 -0.1541
vn -0.8549 0.4992 0.1413
vn -0.8938 0.3569 0.2715
vn -0.7176 0.6511 0.2471
vn -0.7781 0.5654 0.2736
vn 0.08262 -0.04262 0.9957
vn 0.8291 -0.4892 -0.2705
vn -0.8286 0.4891 0.2724
vn 0.08262 -0.04262 0.9957
vn -0.9319 0.2068 0.2979
vn 0.9316 -0.2089 -0.2976
vn -0.8705 0.3992 0.2879
vn 0.08262 -0.04262 0.9957
vn 0.8295 -0.4852 -0.2767
vn -0.5489 0.7952 0.2577
vn 0.5509 -0.7938 -0.2575
vn 0.7778 -0.592 -0.2111
vn 0.8669 -0.4265 -0.2579
vn -0.973 0.1731 0.1528
vn 0.9855 -0.004728 -0.1699
vn -0.9378 0.28 0.2053
vn 0.9874 -0.02674 -0.1562
vn 0.9517 -0.235 -0.1977
vn -0.9805 0.02909 0.1944
vn -0.9589 -0.1718 0.2257
vn 0.9886 -0.04873 -0.1424
vn 0.9754 0.07584 -0.2068
vn -0.9828 -0.1194 0.1407
vn 0.9874 -0.02674 -0.1562
vn -0.9897 0.004666 0.1434
vn -0.9519 -0.1383 0.2733
vn -0.9465 0.2046 0.2494
vn -0.956 0.1002 0.2758
vn 0.09509 0.002618 0.9955
vn 0.9621 -0.008624 -0.2725
vn -0.9616 0.008751 0.2744
vn 0.09509 0.002618 0.9955
vn -0.9099 -0.2874 0.2993
vn 0.9106 0.2854 -0.299
vn -0.9528 -0.09004 0.2898
vn 0.09509 0.002618 0.9955
vn 0.9604 -0.004952 -0.2787
vn -0.8724 0.4137 0.2602
vn 0.8735 -0.4116 -0.2601
vn 0.9691 -0.1234 -0.2134
vn 0.9635 0.06457 -0.2598
vn -0.9289 -0.3368 0.1541
vn 0.8554 0.4889 -0.1708
vn -0.9517 -0.2267 0.2069
vn 0.8681 0.4708 -0.1572
vn 0.9413 0.2726 -0.1992
vn -0.8633 -0.4654 0.1953
vn -0.7441 -0.6286 0.2262
vn 0.8802 0.4524 -0.1434
vn 0.8064 0.5538 -0.2075
vn -0.7911 -0.5951 0.1413
vn 0.8681 0.4708 -0.1572
vn -0.8591 -0.491 0.1444
vn -0.7547 -0.5962 0.2738
vn -0.9215 -0.2965 0.2508
vn -0.8774 -0.3917 0.2769
vn 0.08308 0.048 0.9954
vn 0.8369 0.4741 -0.2735
vn -0.8366 -0.4737 0.2753
vn 0.08308 0.048 0.9954
vn -0.6437 -0.7043 0.2993
vn 0.6452 0.703 -0.2991
vn -0.7796 -0.5549 0.2904
vn 0.08308 0.048 0.9954
vn 0.8336 0.4764 -0.2796
vn -0.9618 -0.07842 0.2621
vn 0.9617 0.08082 -0.2619
vn 0.9005 0.3781 -0.2146
vn 0.8016 0.5381 -0.2605
vn -0.6357 -0.7564 0.1541
vn 0.496 0.8515 -0.1703
vn -0.7104 -0.6726 0.2072
vn 0.5161 0.8421 -0.1567
vn 0.6784 0.7071 -0.1993
vn -0.5145 -0.835 0.1949
vn -0.3296 -0.9169 0.2252
vn 0.5358 0.8321 -0.143
vn 0.4211 0.8831 -0.2068
vn -0.3873 -0.9112 0.1405
vn 0.5161 0.8421 -0.1567
vn -0.4982 -0.8551 0.1439
vn -0.3549 -0.8942 0.2729
vn -0.6493 -0.718 0.2509
vn 0.5904 0.7781 -0.2144
vn -0.5634 -0.7784 0.2767
vn 0.05005 0.08134 0.9954
vn 0.4872 0.8295 -0.273
vn -0.4871 -0.829 0.2748
vn 0.05005 0.08134 0.9954
vn -0.2046 -0.9323 0.2981
vn 0.2067 0.932 -0.2979
vn -0.3971 -0.8709 0.2897
vn 0.05005 0.08134 0.9954
vn 0.4831 0.8299 -0.2791
vn -0.7932 -0.5493 0.2628
vn 0.7919 0.5513 -0.2626
vn 0.4246 0.8673 -0.2599
vn -0.172 -0.9732 0.1527
vn 0.003484 0.9857 -0.1685
vn -0.2785 -0.9381 0.2061
vn 0.0256 0.9876 -0.155
vn 0.2336 0.9519 -0.1981
vn -0.02767 -0.9808 0.1932
vn 0.1735 -0.9592 0.2231
vn 0.04769 0.9888 -0.1414
vn -0.07735 0.9757 -0.2049
vn 0.1205 -0.983 0.1385
vn 0.0256 0.9876 -0.155
vn -0.003618 -0.9898 0.1421
vn 0.1403 -0.9523 0.2709
vn -0.2028 -0.9469 0.2496
vn -0.09815 -0.9564 0.2752
vn 0.004767 0.0938 0.9956
vn 0.006621 0.9625 -0.2713
vn -0.006734 -0.962 0.2731
vn 0.004767 0.0938 0.9956
vn 0.2895 -0.9103 0.2959
vn -0.2876 0.911 -0.2956
vn 0.09217 -0.9532 0.2878
vn 0.004767 0.0938 0.9956
vn 0.002903 0.9607 -0.2774
vn -0.4118 -0.8728 0.2621
vn 0.4096 0.8738 -0.2619
vn 0.1218 0.9694 -0.2129
vn -0.06648 0.9639 -0.258
vn 0.3379 -0.9291 0.1503
vn -0.4902 0.8557 -0.166
vn 0.2282 -0.952 0.2039
vn -0.4719 0.8683 -0.1525
vn -0.2741 0.9415 -0.1959
vn 0.4668 -0.8635 0.1907
vn 0.6303 -0.7444 0.2205
vn -0.4534 0.8804 -0.1388
vn -0.5553 0.8067 -0.2023
vn 0.5961 -0.7913 0.1358
vn -0.4719 0.8683 -0.1525
vn 0.7575 -0.6359 0.1476
vn -0.8527 0.4963 -0.1633
vn 0.4921 -0.8593 0.1395
vn 0.5982 -0.7551 0.2683
vn 0.2983 -0.9219 0.2474
vn 0.3938 -0.8778 0.2728
vn -0.04062 0.08173 0.9958
vn -0.4761 0.8373 -0.2688
vn 0.4757 -0.8369 0.2706
vn -0.04062 0.08173 0.9958
vn 0.7065 -0.6441 0.2932
vn -0.7052 0.6457 -0.293
vn 0.557 -0.78 0.2852
vn -0.04062 0.08173 0.9958
vn -0.4784 0.834 -0.2749
vn 0.08031 -0.9622 0.2602
vn -0.0827 0.9621 -0.26
vn -0.3797 0.9008 -0.2105
vn -0.54 0.802 -0.2554
vn 0.6741 -0.7107 0.2012
vn -0.8432 0.5163 -0.1498
vn -0.7085 0.6787 -0.1932
vn 0.8364 -0.5148 0.188
vn 0.9185 -0.3299 0.2179
vn -0.8332 0.536 -0.1361
vn -0.8846 0.4213 -0.1997
vn 0.9122 -0.3875 0.1332
vn -0.8432 0.5163 -0.1498
vn 0.8561 -0.4984 0.1368
vn 0.8962 -0.3552 0.2658
vn 0.7198 -0.6496 0.2447
vn -0.7797 0.5907 -0.2078
vn 0.7805 -0.5638 0.2702
vn -0.07401 0.04872 0.9961
vn -0.8315 0.4876 -0.2662
vn 0.831 -0.4874 0.268
vn -0.07401 0.04872 0.9961
vn 0.9345 -0.2051 0.2909
vn -0.9341 0.2071 -0.2907
vn 0.873 -0.3975 0.2827
vn -0.07401 0.04872 0.9961
vn -0.8319 0.4835 -0.2723
vn 0.5512 -0.7936 0.2576
vn -0.5532 0.7923 -0.2574
vn -0.8692 0.4249 -0.2529
vn 0.9743 -0.1722 0.1453
vn -0.9869 0.003727 -0.1612
vn 0.9396 -0.2788 0.1987
vn -0.9887 0.02582 -0.1476
vn -0.9534 0.2339 -0.1907
vn 0.9822 -0.02794 0.1859
vn 0.9609 0.1731 0.2162
vn -0.9898 0.0479 -0.134
vn -0.9772 -0.07707 -0.1978
vn 0.984 0.1202 0.1314
vn -0.9887 0.02582 -0.1476
vn 0.9909 -0.003825 0.1348
vn 0.9543 0.14 0.2641
vn 0.9487 -0.2031 0.2423
vn -0.971 0.1221 -0.2056
vn 0.9584 -0.09853 0.268
vn -0.08627 0.003402 0.9963
vn -0.9645 0.007004 -0.2641
vn 0.964 -0.007119 0.266
vn -0.08627 0.003402 0.9963
vn 0.9125 0.2892 0.2895
vn -0.9131 -0.2872 -0.2893
vn 0.9554 0.09176 0.2808
vn -0.08627 0.003402 0.9963
vn -0.9628 0.003292 -0.2703
vn 0.8747 -0.4121 0.2551
vn -0.8757 0.41 -0.2549
vn -0.9657 -0.06612 -0.2509
vn 0.9302 0.3377 0.1439
vn -0.8569 -0.4899 -0.1603
vn 0.9535 0.228 0.1971
vn -0.8695 -0.4717 -0.1467
vn -0.943 -0.2738 -0.1892
vn 0.865 0.4665 0.1849
vn 0.746 0.63 0.2158
vn -0.8814 -0.4532 -0.1329
vn -0.8082 -0.555 -0.1971
vn 0.7923 0.5959 0.1308
vn -0.8695 -0.4717 -0.1467
vn 0.637 0.7573 0.1439
vn -0.4975 -0.8524 -0.1608
vn 0.8603 0.4919 0.1338
vn 0.757 0.5979 0.2635
vn -0.8038 -0.5397 -0.2502
vn 0.9237 0.298 0.2409
vn 0.8798 0.3934 0.2668
vn -0.07443 -0.04206 0.9963
vn -0.8393 -0.4757 -0.2632
vn 0.8389 0.4753 0.2651
vn -0.07443 -0.04206 0.9963
vn 0.6463 0.7061 0.2894
vn -0.6478 -0.7048 -0.2892
vn 0.7821 0.5566 0.2802
vn -0.07443 -0.04206 0.9963
vn -0.836 -0.4781 -0.2694
vn 0.9641 0.07996 0.2532
vn -0.964 -0.08236 -0.253
vn -0.9024 -0.3794 -0.2044
vn 0.7122 0.6738 0.1968
vn -0.5174 -0.843 -0.1471
vn -0.6802 -0.7083 -0.1891
vn 0.5162 0.8362 0.1853
vn 0.3315 0.9182 0.2168
vn -0.537 -0.833 -0.1333
vn -0.4228 -0.8844 -0.1978
vn 0.3885 0.912 0.1316
vn -0.5174 -0.843 -0.1471
vn 0.4994 0.8559 0.1343
vn 0.3572 0.8958 0.2644
vn 0.6514 0.7195 0.2408
vn 0.5658 0.7801 0.2671
vn -0.04131 -0.07534 0.9963
vn -0.4896 -0.8311 -0.2637
vn 0.4894 0.8306 0.2655
vn -0.04131 -0.07534 0.9963
vn 0.2072 0.9341 0.2907
vn -0.2093 -0.9337 -0.2904
vn 0.3996 0.8726 0.2809
vn -0.04131 -0.07534 0.9963
vn -0.4855 -0.8315 -0.2698
vn 0.7955 0.5508 0.2525
vn -0.7942 -0.5528 -0.2523
vn -0.5922 -0.7794 -0.2045
vn -0.4268 -0.8688 -0.2509
vn -0.004083 -0.999 0.04491
vn -0.00408 -0.999 0.04491
vn -0.004083 -0.999 0.04491
vn 0.004846 0.1144 0.9934
vn 0.204 0.9504 0.2347
vn -0.005214 -0.9707 -0.2403
vn -0.004086 -0.999 0.04491
vn 0.496 -0.8673 0.04232
vn 0.496 -0.8673 0.04232
vn -0.05093 0.09972 0.9937
vn -0.6434 0.7273 0.2391
vn 0.4803 -0.8428 -0.2428
vn 0.496 -0.8673 0.04232
vn 0.496 -0.8673 0.04232
vn 0.8633 -0.5031 0.0396
vn 0.8633 -0.5031 0.0396
vn 0.8633 -0.5031 0.0396
vn -0.09192 0.05914 0.994
vn -0.72 0.6513 0.2396
vn 0.8369 -0.4893 -0.2455
vn 0.8633 -0.5031 0.0396
vn 0.9993 -0.004156 0.0375
vn 0.9993 -0.004156 0.0375
vn -0.1071 0.003483 0.9942
vn -0.9504 -0.1941 0.2432
vn 0.9689 -0.004894 -0.2475
vn 0.9993 -0.004156 0.0375
vn -0.1071 0.003483 0.9942
vn -0.9487 0.2037 0.242
vn 0.9689 -0.004894 -0.2475
vn 0.9993 -0.004156 0.0375
vn 0.8676 0.496 0.03656
vn 0.8676 0.496 0.03656
vn -0.09236 -0.05228 0.9944
vn -0.7255 -0.6437 0.2436
vn 0.841 0.4806 -0.2484
vn 0.8676 0.496 0.03656
vn 0.8676 0.496 0.03656
vn 0.5034 0.8632 0.03706
vn 0.5034 0.8632 0.03706
vn 0.5034 0.8632 0.03706
vn 0.5034 0.8632 0.03705
vn 0.004451 0.9992 0.03884
vn 0.004455 0.9992 0.03884
vn 0.004451 0.9992 0.03884
vn 0.003888 -0.1084 0.9941
vn -0.2019 -0.949 0.2422
vn 0.003073 0.9692 -0.2462
vn 0.004448 0.9992 0.03884
vn -0.4957 0.8675 0.04143
vn -0.4957 0.8675 0.04144
vn -0.4957 0.8675 0.04143
vn -0.4957 0.8675 0.04143
vn -0.8629 0.5034 0.04415
vn -0.8629 0.5034 0.04415
vn 0.1007 -0.05315 0.9935
vn 0.9224 -0.3063 0.2353
vn -0.839 0.4878 -0.2411
vn -0.8629 0.5034 0.04415
vn 0.1007 -0.05315 0.9935
vn 0.722 -0.6499 0.2372
vn -0.839 0.4878 -0.2411
vn -0.8629 0.5034 0.04415
vn -0.9989 0.004409 0.04625
vn -0.9989 0.00441 0.04625
vn 0.1158 0.00252 0.9933
vn 0.9525 0.1955 0.2336
vn -0.971 0.003424 -0.239
vn -0.9989 0.004409 0.04625
vn 0.1158 0.00252 0.9933
vn 0.9508 -0.2022 0.2349
vn -0.971 0.003422 -0.239
vn -0.9989 0.004409 0.04625
vn -0.8672 -0.4957 0.04719
vn -0.8672 -0.4957 0.04719
vn -0.8672 -0.4957 0.04719
vn -0.8672 -0.4957 0.04719
vn -0.5031 -0.863 0.0467
vn -0.5031 -0.863 0.0467
vn 0.0605 0.09929 0.9932
vn 0.308 0.9221 0.2343
vn -0.4896 -0.8387 -0.2386
vn -0.5031 -0.863 0.0467
vn -0.5031 -0.863 0.0467
vn 0.004846 0.1144 0.9934
vn -0.1938 0.9521 0.2364
vn -0.005215 -0.9707 -0.2403
vn 0.004846 0.1144 0.9934
vn 0.005167 0.974 0.2264
vn -0.09485 0.9712 0.2188
vn -0.005214 -0.9707 -0.2403
vn 0.1051 0.9703 0.2179
vn -0.005214 -0.9707 -0.2403
vn -0.05093 0.09972 0.9937
vn -0.298 0.9247 0.2369
vn 0.4803 -0.8428 -0.2428
vn -0.05093 0.09972 0.9937
vn -0.4821 0.8457 0.2289
vn -0.5673 0.7932 0.2214
vn 0.4803 -0.8428 -0.2428
vn -0.3937 0.8925 0.2203
vn 0.4803 -0.8428 -0.2428
vn -0.09192 0.05914 0.994
vn -0.9203 0.3077 0.2415
vn 0.8369 -0.4893 -0.2455
vn -0.09192 0.05914 0.994
vn -0.8398 0.491 0.2315
vn -0.8874 0.4029 0.224
vn 0.8369 -0.4893 -0.2455
vn -0.7867 0.5757 0.223
vn 0.8369 -0.4893 -0.2455
vn -0.1071 0.003483 0.9942
vn -0.9723 0.004866 0.2336
vn -0.9695 -0.09514 0.2258
vn 0.9689 -0.004894 -0.2475
vn -0.9687 0.1048 0.2252
vn 0.9689 -0.004894 -0.2475
vn -0.09236 -0.05228 0.9944
vn -0.9229 -0.2984 0.2434
vn 0.841 0.4806 -0.2484
vn -0.09236 -0.05228 0.9944
vn -0.844 -0.4824 0.2345
vn -0.7916 -0.5676 0.2265
vn 0.841 0.4806 -0.2484
vn -0.8908 -0.394 0.2264
vn 0.841 0.4806 -0.2484
vn -0.05173 -0.09321 0.9943
vn -0.6496 -0.7203 0.2435
vn 0.4875 0.8372 -0.248
vn -0.05173 -0.09321 0.9943
vn -0.3059 -0.9206 0.2426
vn 0.4875 0.8372 -0.248
vn -0.05173 -0.09321 0.9943
vn -0.4893 -0.8402 0.234
vn -0.4013 -0.8877 0.2257
vn 0.4875 0.8372 -0.248
vn -0.574 -0.787 0.2262
vn 0.4875 0.8372 -0.248
vn 0.003888 -0.1084 0.9941
vn 0.1959 -0.9507 0.2404
vn 0.003071 0.9692 -0.2462
vn 0.003888 -0.1084 0.9941
vn -0.003147 -0.9726 0.2323
vn 0.0968 -0.9698 0.2238
vn 0.003073 0.9692 -0.2462
vn -0.1031 -0.969 0.2247
vn 0.003074 0.9692 -0.2462
vn 0.05968 -0.09379 0.9938
vn 0.3001 -0.9232 0.2399
vn -0.4824 0.8413 -0.2437
vn 0.05968 -0.09379 0.9938
vn 0.6455 -0.7258 0.2378
vn -0.4825 0.8413 -0.2437
vn 0.05968 -0.09379 0.9938
vn 0.4841 -0.8443 0.2298
vn 0.5692 -0.7919 0.2212
vn -0.4824 0.8413 -0.2437
vn 0.3956 -0.8911 0.2222
vn -0.4824 0.8413 -0.2437
vn 0.1007 -0.05315 0.9935
vn 0.8419 -0.4896 0.2271
vn 0.8893 -0.4016 0.2186
vn -0.839 0.4878 -0.2411
vn 0.7886 -0.5743 0.2196
vn -0.839 0.4878 -0.2411
vn 0.1158 0.00252 0.9933
vn 0.9743 -0.00348 0.2251
vn 0.9715 0.09648 0.2167
vn -0.971 0.003422 -0.239
vn 0.9706 -0.1035 0.2173
vn -0.971 0.003421 -0.239
vn 0.1011 0.05833 0.9932
vn 0.925 0.2998 0.2334
vn -0.8431 -0.4821 -0.2381
vn 0.1011 0.05833 0.9932
vn 0.7276 0.6451 0.2333
vn -0.8431 -0.4821 -0.2381
vn 0.1011 0.05833 0.9932
vn 0.846 0.4837 0.2241
vn 0.7935 0.5689 0.2161
vn -0.8431 -0.4821 -0.2381
vn 0.8928 0.3953 0.2162
vn -0.8431 -0.4821 -0.2381
vn 0.0605 0.09929 0.9932
vn 0.6517 0.7217 0.2334
vn -0.4896 -0.8387 -0.2386
vn 0.0605 0.09929 0.9932
vn 0.4913 0.8415 0.2246
vn 0.4032 0.889 0.2168
vn -0.4896 -0.8387 -0.2386
vn 0.576 0.7883 0.2164
vn -0.4896 -0.8387 -0.2386
vn -0.2447 0.9343 0.2593
vn 0.2546 -0.9655 0.05506
vn -0.2447 0.9343 0.2593
vn -0.2447 0.9343 0.2593
vn -0.2447 0.9343 0.2593
vn 0.2546 -0.9655 0.05506
vn -0.6785 0.6863 0.2619
vn 0.7033 -0.709 0.05231
vn -0.6785 0.6863 0.2619
vn -0.6785 0.6863 0.2619
vn -0.6785 0.6863 0.2619
vn 0.7033 -0.709 0.05231
vn -0.9302 0.2546 0.2643
vn 0.9637 -0.2624 0.04981
vn -0.9302 0.2546 0.2643
vn -0.9302 0.2546 0.2643
vn -0.9302 0.2546 0.2643
vn 0.9637 -0.2624 0.04982
vn -0.9323 -0.2451 0.2658
vn 0.9659 0.2545 0.04824
vn -0.9323 -0.2451 0.2658
vn -0.9323 -0.2451 0.2658
vn -0.9323 -0.2451 0.2658
vn 0.9659 0.2545 0.04824
vn -0.6844 -0.6789 0.2661
vn 0.7093 0.7032 0.04801
vn -0.6844 -0.6789 0.2661
vn -0.6844 -0.6789 0.2661
vn -0.6844 -0.6789 0.2661
vn 0.7093 0.7032 0.04801
vn -0.2527 -0.9306 0.2649
vn 0.2628 0.9636 0.04919
vn -0.2527 -0.9306 0.2649
vn -0.2527 -0.9306 0.2649
vn -0.2527 -0.9306 0.2649
vn 0.2628 0.9636 0.04919
vn 0.247 -0.9327 0.2627
vn -0.2541 0.9658 0.05146
vn 0.247 -0.9327 0.2627
vn 0.247 -0.9327 0.2627
vn 0.247 -0.9327 0.2627
vn -0.2541 0.9658 0.05146
vn 0.6808 -0.6847 0.2601
vn -0.7028 0.7093 0.0542
vn 0.6808 -0.6847 0.2601
vn 0.6808 -0.6847 0.2601
vn 0.6808 -0.6847 0.2601
vn -0.7028 0.7093 0.0542
vn 0.9325 -0.2531 0.2577
vn -0.9632 0.2627 0.0567
vn 0.9325 -0.253 0.2577
vn 0.9325 -0.2531 0.2577
vn 0.9325 -0.2531 0.2577
vn -0.9632 0.2627 0.0567
vn 0.9347 0.2466 0.2561
vn -0.9654 -0.2542 0.05827
vn 0.9347 0.2466 0.2561
vn 0.9347 0.2466 0.2561
vn 0.9347 0.2466 0.2561
vn -0.9654 -0.2542 0.05827
vn 0.6866 0.6805 0.2559
vn -0.7089 -0.7029 0.0585
vn 0.6866 0.6805 0.2559
vn 0.6866 0.6805 0.2559
vn 0.6866 0.6805 0.2559
vn -0.7089 -0.7029 0.0585
vn 0.255 0.9321 0.2571
vn -0.2623 -0.9633 0.05732
vn 0.255 0.9321 0.2571
vn 0.255 0.9321 0.2571
vn 0.255 0.9321 0.2571
vn -0.2623 -0.9633 0.05732
vn 0.2546 -0.9655 0.05506
vn 0.2546 -0.9655 0.05506
vn 0.7033 -0.709 0.05231
vn 0.7033 -0.709 0.05231
vn 0.9637 -0.2624 0.04982
vn 0.9637 -0.2624 0.04982
vn 0.9659 0.2545 0.04824
vn 0.9659 0.2545 0.04824
vn 0.7093 0.7032 0.04801
vn 0.7093 0.7032 0.04802
vn 0.2628 0.9636 0.04919
vn 0.2628 0.9636 0.04919
vn -0.2541 0.9658 0.05146
vn -0.2541 0.9658 0.05146
vn -0.7028 0.7093 0.0542
vn -0.7028 0.7093 0.0542
vn -0.9632 0.2627 0.0567
vn -0.9632 0.2627 0.0567
vn -0.9654 -0.2542 0.05827
vn -0.9654 -0.2542 0.05827
vn -0.7089 -0.7029 0.0585
vn -0.7089 -0.7029 0.0585
vn -0.2623 -0.9633 0.05732
vn -0.2623 -0.9633 0.05732
f 844//1517 799//1450 796//1446
f 844//1517 845//1518 799//1450
f 802//1454 800//1451 803//1455
f 802//1454 801//1453 800//1451
f 780//1410 778//1407 776//1401
f 780//1410 779//1408 778//1407
f 843//1516 866//1539 867//1540
f 843//1516 840//1512 866//1539
f 808//1463 810//1466 809//1465
f 808//1463 811//1467 810//1466
f 779//1409 776//1402 777//1405
f 779//1409 780//1411 776//1402
f 824//1487 826//1490 825//1489
f 824//1487 827//1491 826//1490
f 850//1523 811//1468 808//1464
f 850//1523 851//1524 811//1468
f 858//1531 827//1492 824//1488
f 858//1531 859//1532 827//1492
f 839//1510 864//1537 865//1538
f 839//1510 836//1506 864//1537
f 838//1508 836//1505 839//1509
f 838//1508 837//1507 836//1505
f 790//1433 787//1426 788//1429
f 790//1433 791//1435 787//1426
f 789//1431 790//1432 788//1428
f 789//1431 791//1434 790//1432
f 787//1425 791//1434 789//1431
f 794//1442 792//1438 745//1334
f 794//1442 795//1444 792//1438
f 651//1154 653//1159 652//1156
f 651//1154 646//1146 653//1159
f 645//1143 646//1146 651//1154
f 645//1143 634//1124 646//1146
f 646//1146 650//1153 653//1159
f 646//1146 647//1147 650//1153
f 648//1150 647//1147 646//1146
f 646//1146 649//1152 648//1150
f 646//1146 634//1124 649//1152
f 535//930 537//934 540//941
f 535//930 542//944 537//934
f 532//925 542//944 535//930
f 532//925 530//921 542//944
f 678//1212 680//1216 683//1223
f 678//1212 685//1226 680//1216
f 675//1205 685//1226 678//1212
f 675//1205 673//1201 685//1226
f 651//1155 645//1145 656//1167
f 651//1155 647//1149 645//1145
f 657//1168 647//1149 651//1155
f 657//1168 654//1162 647//1149
f 652//1158 657//1168 651//1155
f 652//1158 655//1165 657//1168
f 835//1504 862//1535 863//1536
f 835//1504 832//1500 862//1535
f 786//1422 784//1419 738//1323
f 786//1422 785//1420 784//1419
f 785//1421 738//1324 737//1320
f 785//1421 786//1423 738//1324
f 661//1177 671//1196 668//1190
f 661//1177 665//1183 671//1196
f 659//1173 665//1183 661//1177
f 659//1173 670//1195 665//1183
f 666//1186 671//1196 665//1183
f 666//1186 669//1193 671//1196
f 659//1172 662//1179 658//1170
f 659//1172 661//1176 662//1179
f 645//1144 648//1151 634//1125
f 645//1144 647//1148 648//1151
f 595//1046 592//1041 597//1050
f 595//1046 588//1034 592//1041
f 593//1042 588//1034 595//1046
f 593//1042 587//1031 588//1034
f 598//1053 587//1031 593//1042
f 588//1034 589//1035 592//1041
f 588//1034 590//1038 589//1035
f 591//1040 590//1038 588//1034
f 588//1034 586//1029 591//1040
f 588//1034 587//1031 586//1029
f 734//1311 732//1306 735//1315
f 734//1311 733//1307 732//1306
f 828//1493 830//1496 829//1495
f 828//1493 831//1497 830//1496
f 734//1314 782//1415 783//1417
f 734//1314 733//1310 782//1415
f 562//985 559//979 566//992
f 562//985 558//978 559//979
f 565//990 558//978 562//985
f 565//990 563//986 558//978
f 564//987 563//986 565//990
f 558//978 560//982 559//979
f 558//978 561//984 560//982
f 547//956 561//984 558//978
f 558//978 557//975 547//956
f 558//978 563//986 557//975
f 783//1416 781//1413 734//1313
f 783//1416 782//1414 781//1413
f 599//1055 587//1033 598//1054
f 599//1055 589//1037 587//1033
f 600//1056 589//1037 599//1055
f 600//1056 596//1049 589//1037
f 594//1045 600//1056 599//1055
f 594//1045 597//1052 600//1056
f 587//1032 590//1039 586//1030
f 587//1032 589//1036 590//1039
f 665//1182 667//1187 666//1184
f 665//1182 660//1174 667//1187
f 659//1171 660//1174 665//1182
f 659//1171 658//1169 660//1174
f 660//1174 664//1181 667//1187
f 660//1174 661//1175 664//1181
f 662//1178 661//1175 660//1174
f 660//1174 663//1180 662//1178
f 660//1174 658//1169 663//1180
f 643//1141 631//1117 642//1140
f 643//1141 633//1121 631//1117
f 644//1142 633//1121 643//1141
f 644//1142 640//1135 633//1121
f 638//1131 644//1142 643//1141
f 638//1131 641//1138 644//1142
f 634//1123 631//1116 633//1120
f 634//1123 630//1114 631//1116
f 846//1519 803//1456 800//1452
f 846//1519 847//1520 803//1456
f 728//1302 730//1304 729//1303
f 728//1302 731//1305 730//1304
f 840//1511 842//1514 841//1513
f 840//1511 843//1515 842//1514
f 761//1367 714//1282 713//1278
f 761//1367 762//1369 714//1282
f 831//1498 860//1533 861//1534
f 831//1498 828//1494 860//1533
f 550//961 552//965 551//962
f 550//961 545//950 552//965
f 544//947 545//950 550//961
f 544//947 543//945 545//950
f 545//950 549//959 552//965
f 545//950 546//951 549//959
f 547//954 546//951 545//950
f 545//950 548//958 547//954
f 545//950 543//945 548//958
f 822//1484 820//1481 823//1485
f 822//1484 821//1483 820//1481
f 726//1297 724//1295 727//1301
f 726//1297 725//1296 724//1295
f 628//1111 616//1089 627//1110
f 628//1111 618//1093 616//1089
f 629//1112 618//1093 628//1111
f 629//1112 625//1105 618//1093
f 623//1101 629//1112 628//1111
f 623//1101 626//1108 629//1112
f 774//1397 726//1300 772//1393
f 774//1397 775//1399 726//1300
f 560//983 557//976 559//980
f 560//983 547//957 557//976
f 766//1377 764//1374 763//1371
f 766//1377 765//1375 764//1374
f 689//1235 686//1228 688//1232
f 689//1235 676//1209 686//1228
f 818//1478 816//1475 819//1479
f 818//1478 817//1477 816//1475
f 686//1227 692//1238 697//1249
f 686//1227 687//1230 692//1238
f 676//1208 687//1230 686//1227
f 676//1208 690//1236 687//1230
f 687//1230 694//1242 692//1238
f 687//1230 691//1237 694//1242
f 688//1231 691//1237 687//1230
f 688//1231 695//1244 691//1237
f 687//1230 689//1234 688//1231
f 687//1230 690//1236 689//1234
f 699//1252 693//1241 696//1248
f 699//1252 698//1251 693//1241
f 688//1233 698//1251 699//1252
f 688//1233 686//1229 698//1251
f 720//1291 722//1293 721//1292
f 720//1291 723//1294 722//1293
f 746//1335 744//1330 747//1336
f 746//1335 745//1331 744//1330
f 608//1071 602//1061 613//1083
f 608//1071 604//1065 602//1061
f 614//1084 604//1065 608//1071
f 614//1084 611//1078 604//1065
f 609//1074 614//1084 608//1071
f 609//1074 612//1081 614//1084
f 610//1075 607//1069 612//1079
f 610//1075 603//1062 607//1069
f 608//1070 603//1062 610//1075
f 608//1070 602//1059 603//1062
f 613//1082 602//1059 608//1070
f 603//1062 604//1063 607//1069
f 603//1062 605//1066 604//1063
f 606//1068 605//1066 603//1062
f 603//1062 601//1057 606//1068
f 603//1062 602//1059 601//1057
f 681//1217 678//1211 683//1221
f 681//1217 674//1202 678//1211
f 679//1213 674//1202 681//1217
f 679//1213 673//1199 674//1202
f 684//1224 673//1199 679//1213
f 674//1202 675//1203 678//1211
f 674//1202 676//1206 675//1203
f 677//1210 676//1206 674//1202
f 674//1202 672//1197 677//1210
f 674//1202 673//1199 672//1197
f 815//1474 852//1525 853//1526
f 815//1474 812//1470 852//1525
f 814//1472 812//1469 815//1473
f 814//1472 813//1471 812//1469
f 605//1067 602//1060 604//1064
f 605//1067 601//1058 602//1060
f 710//1269 708//1267 711//1273
f 710//1269 709//1268 708//1267
f 834//1502 832//1499 835//1503
f 834//1502 833//1501 832//1499
f 765//1376 763//1372 717//1288
f 765//1376 766//1378 763//1372
f 676//1207 673//1200 675//1204
f 676//1207 672//1198 673//1200
f 570//1000 564//989 567//996
f 570//1000 569//999 564//989
f 559//981 569//999 570//1000
f 559//981 557//977 569//999
f 754//1352 752//1348 705//1264
f 754//1352 755//1354 752//1348
f 770//1388 767//1381 768//1384
f 770//1388 771//1390 767//1381
f 637//1128 639//1132 638//1129
f 637//1128 632//1118 639//1132
f 631//1115 632//1118 637//1128
f 631//1115 630//1113 632//1118
f 632//1118 636//1127 639//1132
f 632//1118 633//1119 636//1127
f 634//1122 633//1119 632//1118
f 632//1118 635//1126 634//1122
f 632//1118 630//1113 635//1126
f 795//1443 793//1440 792//1437
f 795//1443 794//1441 793//1440
f 572//1003 578//1014 583//1025
f 572//1003 573//1006 578//1014
f 571//1001 573//1006 572//1003
f 571//1001 576//1012 573//1006
f 573//1006 580//1018 578//1014
f 573//1006 577//1013 580//1018
f 574//1007 577//1013 573//1006
f 574//1007 581//1020 577//1013
f 573//1006 575//1010 574//1007
f 573//1006 576//1012 575//1010
f 621//1097 618//1091 625//1104
f 621//1097 617//1090 618//1091
f 624//1102 617//1090 621//1097
f 624//1102 622//1098 617//1090
f 623//1099 622//1098 624//1102
f 617//1090 619//1094 618//1091
f 617//1090 620//1096 619//1094
f 615//1085 620//1096 617//1090
f 617//1090 616//1087 615//1085
f 617//1090 622//1098 616//1087
f 538//935 535//929 540//939
f 538//935 531//922 535//929
f 536//931 531//922 538//935
f 536//931 530//919 531//922
f 541//942 530//919 536//931
f 531//922 532//923 535//929
f 531//922 533//926 532//923
f 534//928 533//926 531//922
f 531//922 529//917 534//928
f 531//922 530//919 529//917
f 530//920 533//927 529//918
f 530//920 532//924 533//927
f 736//1316 738//1321 737//1317
f 736//1316 739//1325 738//1321
f 742//1328 740//1326 743//1329
f 742//1328 741//1327 740//1326
f 619//1095 616//1088 618//1092
f 619//1095 615//1086 616//1088
f 556//974 544//949 555//973
f 556//974 546//953 544//949
f 549//960 546//953 556//974
f 549//960 553//968 546//953
f 551//964 549//960 556//974
f 551//964 554//971 549//960
f 755//1353 753//1350 752//1347
f 755//1353 754//1351 753//1350
f 575//1011 572//1004 574//1008
f 575//1011 571//1002 572//1004
f 806//1460 804//1457 807//1461
f 806//1460 805//1459 804//1457
f 702//1255 700//1253 703//1259
f 702//1255 701//1254 700//1253
f 718//1289 716//1284 719//1290
f 718//1289 717//1285 716//1284
f 798//1448 796//1445 799//1449
f 798//1448 797//1447 796//1445
f 762//1368 760//1365 714//1281
f 762//1368 761//1366 760//1365
f 710//1272 758//1361 759//1363
f 710//1272 756//1357 758//1361
f 856//1529 823//1486 820//1482
f 856//1529 857//1530 823//1486
f 775//1398 773//1395 726//1299
f 775//1398 774//1396 773//1395
f 749//1341 750//1342 748//1338
f 749//1341 751//1344 750//1342
f 702//1257 751//1344 749//1341
f 750//1343 702//1258 748//1339
f 750//1343 751//1345 702//1258
f 712//1274 714//1279 713//1275
f 712//1274 715//1283 714//1279
f 544//948 547//955 543//946
f 544//948 546//952 547//955
f 848//1521 807//1462 804//1458
f 848//1521 849//1522 807//1462
f 574//1009 585//1028 581//1021
f 574//1009 584//1027 585//1028
f 572//1005 584//1027 574//1009
f 572//1005 583//1026 584//1027
f 579//1017 585//1028 584//1027
f 579//1017 582//1024 585//1028
f 759//1362 757//1359 710//1271
f 759//1362 758//1360 757//1359
f 704//1260 706//1265 705//1261
f 704//1260 707//1266 706//1265
f 769//1386 770//1387 768//1383
f 769//1386 771//1389 770//1387
f 767//1380 771//1389 769//1386
f 854//1527 819//1480 816//1476
f 854//1527 855//1528 819//1480
f 538//935 537//932 536//931
f 532//923 539//937 535//929
f 538//936 540//940 537//933
f 542//944 530//921 541//943
f 532//925 535//930 539//938
f 749//1340 748//1337 702//1256
f 546//951 553//967 549//959
f 549//959 554//969 552//965
f 552//966 554//970 551//963
f 544//947 550//961 555//972
f 753//1349 705//1262 752//1346
f 705//1263 753//1350 754//1351
f 562//985 567//994 565//990
f 565//991 567//995 564//988
f 557//975 563//986 568//997
f 569//999 557//977 568//998
f 559//981 570//1000 566//993
f 757//1358 756//1355 710//1270
f 756//1356 757//1359 758//1360
f 580//1018 579//1015 578//1014
f 577//1013 582//1022 580//1018
f 580//1019 582//1023 579//1016
f 760//1364 713//1276 714//1280
f 713//1277 760//1365 761//1366
f 595//1046 594//1043 593//1042
f 589//1035 596//1048 592//1041
f 595//1047 597//1051 594//1044
f 764//1373 717//1286 763//1370
f 717//1287 764//1374 765//1375
f 610//1075 609//1072 608//1070
f 604//1063 611//1077 607//1069
f 610//1076 612//1080 609//1073
f 769//1385 768//1382 767//1379
f 621//1097 626//1106 624//1102
f 624//1103 626//1107 623//1100
f 616//1087 622//1098 627//1109
f 773//1394 772//1391 726//1298
f 772//1392 773//1395 774//1396
f 633//1119 640//1134 636//1127
f 636//1127 641//1136 639//1132
f 639//1133 641//1137 638//1130
f 631//1115 637//1128 642//1139
f 778//1406 777//1403 776//1400
f 777//1404 778//1407 779//1408
f 647//1147 654//1161 650//1153
f 650//1153 655//1163 653//1159
f 653//1160 655//1164 652//1157
f 645//1143 651//1154 656//1166
f 781//1412 733//1308 734//1312
f 733//1309 781//1413 782//1414
f 661//1175 668//1189 664//1181
f 664//1181 669//1191 667//1187
f 667//1188 669//1192 666//1185
f 659//1171 665//1182 670//1194
f 784//1418 737//1318 738//1322
f 737//1319 784//1419 785//1420
f 681//1217 680//1214 679//1213
f 675//1203 682//1219 678//1211
f 681//1218 683//1222 680//1215
f 685//1226 673//1201 684//1225
f 675//1205 678//1212 682//1220
f 789//1430 788//1427 787//1424
f 694//1242 693//1239 692//1238
f 691//1237 696//1246 694//1242
f 694//1243 696//1247 693//1240
f 698//1251 686//1229 697//1250
f 688//1233 699//1252 695//1245
f 793//1439 745//1332 792//1436
f 745//1333 793//1440 794//1441
o object_7
v 6.765E-05 -0.242 -8.585
v 0.01352 -0.2499 -8.585
v -6.735E-05 -0.2577 -8.601
v 0.01893 -0.2343 -8.525
v 0.0003956 -0.2266 -8.525
v -0.0182 -0.2342 -8.525
v -0.01346 -0.2498 -8.585
vn 0.001976 0.9012 -0.4334
vn 0.4432 0.7622 -0.4718
vn -7.716E-05 0.7049 -0.7093
vn 0.4314 0.8674 -0.2481
vn 0.003055 0.9681 -0.2505
vn -0.4261 0.8711 -0.2443
vn -0.4407 0.7661 -0.4679
f 868//1541 869//1542 870//1543
f 868//1541 871//1544 869//1542
f 872//1545 871//1544 868//1541
f 868//1541 873//1546 872//1545
f 868//1541 874//1547 873//1546
f 870//1543 874//1547 868//1541
o object_69
v -0.06511 0.8453 -5.304
v -0.06644 0.6813 -5.49
v -0.02197 0.8626 -5.284
v 0.1016 0.6806 -5.491
v 0.0605 0.8623 -5.285
v 0.1033 0.8445 -5.305
vn 0.0001668 0.7503 -0.6611
vn -0.0001668 -0.7503 0.6611
vn 0.0002429 0.7503 -0.6611
vn -0.0002429 -0.7503 0.6611
vn 0.0002625 0.7503 -0.6611
vn -0.0002625 -0.7503 0.6611
vn 0.0003758 0.7503 -0.6611
vn -0.0003758 -0.7503 0.6611
vn 0.0004042 0.7503 -0.6611
vn -0.0004042 -0.7503 0.6611
vn 0.0005069 0.7503 -0.6611
vn -0.0005069 -0.7503 0.6611
f 877//1552 876//1550 875//1548
f 877//1552 878//1554 876//1550
f 879//1556 878//1554 877//1552
f 879//1556 880//1558 878//1554
f 879//1557 878//1555 880//1559
f 879//1557 877//1553 878//1555
f 877//1553 876//1551 878//1555
f 877//1553 875//1549 876//1551
o object_68
v -0.07371 1.126 -4.296
v -0.07551 1.096 -4.677
v 0.02479 1.14 -4.296
v 0.02298 1.11 -4.677
v 0.01433 0.5309 -6.086
v 0.01775 0.8279 -5.595
v -0.05099 0.524 -6.082
v -0.06544 0.8172 -5.59
v -0.07059 0.9682 -5.284
v 0.01976 0.9823 -5.288
v -0.07261 1.055 -4.985
v 0.02145 1.069 -4.987
v -0.06846 1.106 -3.078
v -0.07085 1.138 -3.655
v 0.03007 1.128 -3.078
v 0.02768 1.16 -3.656
v 0.03239 1.046 -2.469
v -0.05771 1.034 -2.475
v 0.02515 1.142 -4.215
v -0.07334 1.128 -4.214
v -0.2973 0.665 -5.519
v -0.3374 0.5829 -5.481
v -0.2564 0.4767 -5.9
v -0.3184 0.4824 -5.657
v -0.3526 0.7015 -5.218
v -0.3117 0.7903 -5.24
v -0.3751 0.7835 -4.675
v -0.3679 0.7532 -4.951
v -0.3333 0.8877 -4.675
v -0.3238 0.8519 -4.962
v -0.3764 0.8121 -4.293
v -0.3349 0.9171 -4.294
v -0.3345 0.9207 -4.212
v -0.3222 0.9426 -3.654
v -0.3761 0.8157 -4.212
v -0.3555 0.8441 -3.653
v -0.3242 0.8498 -3.076
v -0.299 0.928 -3.076
v -0.1614 1.067 -3.077
v -0.1472 0.9935 -2.493
v -0.2508 1.005 -3.077
v -0.2162 0.9387 -2.518
v -0.1695 1.102 -3.655
v -0.2636 1.034 -3.654
v -0.2686 1.017 -4.213
v -0.172 1.092 -4.214
v -0.1724 1.089 -4.295
v -0.269 1.013 -4.294
v -0.1742 1.062 -4.676
v -0.2686 0.9868 -4.676
v -0.1727 1.021 -4.981
v -0.2605 0.9493 -4.973
v -0.2485 0.8749 -5.261
v -0.2336 0.7417 -5.554
v -0.1664 0.9351 -5.276
v -0.1587 0.7891 -5.576
v -0.171 0.4756 -6.052
v -0.2108 0.476 -5.996
v -0.2673 0.8533 -2.557
v -0.1105 0.5023 -6.073
v -0.3451 0.4947 -5.44
v -0.3686 0.6002 -5.193
v -0.3672 0.5141 -5.172
v -0.3809 0.6439 -4.939
v -0.387 0.6756 -4.674
v -0.3794 0.5355 -4.927
v -0.3845 0.5569 -4.674
v -0.3914 0.709 -4.293
v -0.3876 0.5972 -4.293
v -0.3703 0.7419 -3.653
v -0.3753 0.6406 -3.652
v -0.391 0.7127 -4.212
v -0.386 0.6027 -4.211
v -0.3379 0.7706 -3.076
v -0.3482 0.6867 -3.075
v -0.2861 0.7731 -2.595
v -0.2892 0.699 -2.629
v 0.1232 1.125 -4.296
v 0.1214 1.095 -4.678
v 0.07962 0.5235 -6.082
v 0.1009 0.8165 -5.591
v 0.11 0.9674 -5.285
v 0.1154 1.054 -4.986
v 0.1284 1.105 -3.079
v 0.126 1.137 -3.656
v 0.1223 1.033 -2.475
v 0.1235 1.127 -4.215
v 0.3321 0.6623 -5.521
v 0.2862 0.4743 -5.902
v 0.3717 0.5798 -5.484
v 0.3504 0.4796 -5.66
v 0.3903 0.6983 -5.221
v 0.35 0.7875 -5.243
v 0.4183 0.7801 -4.678
v 0.3774 0.8847 -4.678
v 0.4084 0.7499 -4.954
v 0.365 0.849 -4.965
v 0.4232 0.8086 -4.297
v 0.3825 0.9141 -4.297
v 0.3829 0.9176 -4.216
v 0.4236 0.8123 -4.216
v 0.3757 0.9396 -3.657
v 0.4081 0.8408 -3.656
v 0.382 0.8468 -3.079
v 0.3574 0.9251 -3.079
v 0.221 1.065 -3.079
v 0.3099 1.002 -3.079
v 0.2113 0.9919 -2.494
v 0.2797 0.9366 -2.52
v 0.2244 1.1 -3.656
v 0.3178 1.032 -3.657
v 0.3178 1.015 -4.216
v 0.2219 1.09 -4.215
v 0.2215 1.087 -4.297
v 0.2197 1.06 -4.678
v 0.3174 1.011 -4.297
v 0.3135 0.9843 -4.678
v 0.2153 1.019 -4.983
v 0.3025 0.9469 -4.975
v 0.2873 0.8726 -5.263
v 0.2056 0.9335 -5.277
v 0.2688 0.7395 -5.556
v 0.194 0.7876 -5.578
v 0.1994 0.474 -6.054
v 0.2398 0.474 -5.998
v 0.3296 0.8508 -2.56
v 0.139 0.5013 -6.074
v 0.3791 0.4916 -5.443
v 0.4037 0.5108 -5.175
v 0.4057 0.5969 -5.196
v 0.4205 0.6404 -4.943
v 0.4182 0.5321 -4.931
v 0.4293 0.6721 -4.678
v 0.4257 0.5534 -4.678
v 0.4373 0.7054 -4.297
v 0.4325 0.5937 -4.296
v 0.4221 0.7386 -3.656
v 0.4376 0.7092 -4.215
v 0.4262 0.6371 -3.656
v 0.4317 0.5992 -4.215
v 0.395 0.7675 -3.079
v 0.4046 0.6834 -3.079
v 0.3474 0.7703 -2.597
v 0.3496 0.6963 -2.632
vn -0.2744 0.959 -0.07149
vn -0.206 0.9732 -0.1021
vn 0.00393 0.9969 -0.07844
vn 0.003808 0.9946 -0.1041
vn 0.001396 0.8555 -0.5178
vn 0.001401 0.856 -0.5169
vn 0.001858 0.8936 -0.4489
vn -0.238 0.8296 -0.505
vn -0.2301 0.8329 -0.5034
vn -0.2063 0.8754 -0.4372
vn -0.2721 0.8958 -0.3514
vn 0.002391 0.9311 -0.3647
vn -0.2403 0.9496 -0.2011
vn 0.003427 0.9836 -0.1803
vn -0.3172 0.9467 0.05695
vn -0.3028 0.9457 0.1183
vn -0.2686 0.9629 0.02658
vn 0.004519 0.9985 0.05499
vn 0.004808 0.9918 0.1274
vn 0.004293 1 0.001818
vn 0.004832 0.9911 0.133
vn -0.2963 0.9471 0.1235
vn 0.004144 0.9995 -0.03103
vn -0.2625 0.9647 -0.01904
vn -0.8583 0.4176 -0.2982
vn -0.91 0.357 -0.2106
vn -0.7998 0.5307 -0.2805
vn -0.9688 0.1631 -0.1864
vn -0.9568 0.2402 -0.1639
vn -0.8599 0.4103 -0.3036
vn -0.9721 0.1431 -0.1859
vn -0.9493 0.2759 -0.1508
vn -0.9107 0.3828 -0.1554
vn -0.8169 0.5395 -0.204
vn -0.9729 0.2288 -0.03428
vn -0.9574 0.276 -0.08482
vn -0.9227 0.381 -0.0592
vn -0.8369 0.5419 -0.07721
vn -0.9122 0.3964 -0.1036
vn -0.8384 0.5308 -0.124
vn -0.9661 0.2573 -0.02266
vn -0.9286 0.3698 -0.03163
vn -0.8302 0.5558 -0.04272
vn -0.9297 0.3682 0.00597
vn -0.8334 0.5527 -0.006105
vn -0.9415 0.3361 0.02363
vn -0.8425 0.5378 0.03025
vn -0.9602 0.2787 0.018
vn -0.9742 0.2221 0.03893
vn -0.9696 0.2394 0.05012
vn -0.9701 0.219 0.1044
vn -0.9483 0.3137 0.04733
vn -0.8924 0.4368 0.1129
vn -0.8458 0.5314 0.04758
vn -0.4592 0.8804 0.1188
vn -0.4788 0.8759 0.05979
vn -0.5484 0.8271 0.1232
vn -0.6939 0.7098 0.1215
vn -0.7234 0.6885 0.05223
vn -0.7973 0.591 0.1228
vn -0.4544 0.8904 0.02663
vn -0.7262 0.6874 0.009717
vn -0.7272 0.6862 -0.01401
vn -0.519 0.8546 -0.01529
vn -0.4877 0.871 -0.0594
vn -0.6932 0.719 -0.04964
vn -0.4599 0.8837 -0.08762
vn -0.7365 0.6721 -0.07635
vn -0.5029 0.8423 -0.1941
vn -0.7717 0.6196 -0.1434
vn -0.7139 0.6496 -0.2615
vn -0.6619 0.6683 -0.3397
vn -0.6881 0.6074 -0.3971
vn -0.4934 0.803 -0.3343
vn -0.4104 0.8156 -0.4078
vn -0.4364 0.7624 -0.4779
vn -0.5532 0.7009 -0.4502
vn -0.6849 0.6084 -0.401
vn -0.9408 0.3206 0.1104
vn -0.4253 0.7651 -0.4835
vn -0.9945 0.01031 -0.1046
vn -0.9974 -0.01155 -0.07054
vn -0.9882 0.125 -0.08827
vn -0.9975 -0.03221 -0.06339
vn -0.9993 -0.01717 -0.03316
vn -0.9927 0.1113 -0.04711
vn -0.9997 -0.01972 -0.01641
vn -0.9935 0.11 -0.02868
vn -0.9992 -0.02107 -0.03297
vn -0.9996 -0.02577 -0.01079
vn -0.9996 -0.02783 -0.007051
vn -0.9918 0.1269 -0.0176
vn -0.9994 -0.03403 -0.004573
vn -0.9964 0.07354 0.04237
vn -0.9888 0.144 0.03875
vn -0.9993 0.01782 0.03321
vn -0.9996 0.002046 0.02831
vn -0.9892 0.1439 0.0291
vn -0.9987 -0.04521 0.02219
vn -0.9867 0.1377 0.08673
vn -0.9863 0.1569 0.05001
vn -0.9942 0.06858 0.08265
vn -0.9872 0.1132 0.1124
vn -0.9911 -0.01903 0.1315
vn 0.282 0.9566 -0.07393
vn 0.2135 0.9714 -0.104
vn 0.2406 0.8276 -0.5071
vn 0.2328 0.8309 -0.5054
vn 0.2099 0.8736 -0.439
vn 0.2767 0.8934 -0.3538
vn 0.2467 0.9475 -0.2033
vn 0.3257 0.9439 0.05413
vn 0.3119 0.9431 0.1156
vn 0.277 0.9606 0.02419
vn 0.3055 0.9445 0.1209
vn 0.2706 0.9625 -0.02137
vn 0.8592 0.4102 -0.3057
vn 0.9112 0.3492 -0.2186
vn 0.8018 0.5239 -0.2875
vn 0.8607 0.4029 -0.3112
vn 0.9685 0.1548 -0.1949
vn 0.9573 0.232 -0.1723
vn 0.9716 0.1348 -0.1944
vn 0.9503 0.2678 -0.1591
vn 0.9125 0.375 -0.1634
vn 0.8197 0.5325 -0.2112
vn 0.9745 0.2204 -0.04282
vn 0.9254 0.373 -0.0673
vn 0.8408 0.5348 -0.08456
vn 0.959 0.2678 -0.09322
vn 0.9147 0.3885 -0.1116
vn 0.8418 0.5236 -0.1314
vn 0.968 0.249 -0.03114
vn 0.9314 0.3618 -0.03978
vn 0.8345 0.5487 -0.05001
vn 0.9329 0.3602 -0.002193
vn 0.838 0.5456 -0.01343
vn 0.9627 0.2705 0.009573
vn 0.9446 0.328 0.01537
vn 0.8474 0.5305 0.02284
vn 0.9764 0.2137 0.03038
vn 0.972 0.2311 0.04161
vn 0.9728 0.2107 0.09591
vn 0.9514 0.3055 0.039
vn 0.8971 0.4291 0.1051
vn 0.8507 0.5241 0.04014
vn 0.4677 0.8764 0.1147
vn 0.4868 0.8717 0.05555
vn 0.701 0.7038 0.1154
vn 0.7297 0.6822 0.04586
vn 0.5565 0.8224 0.1184
vn 0.8034 0.5841 0.1158
vn 0.4622 0.8865 0.02261
vn 0.7322 0.6811 0.003326
vn 0.7329 0.68 -0.02041
vn 0.5262 0.8501 -0.01987
vn 0.4946 0.8668 -0.06371
vn 0.4666 0.8797 -0.09168
vn 0.6989 0.7131 -0.05574
vn 0.7415 0.6658 -0.08283
vn 0.5084 0.8379 -0.1986
vn 0.7757 0.613 -0.1502
vn 0.7171 0.6435 -0.2678
vn 0.4974 0.7987 -0.3386
vn 0.6646 0.6626 -0.3455
vn 0.6897 0.6015 -0.4031
vn 0.4138 0.8121 -0.4114
vn 0.4387 0.7586 -0.4817
vn 0.5553 0.6961 -0.4551
vn 0.6866 0.6025 -0.407
vn 0.9444 0.3125 0.1022
vn 0.4276 0.7614 -0.4873
vn 0.9936 0.001785 -0.1133
vn 0.9966 -0.04076 -0.07213
vn 0.9966 -0.0201 -0.07928
vn 0.9885 0.1165 -0.09693
vn 0.9988 -0.02573 -0.04192
vn 0.9931 0.1027 -0.05581
vn 0.9987 -0.02964 -0.04172
vn 0.9993 -0.02829 -0.02518
vn 0.9941 0.1015 -0.03739
vn 0.9992 -0.03433 -0.01955
vn 0.9992 -0.03639 -0.01581
vn 0.9926 0.1183 -0.0263
vn 0.999 -0.0426 -0.01333
vn 0.9973 0.06499 0.03363
vn 0.9903 0.1355 0.03008
vn 0.9998 -0.006523 0.01955
vn 0.9906 0.1354 0.02042
vn 0.9997 0.009248 0.02445
vn 0.9985 -0.05376 0.01344
vn 0.9885 0.1292 0.07807
vn 0.988 0.1485 0.04136
vn 0.9955 0.06006 0.07393
vn 0.9891 0.1048 0.1037
vn 0.9921 -0.02751 0.1228
f 915//1607 914//1605 913//1603
f 915//1607 916//1608 914//1605
f 952//1657 916//1608 915//1607
f 952//1657 950//1654 916//1608
f 916//1608 918//1611 914//1605
f 916//1608 917//1609 918//1611
f 954//1660 917//1609 916//1608
f 948//1650 947//1649 949//1652
f 948//1650 945//1646 947//1649
f 945//1646 946//1648 947//1649
f 945//1646 944//1644 946//1648
f 942//1641 946//1648 944//1644
f 942//1641 943//1643 946//1648
f 941//1640 943//1643 942//1641
f 902//1587 941//1640 942//1641
f 902//1587 904//1590 941//1640
f 903//1589 904//1590 902//1587
f 901//1584 903//1589 902//1587
f 901//1584 934//1632 903//1589
f 934//1632 938//1637 903//1589
f 934//1632 937//1636 938//1637
f 936//1635 937//1636 934//1632
f 936//1635 940//1639 937//1636
f 887//1567 940//1639 936//1635
f 888//1568 887//1567 936//1635
f 888//1568 886//1565 887//1567
f 886//1565 885//1564 887//1567
f 886//1565 960//1666 885//1564
f 961//1667 960//1666 886//1565
f 961//1667 1003//1727 960//1666
f 1003//1727 1007//1731 960//1666
f 1003//1727 1004//1728 1007//1731
f 1002//1725 1004//1728 1003//1727
f 1002//1725 1005//1729 1004//1728
f 969//1679 1005//1729 1002//1725
f 968//1676 969//1679 1002//1725
f 968//1676 970//1680 969//1679
f 970//1680 971//1682 969//1679
f 970//1680 1008//1732 971//1682
f 1010//1734 1008//1732 970//1680
f 1010//1734 1009//1733 1008//1732
f 1012//1738 1009//1733 1010//1734
f 1011//1736 1012//1738 1010//1734
f 1011//1736 1013//1739 1012//1738
f 1013//1739 1014//1741 1012//1738
f 1013//1739 1015//1742 1014//1741
f 982//1698 981//1697 980//1695
f 982//1698 983//1700 981//1697
f 985//1703 983//1700 982//1698
f 985//1703 984//1701 983//1700
f 983//1700 1018//1748 981//1697
f 983//1700 1017//1746 1018//1748
f 1021//1752 1017//1746 983//1700
f 951//1655 952//1656 953//1658
f 951//1655 950//1653 952//1656
f 955//1661 950//1653 951//1655
f 955//1661 954//1659 950//1653
f 956//1662 954//1659 955//1661
f 956//1662 917//1610 954//1659
f 939//1638 917//1610 956//1662
f 939//1638 918//1612 917//1610
f 922//1619 918//1612 939//1638
f 922//1619 921//1617 918//1612
f 920//1616 921//1617 922//1619
f 920//1616 919//1614 921//1617
f 898//1581 919//1614 920//1616
f 898//1581 893//1575 919//1614
f 895//1578 893//1575 898//1581
f 897//1580 895//1578 898//1581
f 897//1580 966//1674 895//1578
f 966//1674 964//1672 895//1578
f 966//1674 986//1706 964//1672
f 988//1710 986//1706 966//1674
f 988//1710 987//1708 986//1706
f 989//1711 987//1708 988//1710
f 989//1711 985//1704 987//1708
f 1006//1730 985//1704 989//1711
f 1006//1730 984//1702 985//1704
f 1023//1754 984//1702 1006//1730
f 1023//1754 1021//1751 984//1702
f 1022//1753 1021//1751 1023//1754
f 1022//1753 1017//1745 1021//1751
f 1019//1749 1017//1745 1022//1753
f 1019//1749 1018//1747 1017//1745
f 1020//1750 1018//1747 1019//1749
f 982//1699 987//1709 985//1705
f 982//1699 991//1713 987//1709
f 980//1696 991//1713 982//1699
f 980//1696 992//1714 991//1713
f 991//1713 990//1712 987//1709
f 991//1713 993//1715 990//1712
f 992//1714 993//1715 991//1713
f 990//1712 986//1707 987//1709
f 990//1712 964//1671 986//1707
f 965//1673 964//1671 990//1712
f 965//1673 895//1577 964//1671
f 896//1579 895//1577 965//1673
f 896//1579 894//1576 895//1577
f 900//1583 894//1576 896//1579
f 900//1583 923//1620 894//1576
f 926//1623 923//1620 900//1583
f 926//1623 924//1621 923//1620
f 925//1622 924//1621 926//1623
f 925//1622 913//1604 924//1621
f 967//1675 965//1673 990//1712
f 967//1675 896//1579 965//1673
f 899//1582 896//1579 967//1675
f 899//1582 900//1583 896//1579
f 921//1618 914//1606 918//1613
f 921//1618 924//1621 914//1606
f 923//1620 924//1621 921//1618
f 919//1615 923//1620 921//1618
f 919//1615 893//1574 923//1620
f 893//1574 894//1576 923//1620
f 893//1574 895//1577 894//1576
f 972//1683 1010//1735 970//1681
f 972//1683 976//1689 1010//1735
f 973//1684 976//1689 972//1683
f 973//1684 977//1690 976//1689
f 972//1683 968//1677 973//1684
f 972//1683 970//1681 968//1677
f 976//1689 1011//1737 1010//1735
f 976//1689 974//1686 1011//1737
f 975//1687 974//1686 976//1689
f 975//1687 979//1693 974//1686
f 974//1686 1013//1740 1011//1737
f 974//1686 1015//1743 1013//1740
f 978//1692 1015//1743 974//1686
f 1002//1724 1000//1722 968//1678
f 1002//1724 1001//1723 1000//1722
f 1003//1726 1001//1723 1002//1724
f 1003//1726 962//1669 1001//1723
f 961//1668 962//1669 1003//1726
f 961//1668 890//1571 962//1669
f 886//1566 890//1571 961//1668
f 886//1566 888//1569 890//1571
f 962//1669 998//1720 1001//1723
f 962//1669 963//1670 998//1720
f 890//1571 963//1670 962//1669
f 890//1571 892//1573 963//1670
f 891//1572 892//1573 890//1571
f 891//1572 882//1561 892//1573
f 929//1626 882//1561 891//1572
f 929//1626 881//1560 882//1561
f 927//1624 881//1560 929//1626
f 963//1670 995//1717 998//1720
f 963//1670 959//1665 995//1717
f 892//1573 959//1665 963//1670
f 892//1573 884//1563 959//1665
f 882//1561 884//1563 892//1573
f 882//1561 883//1562 884//1563
f 881//1560 883//1562 882//1561
f 959//1665 958//1664 995//1717
f 959//1665 883//1562 958//1664
f 884//1563 883//1562 959//1665
f 994//1716 995//1717 958//1664
f 994//1716 996//1718 995//1717
f 997//1719 995//1717 996//1718
f 997//1719 998//1720 995//1717
f 999//1721 998//1720 997//1719
f 999//1721 1000//1722 998//1720
f 973//1685 1000//1722 999//1721
f 973//1685 968//1678 1000//1722
f 999//1721 977//1691 973//1685
f 999//1721 975//1688 977//1691
f 997//1719 975//1688 999//1721
f 997//1719 979//1694 975//1688
f 996//1718 979//1694 997//1719
f 929//1626 928//1625 927//1624
f 929//1626 930//1627 928//1625
f 931//1628 930//1627 929//1626
f 931//1628 932//1629 930//1627
f 933//1630 932//1629 931//1628
f 933//1630 906//1593 932//1629
f 901//1586 906//1593 933//1630
f 930//1627 912//1602 928//1625
f 930//1627 909//1597 912//1602
f 932//1629 909//1597 930//1627
f 932//1629 910//1599 909//1597
f 906//1593 910//1599 932//1629
f 891//1572 931//1628 929//1626
f 891//1572 889//1570 931//1628
f 890//1571 889//1570 891//1572
f 890//1571 888//1569 889//1570
f 889//1570 935//1633 931//1628
f 889//1570 936//1634 935//1633
f 888//1569 936//1634 889//1570
f 935//1633 933//1630 931//1628
f 935//1633 934//1631 933//1630
f 936//1634 934//1631 935//1633
f 907//1594 944//1645 945//1647
f 907//1594 908//1595 944//1645
f 909//1596 908//1595 907//1594
f 909//1596 910//1598 908//1595
f 906//1592 908//1595 910//1598
f 906//1592 905//1591 908//1595
f 901//1585 905//1591 906//1592
f 901//1585 902//1588 905//1591
f 942//1642 905//1591 902//1588
f 942//1642 908//1595 905//1591
f 944//1645 908//1595 942//1642
f 948//1651 907//1594 945//1647
f 948//1651 911//1600 907//1594
f 912//1601 907//1594 911//1600
f 912//1601 909//1596 907//1594
f 901//1586 933//1630 934//1631
f 924//1621 913//1604 914//1606
f 955//1661 957//1663 956//1662
f 916//1608 950//1654 954//1660
f 977//1690 975//1687 976//1689
f 974//1686 979//1693 978//1692
f 993//1715 967//1675 990//1712
f 1016//1744 1014//1741 1015//1742
f 998//1720 1000//1722 1001//1723
f 1024//1755 1022//1753 1023//1754
f 1021//1752 983//1700 984//1701
o object_67
v 0.06387 3.209 5.204
v 0.06224 3.142 5.146
v 0.08725 3.142 5.145
v 0.0867 3.209 5.204
v 0.08698 3.209 5.266
v 0.06414 3.209 5.266
v 0.05505 3.209 5.235
v 0.0958 3.209 5.235
v 0.08804 3.143 5.325
v 0.06303 3.143 5.325
v 0.1 3.142 5.235
v 0.05026 3.142 5.235
v 0.9087 -0.501 -3.928
v 0.9004 -0.5074 -3.923
v 0.9304 -0.5027 -3.886
v 0.9008 -0.5178 -3.809
v 0.9305 -0.4758 -3.886
v 0.9088 -0.4777 -3.928
v 0.9387 -0.4724 -3.809
v 0.9385 -0.5057 -3.809
v 0.9011 -0.4601 -3.809
v 0.9005 -0.4711 -3.923
v -0.8699 -0.4933 -3.92
v -0.8913 -0.4949 -3.878
v -0.8616 -0.4999 -3.916
v -0.8611 -0.5102 -3.801
v -0.8698 -0.47 -3.921
v -0.8912 -0.468 -3.878
v -0.8986 -0.4646 -3.801
v -0.8987 -0.4979 -3.801
v -0.8614 -0.4635 -3.916
v -0.8609 -0.4525 -3.802
v -4.497 0.1069 1.376
v -4.511 0.1087 1.407
v -4.512 -0.06308 1.417
v -4.497 -0.06486 1.386
v -4.482 0.1086 1.407
v -4.496 0.1114 1.457
v -4.497 -0.06039 1.466
v -4.482 -0.06321 1.417
v 4.601 -0.1021 1.377
v 4.602 0.06966 1.367
v 4.587 0.06801 1.337
v 4.586 -0.1038 1.346
v 4.572 0.06978 1.368
v 4.587 0.07247 1.417
v 4.571 -0.102 1.377
v 4.586 -0.09932 1.427
vn -0.2255 0.8722 -0.4341
vn -0.7856 0.4019 -0.4704
vn 0.6064 0.5135 -0.6071
vn 0.3963 0.8077 -0.4365
vn 0.2329 0.8728 0.4288
vn -0.3894 0.8137 0.4316
vn -0.7231 0.6907 0.001097
vn 0.729 0.6845 -0.005263
vn 0.789 0.398 0.468
vn -0.602 0.5224 0.6039
vn 0.998 0.06299 -0.004574
vn -0.9974 0.07154 0.004164
vn 0.7752 -0.4761 -0.4152
vn 0.3727 -0.9093 -0.1851
vn 0.8347 -0.4801 -0.2699
vn 0.2814 -0.9564 -0.07869
vn 0.712 0.6583 -0.2444
vn 0.8429 0.3045 -0.4435
vn 0.9198 0.3753 -0.1144
vn 0.8006 -0.5895 -0.1079
vn 0.2896 0.9534 -0.08449
vn 0.3805 0.9049 -0.1906
vn -0.7829 -0.4694 -0.4083
vn -0.8411 -0.4729 -0.2625
vn -0.3821 -0.9061 -0.1818
vn -0.2903 -0.9539 -0.07618
vn -0.8442 0.3118 -0.4361
vn -0.7084 0.6644 -0.2381
vn -0.9175 0.3832 -0.1064
vn -0.8065 -0.5826 -0.1009
vn -0.3743 0.9082 -0.1873
vn -0.2821 0.9559 -0.08199
vn -0.9049 -0.01991 -0.4251
vn 0.004054 0.9985 -0.05536
vn 0.901 -0.02766 -0.433
vn -0.9985 0.007016 0.05367
vn 0.004054 0.9985 -0.05536
vn -0.98 -0.007071 -0.199
vn -0.00402 -0.9985 0.05538
vn -0.9049 -0.01991 -0.4251
vn -0.00402 -0.9985 0.05538
vn 0.901 -0.02766 -0.433
vn 0.004054 0.9985 -0.05536
vn 0.9781 -0.01547 -0.2076
vn 0.004054 0.9985 -0.05536
vn 0.96 0.01164 0.2799
vn -0.9573 0.01986 0.2883
vn -0.00402 -0.9985 0.05537
vn 0.96 0.01164 0.2799
vn -0.9573 0.01986 0.2883
vn -0.00402 -0.9985 0.05538
vn 0.999 -0.001551 0.04491
vn 0.9781 -0.01547 -0.2076
vn -0.00402 -0.9985 0.05538
vn 0.999 -0.00155 0.04492
vn 0.004054 0.9985 -0.05536
vn 0.901 -0.02766 -0.433
vn 0.004054 0.9985 -0.05536
vn -0.9049 -0.01992 -0.4251
vn 0.901 -0.02765 -0.433
vn -0.00402 -0.9985 0.05538
vn -0.9049 -0.01992 -0.4251
vn 0.004054 0.9985 -0.05536
vn -0.98 -0.007076 -0.199
vn 0.004054 0.9985 -0.05537
vn -0.9573 0.01986 0.2883
vn 0.96 0.01164 0.2799
vn -0.00402 -0.9985 0.05538
vn -0.9985 0.007012 0.05367
vn -0.00402 -0.9985 0.05537
vn -0.9573 0.01986 0.2883
vn 0.96 0.01164 0.2799
f 1067//1812 1065//1808 1068//1815
f 1067//1812 1066//1810 1065//1808
f 1066//1810 1072//1827 1065//1808
f 1066//1810 1070//1822 1072//1827
f 1066//1811 1069//1818 1070//1820
f 1066//1811 1067//1813 1069//1818
f 1065//1809 1071//1823 1068//1816
f 1065//1809 1072//1825 1071//1823
f 1068//1817 1069//1819 1067//1814
f 1068//1817 1071//1824 1069//1819
f 1071//1824 1070//1821 1069//1819
f 1071//1824 1072//1826 1070//1821
f 1064//1807 1062//1801 1063//1804
f 1064//1807 1061//1799 1062//1801
f 1060//1797 1061//1799 1064//1807
f 1060//1797 1057//1790 1061//1799
f 1059//1793 1057//1788 1060//1795
f 1059//1793 1058//1791 1057//1788
f 1063//1805 1058//1791 1059//1793
f 1063//1805 1062//1802 1058//1791
f 1061//1798 1058//1792 1062//1800
f 1061//1798 1057//1789 1058//1792
f 1064//1806 1059//1794 1060//1796
f 1064//1806 1063//1803 1059//1794
f 1034//1765 1031//1762 1036//1767
f 1034//1765 1030//1761 1031//1762
f 1029//1760 1030//1761 1034//1765
f 1029//1760 1031//1762 1030//1761
f 1032//1763 1031//1762 1029//1760
f 1032//1763 1025//1756 1031//1762
f 1028//1759 1025//1756 1032//1763
f 1028//1759 1027//1758 1025//1756
f 1032//1763 1027//1758 1028//1759
f 1032//1763 1035//1766 1027//1758
f 1033//1764 1035//1766 1032//1763
f 1029//1760 1033//1764 1032//1763
f 1029//1760 1034//1765 1033//1764
f 1031//1762 1026//1757 1036//1767
f 1031//1762 1025//1756 1026//1757
f 1051//1782 1052//1783 1055//1786
f 1051//1782 1048//1779 1052//1783
f 1047//1778 1048//1779 1051//1782
f 1047//1778 1049//1780 1048//1779
f 1052//1783 1056//1787 1055//1786
f 1052//1783 1053//1784 1056//1787
f 1048//1779 1053//1784 1052//1783
f 1048//1779 1054//1785 1053//1784
f 1050//1781 1054//1785 1048//1779
f 1039//1770 1044//1775 1040//1771
f 1039//1770 1043//1774 1044//1775
f 1041//1772 1043//1774 1039//1770
f 1041//1772 1045//1776 1043//1774
f 1046//1777 1045//1776 1041//1772
f 1041//1772 1042//1773 1046//1777
f 1041//1772 1039//1770 1042//1773
f 1039//1770 1037//1768 1042//1773
f 1039//1770 1038//1769 1037//1768
f 1040//1771 1038//1769 1039//1770
f 1027//1758 1026//1757 1025//1756
f 1049//1780 1050//1781 1048//1779
o object_66
v 0.06072 0.3875 4.638
v -0.1776 0.3204 2.321
v 0.05052 0.3804 2.319
v -0.1674 0.3274 4.639
v -0.3451 0.1543 2.322
v -0.3349 0.1613 4.641
v -0.4072 -0.07335 2.323
v -0.397 -0.06634 4.642
v -0.3471 -0.3015 2.323
v -0.3369 -0.2945 4.642
v -0.181 -0.469 2.323
v -0.1708 -0.462 4.642
v 0.04663 -0.531 2.322
v 0.05682 -0.524 4.641
vn 0.2547 -0.967 0.001802
vn 0.4171 -0.9089 0.0009127
vn 0.2547 -0.967 0.001802
vn 0.5716 -0.8206 -3.296E-05
vn 0.8156 -0.5786 -0.001837
vn 0.9052 -0.4249 -0.002695
vn 0.9956 -0.09323 -0.004094
vn 0.9964 0.08469 -0.004635
vn 0.9089 0.4171 -0.005255
vn 0.8206 0.5715 -0.005334
vn 0.5785 0.8156 -0.005007
vn 0.4248 0.9053 -0.004603
vn 0.2629 0.9648 -0.004071
vn 0.2629 0.9648 -0.004071
f 1073//1828 1074//1829 1075//1830
f 1073//1828 1076//1831 1074//1829
f 1076//1831 1077//1832 1074//1829
f 1076//1831 1078//1833 1077//1832
f 1078//1833 1079//1834 1077//1832
f 1078//1833 1080//1835 1079//1834
f 1080//1835 1081//1836 1079//1834
f 1080//1835 1082//1837 1081//1836
f 1082//1837 1083//1838 1081//1836
f 1082//1837 1084//1839 1083//1838
f 1084//1839 1085//1840 1083//1838
f 1084//1839 1086//1841 1085//1840
o object_65
v -0.397 -0.06634 4.642
v -0.4804 0.07891 4.702
v -0.5001 -0.06572 4.702
v -0.3349 0.1613 4.641
v -0.424 0.2135 4.701
v -0.3346 0.329 4.7
v -0.1674 0.3274 4.639
v -0.2185 0.4173 4.699
v -0.08337 0.4726 4.699
v 0.06072 0.3875 4.638
v 0.06142 0.491 4.698
v 0.2061 0.4713 4.697
v 0.2883 0.3254 4.637
v 0.3407 0.4149 4.697
v 0.4561 0.3256 4.697
v 0.4544 0.1579 4.637
v 0.5444 0.2094 4.697
v 0.5997 0.07429 4.697
v 0.5145 -0.07025 4.638
v 0.6182 -0.07051 4.697
vn 0.4724 -0.0908 0.8767
vn 0.4722 -0.125 0.8726
vn 0.5049 -0.06554 0.8607
vn 0.4107 -0.2345 0.8811
vn 0.4379 -0.2505 0.8634
vn 0.3456 -0.3421 0.8738
vn 0.2376 -0.4062 0.8824
vn 0.2532 -0.4336 0.8648
vn 0.1275 -0.4668 0.8751
vn 0.001866 -0.4682 0.8836
vn 0.001654 -0.4998 0.8661
vn -0.1238 -0.4657 0.8762
vn -0.2333 -0.4041 0.8844
vn -0.2493 -0.4315 0.867
vn -0.3409 -0.3392 0.8768
vn -0.4049 -0.231 0.8847
vn -0.4324 -0.2467 0.8673
vn -0.4656 -0.121 0.8767
vn -0.4655 -0.08678 0.8808
vn -0.4978 -0.06125 0.8651
f 1087//1842 1088//1843 1089//1844
f 1087//1842 1090//1845 1088//1843
f 1090//1845 1091//1846 1088//1843
f 1090//1845 1092//1847 1091//1846
f 1093//1848 1092//1847 1090//1845
f 1093//1848 1094//1849 1092//1847
f 1095//1850 1094//1849 1093//1848
f 1096//1851 1095//1850 1093//1848
f 1096//1851 1097//1852 1095//1850
f 1098//1853 1097//1852 1096//1851
f 1099//1854 1098//1853 1096//1851
f 1099//1854 1100//1855 1098//1853
f 1101//1856 1100//1855 1099//1854
f 1102//1857 1101//1856 1099//1854
f 1102//1857 1103//1858 1101//1856
f 1104//1859 1103//1858 1102//1857
f 1105//1860 1104//1859 1102//1857
f 1105//1860 1106//1861 1104//1859
o object_64
v 0.05052 0.3804 2.319
v 0.2883 0.3254 4.637
v 0.06072 0.3875 4.638
v 0.2781 0.3184 2.319
v 0.4544 0.1579 4.637
v 0.4442 0.1509 2.318
v 0.5145 -0.07025 4.638
v 0.5043 -0.07725 2.319
v 0.4525 -0.2978 4.639
v 0.4423 -0.3048 2.32
v 0.2849 -0.4639 4.64
v 0.2748 -0.4709 2.321
v 0.05682 -0.524 4.641
v 0.04663 -0.531 2.322
vn -0.2629 -0.9648 0.004071
vn -0.4248 -0.9053 0.004602
vn -0.2629 -0.9648 0.004071
vn -0.5785 -0.8156 0.005007
vn -0.8206 -0.5715 0.005333
vn -0.9089 -0.4171 0.005255
vn -0.9964 -0.08469 0.004635
vn -0.9956 0.09323 0.004094
vn -0.9052 0.4249 0.002695
vn -0.8156 0.5786 0.001837
vn -0.5716 0.8206 3.311E-05
vn -0.4171 0.9089 -0.0009126
vn -0.2547 0.967 -0.001802
vn -0.2547 0.967 -0.001802
f 1107//1862 1108//1863 1109//1864
f 1107//1862 1110//1865 1108//1863
f 1110//1865 1111//1866 1108//1863
f 1110//1865 1112//1867 1111//1866
f 1112//1867 1113//1868 1111//1866
f 1112//1867 1114//1869 1113//1868
f 1114//1869 1115//1870 1113//1868
f 1114//1869 1116//1871 1115//1870
f 1116//1871 1117//1872 1115//1870
f 1116//1871 1118//1873 1117//1872
f 1118//1873 1119//1874 1117//1872
f 1118//1873 1120//1875 1119//1874
o object_63
v 0.5145 -0.07025 4.638
v 0.5985 -0.2151 4.698
v 0.6182 -0.07051 4.697
v 0.4525 -0.2978 4.639
v 0.542 -0.3497 4.698
v 0.4527 -0.4652 4.699
v 0.2849 -0.4639 4.64
v 0.3365 -0.5535 4.7
v 0.2014 -0.6088 4.701
v 0.05682 -0.524 4.641
v 0.05664 -0.6272 4.701
v -0.08798 -0.6076 4.702
v -0.1708 -0.462 4.642
v -0.2226 -0.5511 4.702
v -0.338 -0.4618 4.703
v -0.3369 -0.2945 4.642
v -0.4264 -0.3456 4.703
v -0.4817 -0.2105 4.702
v -0.397 -0.06634 4.642
v -0.5001 -0.06572 4.702
vn -0.4647 0.09611 0.8802
vn -0.4645 0.1303 0.8759
vn -0.4973 0.07076 0.8647
vn -0.4029 0.2399 0.8832
vn -0.4303 0.2557 0.8657
vn -0.338 0.3474 0.8747
vn -0.2298 0.4115 0.882
vn -0.2456 0.4388 0.8644
vn -0.1198 0.4721 0.8734
vn 0.005889 0.4736 0.8807
vn 0.005947 0.5051 0.8631
vn 0.1315 0.471 0.8723
vn 0.2411 0.4095 0.8799
vn 0.2569 0.4367 0.8622
vn 0.3486 0.3444 0.8717
vn 0.4127 0.2364 0.8797
vn 0.44 0.252 0.8619
vn 0.4733 0.1263 0.8718
vn 0.4732 0.0921 0.8761
vn 0.5054 0.06647 0.8603
f 1121//1876 1122//1877 1123//1878
f 1121//1876 1124//1879 1122//1877
f 1124//1879 1125//1880 1122//1877
f 1124//1879 1126//1881 1125//1880
f 1127//1882 1126//1881 1124//1879
f 1127//1882 1128//1883 1126//1881
f 1129//1884 1128//1883 1127//1882
f 1130//1885 1129//1884 1127//1882
f 1130//1885 1131//1886 1129//1884
f 1132//1887 1131//1886 1130//1885
f 1133//1888 1132//1887 1130//1885
f 1133//1888 1134//1889 1132//1887
f 1135//1890 1134//1889 1133//1888
f 1136//1891 1135//1890 1133//1888
f 1136//1891 1137//1892 1135//1890
f 1138//1893 1137//1892 1136//1891
f 1139//1894 1138//1893 1136//1891
f 1139//1894 1140//1895 1138//1893
o object_62
v -0.5696 -0.06727 4.093
v -0.695 -0.1436 4.094
v -0.566 -0.1298 4.094
v -0.6911 0.06588 4.094
v -0.5497 0.09613 4.093
vn 0.004399 0.003022 1
vn 0.004403 0.003022 1
vn 0.004408 0.003013 1
vn 0.004394 0.003026 1
vn 0.004389 0.003022 1
f 1141//1896 1142//1897 1143//1898
f 1141//1896 1144//1899 1142//1897
f 1145//1900 1144//1899 1141//1896
o object_61
v 0.6823 -0.07263 4.088
v 0.805 0.05947 4.087
v 0.6638 0.09093 4.087
v 0.8071 -0.15 4.088
v 0.6782 -0.1352 4.088
vn 0.004392 0.003026 1
vn 0.004395 0.003027 1
vn 0.004401 0.003022 1
vn 0.004387 0.003028 1
vn 0.004384 0.003024 1
f 1146//1901 1147//1902 1148//1903
f 1146//1901 1149//1904 1147//1902
f 1150//1905 1149//1904 1146//1901
o object_60
v -0.9822 -0.1459 4.445
v -0.9896 -0.07231 4.462
v -0.9576 -0.06496 5.274
vn -0.9933 -0.1082 0.04012
vn -0.9933 -0.1082 0.04012
vn -0.9933 -0.1082 0.04012
f 1153//1908 1152//1907 1151//1906
o object_6
v -0.01346 -0.2498 -8.585
v -0.02597 -0.2527 -8.525
v -0.0182 -0.2342 -8.525
v -0.01352 -0.2653 -8.585
v -0.01836 -0.2713 -8.525
v -6.735E-05 -0.2577 -8.601
vn -0.9238 0.1344 -0.3585
vn -0.9853 0.002551 -0.1711
vn -0.9089 0.3802 -0.1712
vn -0.9684 -0.1902 -0.1613
vn -0.7587 0.001249 -0.6514
vn -0.9197 -0.3765 -0.1118
vn -0.7587 0.001249 -0.6514
f 1154//1909 1155//1910 1156//1911
f 1154//1909 1157//1912 1155//1910
f 1155//1910 1157//1912 1158//1914
f 1159//1915 1157//1913 1154//1909
o object_57
v 0.02479 1.14 -4.296
v 0.1235 1.127 -4.215
v 0.02515 1.142 -4.215
v 0.1232 1.125 -4.296
v 0.2219 1.09 -4.215
v 0.2215 1.087 -4.297
v 0.3178 1.015 -4.216
v 0.3174 1.011 -4.297
v 0.3829 0.9176 -4.216
v 0.3825 0.9141 -4.297
v 0.4236 0.8123 -4.216
v 0.4232 0.8086 -4.297
v 0.4376 0.7092 -4.215
v 0.4373 0.7054 -4.297
v 0.4317 0.5992 -4.215
v 0.4325 0.5937 -4.296
vn -0.1514 -0.988 0.03089
vn -0.22 -0.975 0.03163
vn -0.1493 -0.9884 0.02829
vn -0.2897 -0.9565 0.03474
vn -0.4475 -0.8936 0.03478
vn -0.5376 -0.8423 0.03754
vn -0.6971 -0.7161 0.03531
vn -0.7681 -0.6394 0.03368
vn -0.8686 -0.4947 0.02653
vn -0.9032 -0.4286 0.02305
vn -0.9578 -0.2868 0.01715
vn -0.9773 -0.2114 0.01406
vn -0.9973 -0.0725 0.007871
vn -0.9999 -0.01299 6.896E-05
vn -0.9988 0.04817 -0.005301
vn -0.999 0.04251 -0.01268
f 1160//1916 1161//1917 1162//1918
f 1160//1916 1163//1919 1161//1917
f 1163//1919 1164//1920 1161//1917
f 1163//1919 1165//1921 1164//1920
f 1165//1921 1166//1922 1164//1920
f 1165//1921 1167//1923 1166//1922
f 1167//1923 1168//1924 1166//1922
f 1167//1923 1169//1925 1168//1924
f 1169//1925 1170//1926 1168//1924
f 1169//1925 1171//1927 1170//1926
f 1171//1927 1172//1928 1170//1926
f 1171//1927 1173//1929 1172//1928
f 1173//1929 1174//1930 1172//1928
f 1173//1929 1175//1931 1174//1930
o object_56
v -0.07334 1.128 -4.214
v 0.02479 1.14 -4.296
v 0.02515 1.142 -4.215
v -0.07371 1.126 -4.296
v -0.172 1.092 -4.214
v -0.1724 1.089 -4.295
v -0.2686 1.017 -4.213
v -0.269 1.013 -4.294
v -0.3345 0.9207 -4.212
v -0.3349 0.9171 -4.294
v -0.3761 0.8157 -4.212
v -0.3764 0.8121 -4.293
v -0.391 0.7127 -4.212
v -0.3914 0.709 -4.293
v -0.386 0.6027 -4.211
v -0.3876 0.5972 -4.293
vn 0.2119 -0.9768 0.02974
vn 0.1432 -0.9892 0.0296
vn 0.1411 -0.9896 0.02701
vn 0.2818 -0.9589 0.03223
vn 0.4401 -0.8974 0.03088
vn 0.5307 -0.8469 0.03286
vn 0.6912 -0.722 0.02923
vn 0.7629 -0.646 0.02697
vn 0.8646 -0.5022 0.01894
vn 0.8996 -0.4364 0.01515
vn 0.9555 -0.295 0.008769
vn 0.9755 -0.2197 0.005504
vn 0.9967 -0.08105 -0.0008655
vn 0.9997 -0.02156 -0.00869
vn 0.9991 0.03961 -0.01405
vn 0.9992 0.03395 -0.02143
f 1176//1932 1177//1933 1178//1934
f 1176//1932 1179//1935 1177//1933
f 1180//1936 1179//1935 1176//1932
f 1180//1936 1181//1937 1179//1935
f 1182//1938 1181//1937 1180//1936
f 1182//1938 1183//1939 1181//1937
f 1184//1940 1183//1939 1182//1938
f 1184//1940 1185//1941 1183//1939
f 1186//1942 1185//1941 1184//1940
f 1186//1942 1187//1943 1185//1941
f 1188//1944 1187//1943 1186//1942
f 1188//1944 1189//1945 1187//1943
f 1190//1946 1189//1945 1188//1944
f 1190//1946 1191//1947 1189//1945
o object_55
v 0.9732 -0.1979 4.361
v 0.9172 -0.1926 4.362
v 0.9642 -0.1635 4.495
v 0.9389 -0.161 4.495
v 0.9035 -0.1389 4.495
v 0.8878 -0.1442 4.437
v 1.009 -0.1552 4.436
v 1.017 -0.1616 4.374
v 0.8781 -0.1506 4.374
v 0.9954 -0.1486 4.494
vn 0.3787 -0.8973 0.227
vn -0.4195 -0.8738 0.2461
vn 0.08073 -0.9637 0.2546
vn -0.3089 -0.9128 0.267
vn -0.5686 -0.7815 0.2568
vn -0.66 -0.7219 0.2082
vn 0.5634 -0.8045 0.188
vn 0.6009 -0.7836 0.158
vn -0.6928 -0.6983 0.18
vn 0.4723 -0.8493 0.2358
f 1198//1954 1192//1948 1199//1955
f 1198//1954 1201//1957 1192//1948
f 1194//1950 1192//1948 1201//1957
f 1194//1950 1193//1949 1192//1948
f 1195//1951 1193//1949 1194//1950
f 1195//1951 1196//1952 1193//1949
f 1197//1953 1193//1949 1196//1952
f 1197//1953 1200//1956 1193//1949
o object_54
v 0.9342 -0.159 4.362
v 0.931 -0.1925 4.335
v 0.9622 -0.1954 4.335
v 0.9654 -0.1618 4.361
v 0.9323 -0.1809 4.397
v 0.9635 -0.1838 4.397
v 0.9634 -0.1845 4.367
v 0.9322 -0.1817 4.367
v 0.9732 -0.1979 4.361
v 0.9643 -0.1635 4.495
v 0.9172 -0.1926 4.362
v 0.9389 -0.161 4.495
v 0.9035 -0.1389 4.495
v 0.8878 -0.1442 4.437
v 1.017 -0.1616 4.374
v 1.009 -0.1552 4.436
v 0.8781 -0.1506 4.374
v 0.9954 -0.1486 4.494
vn 0.05319 0.6144 -0.7872
vn 0.0796 0.8431 0.5318
vn -0.9958 0.09148 0.004097
vn 0.05319 0.6144 -0.7872
vn -0.9958 0.09147 0.004037
vn -0.08503 -0.9408 0.3281
vn 0.05319 0.6144 -0.7872
vn 0.9958 -0.09144 -0.004076
vn -0.08505 -0.9408 0.3282
vn 0.05319 0.6144 -0.7872
vn 0.0796 0.8431 0.5318
vn 0.9958 -0.09145 -0.004102
vn 0.0796 0.8431 0.5318
vn -0.9958 0.0915 0.004157
vn -0.09131 -0.9955 0.0253
vn 0.0796 0.8431 0.5318
vn 0.9958 -0.09145 -0.004128
vn -0.0913 -0.9955 0.02528
vn 0.9958 -0.09145 -0.004102
vn -0.08503 -0.9408 0.3281
vn -0.09128 -0.9955 0.02527
vn -0.9958 0.09148 0.004097
vn -0.08501 -0.9408 0.3281
vn -0.0913 -0.9955 0.02528
vn -0.3787 0.8973 -0.227
vn -0.08073 0.9637 -0.2546
vn 0.4195 0.8738 -0.2461
vn 0.3089 0.9128 -0.267
vn 0.5686 0.7815 -0.2568
vn 0.66 0.7219 -0.2082
vn -0.6009 0.7836 -0.158
vn -0.5634 0.8045 -0.188
vn 0.6928 0.6983 -0.18
vn -0.4723 0.8493 -0.2358
f 1202//1958 1204//1964 1203//1961
f 1202//1958 1205//1967 1204//1964
f 1205//1968 1206//1970 1207//1973
f 1205//1968 1202//1959 1206//1970
f 1210//1982 1217//1989 1216//1988
f 1210//1982 1219//1991 1217//1989
f 1211//1983 1219//1991 1210//1982
f 1212//1984 1211//1983 1210//1982
f 1212//1984 1213//1985 1211//1983
f 1214//1986 1213//1985 1212//1984
f 1212//1984 1215//1987 1214//1986
f 1212//1984 1218//1990 1215//1987
f 1208//1977 1203//1963 1204//1966
f 1208//1977 1209//1980 1203//1963
f 1209//1981 1207//1975 1206//1972
f 1209//1981 1208//1978 1207//1975
f 1208//1976 1205//1969 1207//1974
f 1208//1976 1204//1965 1205//1969
f 1209//1979 1202//1960 1203//1962
f 1209//1979 1206//1971 1202//1960
o object_53
v 0.9975 -0.09241 4.724
v 0.8937 -0.07365 4.724
v 0.8973 -0.05367 4.723
v 1.001 -0.07242 4.722
vn 0.01833 0.0802 0.9966
vn 0.01833 0.08018 0.9966
vn 0.01833 0.0802 0.9966
vn 0.01834 0.08022 0.9966
f 1220//1992 1222//1994 1221//1993
f 1220//1992 1223//1995 1222//1994
o object_52
v 0.9977 -0.08723 4.538
v 1.001 -0.07242 4.722
v 0.8973 -0.05367 4.723
v 0.894 -0.06847 4.539
v 0.9975 -0.09241 4.724
v 0.9941 -0.1072 4.54
v 0.8904 -0.08845 4.54
v 0.8937 -0.07365 4.724
vn 0.177 0.9808 -0.0822
vn 0.984 -0.1779 -0.003785
vn 0.177 0.9808 -0.0822
vn 0.984 -0.1779 -0.003785
vn 0.177 0.9808 -0.0822
vn -0.984 0.1779 0.003789
vn 0.177 0.9808 -0.0822
vn -0.9841 0.1778 0.003794
vn -0.177 -0.9808 0.0822
vn 0.984 -0.1779 -0.003786
vn -0.177 -0.9808 0.0822
vn 0.984 -0.1779 -0.003785
vn -0.177 -0.9808 0.0822
vn -0.984 0.1779 0.003789
vn -0.177 -0.9808 0.0822
vn -0.984 0.1779 0.003785
f 1224//1996 1226//2000 1225//1998
f 1224//1996 1227//2002 1226//2000
f 1230//2008 1228//2004 1231//2010
f 1230//2008 1229//2006 1228//2004
f 1229//2007 1225//1999 1228//2005
f 1229//2007 1224//1997 1225//1999
f 1230//2009 1226//2001 1227//2003
f 1230//2009 1231//2011 1226//2001
o object_51
v 0.9012 -0.03222 4.723
v 0.9048 -0.01223 4.724
v 1.009 -0.03098 4.724
v 1.005 -0.05098 4.722
vn -0.009582 -0.0742 0.9972
vn -0.009582 -0.07423 0.9972
vn -0.009582 -0.0742 0.9972
vn -0.009583 -0.07418 0.9972
f 1232//2012 1234//2014 1233//2013
f 1232//2012 1235//2015 1234//2014
o object_50
v 1.01 -0.01729 4.54
v 1.009 -0.03098 4.724
v 0.9048 -0.01223 4.724
v 0.9066 0.001465 4.54
v 1.005 -0.05098 4.722
v 1.007 -0.03728 4.538
v 0.903 -0.01853 4.539
v 0.9012 -0.03222 4.723
vn 0.1776 0.9813 0.07471
vn 0.984 -0.1779 -0.003789
vn 0.1776 0.9813 0.07471
vn 0.9841 -0.1778 -0.003784
vn 0.1776 0.9813 0.07471
vn -0.9841 0.1778 0.003784
vn 0.1776 0.9813 0.07471
vn -0.984 0.1779 0.003789
vn -0.1776 -0.9813 -0.07472
vn 0.984 -0.1779 -0.003789
vn -0.1776 -0.9813 -0.07472
vn 0.984 -0.1779 -0.003794
vn -0.1776 -0.9813 -0.07472
vn -0.984 0.1779 0.003793
vn -0.1777 -0.9812 -0.07471
vn -0.984 0.1779 0.003789
f 1236//2016 1238//2020 1237//2018
f 1236//2016 1239//2022 1238//2020
f 1242//2028 1240//2024 1243//2030
f 1242//2028 1241//2026 1240//2024
f 1236//2017 1240//2025 1241//2027
f 1236//2017 1237//2019 1240//2025
f 1239//2023 1243//2031 1238//2021
f 1239//2023 1242//2029 1243//2031
o object_5
v -6.635E-05 -0.2732 -8.585
v 0.01877 -0.2715 -8.525
v 0.0001706 -0.2791 -8.525
v 0.01346 -0.2655 -8.585
v -6.735E-05 -0.2577 -8.601
vn 0.4314 -0.8491 -0.3049
vn 0.435 -0.8935 -0.1114
vn 0.3767 -0.9217 -0.09216
vn 0.4508 -0.7931 -0.4095
vn 0.3722 -0.6583 -0.6543
f 1244//2032 1245//2033 1246//2034
f 1244//2032 1247//2035 1245//2033
f 1248//2036 1247//2035 1244//2032
o object_49
v 0.9438 -0.03218 4.702
v 0.9425 -0.03307 4.407
v 0.9636 -0.0369 4.407
v 0.9649 -0.03601 4.702
v 0.9299 -0.0486 4.702
v 0.9286 -0.04949 4.407
v 0.9371 -0.06885 4.702
v 0.9358 -0.06975 4.407
v 0.9583 -0.07268 4.702
v 0.957 -0.07357 4.407
v 0.9722 -0.05626 4.702
v 0.9709 -0.05715 4.407
v 0.9241 -0.0107 4.702
v 0.9112 -0.08207 4.702
v 0.978 -0.09416 4.702
v 0.9909 -0.02279 4.702
v 0.9242 -0.01062 4.73
v 0.991 -0.0227 4.729
v 0.9113 -0.08199 4.73
v 0.9781 -0.09408 4.73
vn -0.1541 0.9881 -0.002308
vn -0.5098 0.8603 -0.0003581
vn 0.4902 0.8716 -0.004788
vn 0.7787 0.6274 -0.005317
vn -0.7633 0.6461 0.001404
vn -0.9411 -0.338 0.005158
vn -0.7633 0.6461 0.001404
vn -0.9411 -0.338 0.005158
vn -0.7787 -0.6274 0.005319
vn -0.4902 -0.8716 0.004788
vn 0.154 -0.9881 0.002308
vn 0.5097 -0.8603 0.0003592
vn 0.7633 -0.6461 -0.001402
vn 0.9411 0.338 -0.005155
vn 0.7633 -0.6461 -0.001401
vn 0.9411 0.338 -0.005157
vn -0.004427 -0.003018 -1
vn 0.1779 0.984 -0.003739
vn -0.984 0.1779 0.003797
vn -0.004435 -0.003023 -1
vn -0.1779 -0.984 0.003746
vn -0.984 0.1779 0.003815
vn -0.004427 -0.003018 -1
vn -0.1779 -0.984 0.003746
vn 0.984 -0.1779 -0.003815
vn -0.004418 -0.003012 -1
vn 0.1779 0.984 -0.003739
vn 0.984 -0.1779 -0.003798
vn 0.1779 0.984 -0.003739
vn 0.004447 0.003007 1
vn -0.984 0.1779 0.00378
vn 0.1779 0.984 -0.00374
vn 0.004441 0.003015 1
vn 0.984 -0.1779 -0.00378
vn 0.004441 0.003015 1
vn -0.1779 -0.984 0.003746
vn -0.984 0.1779 0.003797
vn 0.004435 0.003023 1
vn -0.1779 -0.984 0.003746
vn 0.984 -0.1779 -0.003798
f 1253//2041 1250//2038 1254//2043
f 1253//2041 1249//2037 1250//2038
f 1249//2037 1251//2039 1250//2038
f 1249//2037 1252//2040 1251//2039
f 1252//2040 1260//2052 1251//2039
f 1252//2040 1259//2050 1260//2052
f 1264//2063 1265//2065 1266//2068
f 1264//2063 1261//2054 1265//2065
f 1266//2069 1267//2071 1268//2074
f 1266//2069 1265//2066 1267//2071
f 1262//2057 1268//2075 1267//2072
f 1262//2057 1263//2060 1268//2075
f 1268//2076 1264//2064 1266//2070
f 1268//2076 1263//2061 1264//2064
f 1263//2059 1261//2053 1264//2062
f 1263//2059 1262//2056 1261//2053
f 1261//2055 1267//2073 1265//2067
f 1261//2055 1262//2058 1267//2073
f 1254//2044 1255//2045 1253//2042
f 1254//2044 1256//2046 1255//2045
f 1256//2046 1257//2047 1255//2045
f 1256//2046 1258//2048 1257//2047
f 1258//2048 1259//2049 1257//2047
f 1258//2048 1260//2051 1259//2049
o object_48
v 0.8741 0.04334 4.359
v 0.9106 0.03643 4.359
v 0.873 0.03568 4.436
v 0.9096 0.02907 4.436
vn 0.1852 0.9776 0.09978
vn 0.1813 0.9785 0.09788
vn 0.1813 0.9785 0.09788
vn 0.1774 0.9794 0.09597
f 1271//2079 1270//2078 1269//2077
f 1271//2079 1272//2080 1270//2078
o object_47
v 1.017 0.01635 4.359
v 1.054 0.00952 4.358
v 1.016 0.009749 4.436
v 1.053 0.003136 4.435
vn 0.1832 0.9793 0.08601
vn 0.1804 0.9799 0.08463
vn 0.1804 0.9799 0.08463
vn 0.1776 0.9806 0.08326
f 1275//2083 1274//2082 1273//2081
f 1275//2083 1276//2084 1274//2082
o object_46
v -0.9015 0.02457 4.367
v -0.9 0.01796 4.444
v -0.9381 0.01806 4.367
v -0.9366 0.01166 4.444
vn -0.1741 0.9808 0.08759
vn -0.1712 0.9815 0.08619
vn -0.1712 0.9815 0.08619
vn -0.1684 0.9821 0.08478
f 1279//2087 1278//2086 1277//2085
f 1279//2087 1280//2088 1278//2086
o object_45
v -0.8592 -0.19 4.369
v -0.8487 -0.1557 4.503
v -0.8031 -0.1852 4.369
v -0.8234 -0.1535 4.502
v -0.7878 -0.1317 4.502
v -0.7727 -0.137 4.444
v -0.9029 -0.1533 4.382
v -0.8941 -0.1471 4.444
v -0.7636 -0.1436 4.381
v -0.8797 -0.1406 4.503
vn -0.3843 -0.894 0.2304
vn -0.08675 -0.963 0.2553
vn 0.4141 -0.8773 0.2425
vn 0.3034 -0.9155 0.2644
vn 0.5641 -0.7864 0.2518
vn 0.6556 -0.7275 0.2024
vn -0.6062 -0.7784 0.1633
vn -0.5686 -0.7997 0.1929
vn 0.6884 -0.7042 0.174
vn -0.4775 -0.8452 0.2399
f 1281//2089 1288//2096 1287//2095
f 1281//2089 1290//2098 1288//2096
f 1282//2090 1290//2098 1281//2089
f 1283//2091 1282//2090 1281//2089
f 1283//2091 1284//2092 1282//2090
f 1285//2093 1284//2092 1283//2091
f 1283//2091 1286//2094 1285//2093
f 1283//2091 1289//2097 1286//2094
o object_44
v -0.8198 -0.1514 4.369
v -0.8511 -0.154 4.369
v -0.8484 -0.1876 4.343
v -0.8172 -0.185 4.343
v -0.8178 -0.1734 4.404
v -0.8491 -0.176 4.404
v -0.8491 -0.1768 4.374
v -0.8179 -0.1742 4.374
v -0.8592 -0.19 4.369
v -0.8031 -0.1852 4.369
v -0.8487 -0.1557 4.503
v -0.8234 -0.1535 4.502
v -0.7878 -0.1317 4.502
v -0.7727 -0.137 4.444
v -0.8941 -0.1471 4.444
v -0.9029 -0.1533 4.382
v -0.7636 -0.1436 4.381
v -0.8797 -0.1406 4.503
vn -0.05482 0.6149 -0.7867
vn -0.06769 0.8437 0.5325
vn 0.9965 0.08297 -0.004642
vn -0.05482 0.6149 -0.7867
vn -0.06769 0.8437 0.5325
vn -0.9965 -0.08293 0.004636
vn -0.05482 0.6149 -0.7867
vn -0.9965 -0.08292 0.004694
vn 0.07984 -0.9415 0.3274
vn -0.05482 0.6149 -0.7867
vn 0.9965 0.08296 -0.004708
vn 0.07984 -0.9415 0.3274
vn -0.06769 0.8437 0.5325
vn 0.9965 0.08299 -0.004577
vn 0.08295 -0.9963 0.02449
vn -0.06768 0.8437 0.5325
vn -0.9965 -0.08294 0.004579
vn 0.08296 -0.9963 0.0245
vn -0.9965 -0.08293 0.004636
vn 0.07984 -0.9415 0.3274
vn 0.08298 -0.9962 0.02452
vn 0.9965 0.08297 -0.004642
vn 0.07983 -0.9415 0.3274
vn 0.08296 -0.9963 0.0245
vn 0.3843 0.894 -0.2304
vn -0.4141 0.8773 -0.2425
vn 0.08674 0.963 -0.2553
vn -0.3034 0.9155 -0.2644
vn -0.5641 0.7864 -0.2518
vn -0.6556 0.7275 -0.2024
vn 0.5686 0.7997 -0.1929
vn 0.6062 0.7784 -0.1633
vn -0.6884 0.7042 -0.174
vn 0.4775 0.8452 -0.2399
f 1291//2099 1293//2105 1292//2102
f 1291//2099 1294//2108 1293//2105
f 1292//2103 1295//2111 1291//2100
f 1292//2103 1296//2114 1295//2111
f 1305//2129 1299//2123 1306//2130
f 1305//2129 1308//2132 1299//2123
f 1301//2125 1299//2123 1308//2132
f 1301//2125 1300//2124 1299//2123
f 1302//2126 1300//2124 1301//2125
f 1302//2126 1303//2127 1300//2124
f 1304//2128 1300//2124 1303//2127
f 1304//2128 1307//2131 1300//2124
f 1297//2118 1294//2110 1298//2121
f 1297//2118 1293//2107 1294//2110
f 1298//2122 1296//2116 1297//2119
f 1298//2122 1295//2113 1296//2116
f 1292//2104 1297//2117 1296//2115
f 1292//2104 1293//2106 1297//2117
f 1291//2101 1298//2120 1294//2109
f 1291//2101 1295//2112 1298//2120
o object_43
v -0.758 0.05033 4.366
v -0.7563 0.04267 4.443
v -0.7946 0.04374 4.366
v -0.7929 0.03636 4.443
vn -0.176 0.9792 0.1014
vn -0.1721 0.9801 0.09942
vn -0.1721 0.9801 0.09942
vn -0.1682 0.9809 0.09749
f 1311//2135 1310//2134 1309//2133
f 1311//2135 1312//2136 1310//2134
o object_42
v -0.7826 -0.025 4.73
v -0.8865 -0.04287 4.73
v -0.8899 -0.02285 4.732
v -0.786 -0.004983 4.731
vn 0.01768 -0.0743 0.9971
vn 0.01768 -0.0743 0.9971
vn 0.01768 -0.0743 0.9971
vn 0.01768 -0.0743 0.9971
f 1313//2137 1315//2139 1314//2138
f 1313//2137 1316//2140 1315//2139
o object_41
v -0.8812 -0.07918 4.547
v -0.7772 -0.06131 4.546
v -0.7789 -0.04648 4.73
v -0.8828 -0.06435 4.73
v -0.8794 -0.08436 4.732
v -0.7754 -0.0665 4.732
v -0.7738 -0.08132 4.548
v -0.8777 -0.09919 4.548
vn -0.1693 0.9823 -0.08069
vn -0.9855 -0.1694 0.004841
vn -0.1693 0.9823 -0.08069
vn 0.9855 0.1694 -0.004841
vn -0.1693 0.9823 -0.08069
vn 0.9855 0.1694 -0.004841
vn -0.1693 0.9823 -0.08069
vn -0.9855 -0.1694 0.004845
vn 0.1693 -0.9823 0.08068
vn -0.9855 -0.1694 0.004849
vn 0.1693 -0.9823 0.08068
vn 0.9855 0.1694 -0.00484
vn 0.1693 -0.9823 0.08068
vn 0.9855 0.1694 -0.004841
vn 0.1693 -0.9823 0.08068
vn -0.9855 -0.1694 0.004845
f 1317//2141 1319//2145 1318//2143
f 1317//2141 1320//2147 1319//2145
f 1323//2153 1321//2149 1324//2155
f 1323//2153 1322//2151 1321//2149
f 1324//2156 1320//2148 1317//2142
f 1324//2156 1321//2150 1320//2148
f 1323//2154 1319//2146 1322//2152
f 1323//2154 1318//2144 1319//2146
o object_40
v -0.8794 -0.08436 4.732
v -0.8828 -0.06435 4.73
v -0.7789 -0.04648 4.73
v -0.7754 -0.0665 4.732
vn -0.008919 0.08034 0.9967
vn -0.008919 0.08034 0.9967
vn -0.008919 0.08034 0.9967
vn -0.00892 0.08034 0.9967
f 1325//2157 1327//2159 1326//2158
f 1325//2157 1328//2160 1327//2159
o object_4
v -0.01836 -0.2713 -8.525
v -6.635E-05 -0.2732 -8.585
v 0.0001706 -0.2791 -8.525
v -0.01352 -0.2653 -8.585
v -6.735E-05 -0.2577 -8.601
vn -0.4437 -0.8897 -0.1075
vn -0.4414 -0.8453 -0.3011
vn -0.3854 -0.9185 -0.08883
vn -0.5 -0.8569 -0.1258
vn -0.3836 -0.655 -0.651
vn -0.3836 -0.655 -0.651
f 1329//2161 1330//2162 1331//2163
f 1329//2161 1332//2164 1330//2162
f 1332//2165 1333//2166 1330//2162
o object_39
v -0.8932 -0.009133 4.548
v -0.7892 0.008733 4.547
v -0.786 -0.004983 4.731
v -0.8899 -0.02285 4.732
v -0.8865 -0.04287 4.73
v -0.7826 -0.025 4.73
v -0.7858 -0.01129 4.546
v -0.8897 -0.02915 4.546
vn -0.1686 0.9827 0.07623
vn -0.9855 -0.1694 0.004844
vn -0.1686 0.9827 0.07623
vn 0.9855 0.1694 -0.004844
vn -0.1686 0.9827 0.07623
vn 0.9855 0.1694 -0.004844
vn -0.1686 0.9827 0.07623
vn -0.9855 -0.1694 0.00484
vn 0.1686 -0.9827 -0.07623
vn -0.9855 -0.1694 0.004844
vn 0.1686 -0.9827 -0.07623
vn 0.9855 0.1694 -0.004844
vn 0.1686 -0.9827 -0.07623
vn 0.9855 0.1694 -0.004844
vn 0.1686 -0.9827 -0.07623
vn -0.9855 -0.1694 0.004849
f 1334//2167 1336//2171 1335//2169
f 1334//2167 1337//2173 1336//2171
f 1340//2179 1338//2175 1341//2181
f 1340//2179 1339//2177 1338//2175
f 1334//2168 1338//2176 1337//2174
f 1334//2168 1341//2182 1338//2176
f 1335//2170 1339//2178 1340//2180
f 1335//2170 1336//2172 1339//2178
o object_38
v -0.8253 -0.0246 4.71
v -0.8465 -0.02824 4.71
v -0.8478 -0.02914 4.415
v -0.8266 -0.02549 4.415
v -0.8115 -0.04114 4.71
v -0.8128 -0.04203 4.414
v -0.819 -0.06133 4.71
v -0.8203 -0.06222 4.415
v -0.8402 -0.06497 4.71
v -0.8415 -0.06587 4.415
v -0.854 -0.04843 4.71
v -0.8553 -0.04932 4.415
v -0.8054 -0.003291 4.71
v -0.8724 -0.0148 4.71
v -0.8601 -0.08628 4.71
v -0.7931 -0.07477 4.71
v -0.8053 -0.003208 4.737
v -0.8723 -0.01472 4.738
v -0.793 -0.07469 4.737
v -0.86 -0.0862 4.738
vn 0.1625 0.9867 -0.003695
vn -0.7733 0.6341 0.001484
vn -0.4827 0.8758 -0.0005238
vn 0.5171 0.8559 -0.004859
vn 0.7688 0.6395 -0.005312
vn 0.9382 -0.3461 -0.003079
vn 0.7688 0.6395 -0.005312
vn 0.9382 -0.3461 -0.003079
vn 0.7733 -0.6341 -0.001484
vn 0.4827 -0.8758 0.0005238
vn -0.1625 -0.9867 0.003695
vn -0.5171 -0.8559 0.004859
vn -0.7688 -0.6395 0.005312
vn -0.9382 0.3461 0.003079
vn -0.7688 -0.6395 0.005312
vn -0.9382 0.3461 0.003079
vn -0.00435 -0.003014 -1
vn -0.1694 0.9855 -0.002221
vn 0.9855 0.1694 -0.004834
vn -0.00435 -0.003014 -1
vn -0.1694 0.9855 -0.002236
vn -0.9855 -0.1694 0.004872
vn -0.00435 -0.003014 -1
vn 0.1694 -0.9855 0.002251
vn -0.9855 -0.1694 0.004872
vn -0.00435 -0.003014 -1
vn 0.1694 -0.9855 0.002254
vn 0.9855 0.1694 -0.004837
vn -0.1694 0.9855 -0.002236
vn 0.004365 0.003017 1
vn 0.9855 0.1694 -0.004831
vn -0.1694 0.9855 -0.002251
vn 0.004365 0.003017 1
vn -0.9855 -0.1694 0.004872
vn 0.004365 0.003017 1
vn 0.1694 -0.9855 0.002257
vn 0.9855 0.1694 -0.004834
vn 0.004365 0.003017 1
vn 0.1694 -0.9855 0.002254
vn -0.9855 -0.1694 0.004872
f 1345//2186 1346//2187 1347//2189
f 1345//2186 1342//2183 1346//2187
f 1344//2185 1342//2183 1345//2186
f 1344//2185 1343//2184 1342//2183
f 1353//2198 1343//2184 1344//2185
f 1353//2198 1352//2196 1343//2184
f 1348//2191 1347//2190 1346//2188
f 1348//2191 1349//2192 1347//2190
f 1350//2193 1349//2192 1348//2191
f 1350//2193 1351//2194 1349//2192
f 1352//2195 1351//2194 1350//2193
f 1352//2195 1353//2197 1351//2194
f 1360//2217 1359//2215 1361//2220
f 1360//2217 1358//2212 1359//2215
f 1361//2222 1355//2204 1356//2207
f 1361//2222 1359//2216 1355//2204
f 1357//2209 1361//2221 1356//2206
f 1357//2209 1360//2218 1361//2221
f 1355//2203 1358//2211 1354//2200
f 1355//2203 1359//2214 1358//2211
f 1356//2205 1354//2199 1357//2208
f 1356//2205 1355//2202 1354//2199
f 1360//2219 1354//2201 1358//2213
f 1360//2219 1357//2210 1354//2201
o object_37
v 0.06314 1.081 2.342
v 0.05467 1.268 2.399
v 0.05405 1.083 2.437
v 0.05444 1.268 2.345
v 0.05321 1.08 2.249
vn 0.9993 0.03731 -0.005698
vn 0.9985 0.03167 0.0451
vn 0.9954 0.01653 0.09462
vn 0.9973 0.04756 -0.0559
vn 0.9931 0.04828 -0.1071
f 1362//2223 1363//2224 1364//2225
f 1362//2223 1365//2226 1363//2224
f 1366//2227 1365//2226 1362//2223
o object_36
v 0.04412 1.081 2.343
v 0.05444 1.268 2.345
v 0.05321 1.08 2.249
v 0.05467 1.268 2.399
v 0.05405 1.083 2.437
vn -0.9989 0.04572 0.004008
vn -0.9974 0.05574 -0.04643
vn -0.9937 0.05606 -0.09696
vn -0.9977 0.04037 0.05455
vn -0.9942 0.02534 0.1047
f 1367//2228 1368//2229 1369//2230
f 1367//2228 1370//2231 1368//2229
f 1371//2232 1370//2231 1367//2228
o object_35
v 4.688 -0.01947 -0.29
v 4.667 -0.06077 -0.3216
v 4.667 -0.05701 -0.2539
vn -0.8859 0.4633 -0.02158
vn -0.8859 0.4633 -0.02158
vn -0.8859 0.4633 -0.02158
f 1372//2233 1373//2234 1374//2235
o object_34
v 4.715 -0.0361 -0.2892
v 4.699 -0.05715 -0.254
v 4.699 -0.06091 -0.3218
vn 0.8207 -0.5706 0.02785
vn 0.8207 -0.5706 0.02785
vn 0.8207 -0.5706 0.02785
f 1375//2236 1376//2237 1377//2238
o object_33
v 4.667 -0.16 -0.3161
v 4.687 -0.1977 -0.2801
v 4.667 -0.1562 -0.2484
vn -0.8896 -0.4557 0.02937
vn -0.8896 -0.4557 0.02937
vn -0.8896 -0.4557 0.02937
f 1378//2239 1379//2240 1380//2241
o object_32
v 4.699 -0.1564 -0.2485
v 4.715 -0.1813 -0.2812
v 4.699 -0.1601 -0.3163
vn 0.8253 0.5636 -0.03506
vn 0.8253 0.5636 -0.03506
vn 0.8253 0.5636 -0.03506
f 1381//2242 1382//2243 1383//2244
o object_31
v 4.744 -0.02379 2.052
v 4.734 -0.06564 -0.3172
v 4.745 0.06541 2.047
v 4.733 -0.1548 -0.3123
vn 1 -0.004285 -0.004383
vn 1 -0.004285 -0.004383
vn 1 -0.004279 -0.004383
vn 1 -0.00429 -0.004382
f 1384//2245 1385//2246 1386//2247
f 1384//2245 1387//2248 1385//2246
o object_30
v 4.687 -0.1977 -0.2801
v 4.699 -0.1601 -0.3163
v 4.715 -0.1813 -0.2812
v 4.667 -0.16 -0.3161
vn 0.198 -0.7102 -0.6756
vn 0.198 -0.7102 -0.6756
vn 0.3933 -0.6971 -0.5995
vn -0.006157 -0.6921 -0.7218
f 1388//2249 1389//2250 1390//2251
f 1388//2249 1391//2252 1389//2250
o object_3
v 0.01346 -0.2655 -8.585
v 0.02654 -0.2529 -8.525
v 0.01877 -0.2715 -8.525
v 0.01352 -0.2499 -8.585
v -6.735E-05 -0.2577 -8.601
v 0.01893 -0.2343 -8.525
vn 0.9275 -0.1383 -0.3474
vn 0.9837 -0.00586 -0.1797
vn 0.9154 -0.3843 -0.1199
vn 0.9217 0.1265 -0.3666
vn 0.753 -0.005218 -0.658
vn 0.9106 0.3724 -0.1792
f 1392//2253 1393//2254 1394//2255
f 1392//2253 1395//2256 1393//2254
f 1396//2257 1395//2256 1392//2253
f 1395//2256 1397//2258 1393//2254
o object_29
v 4.7 -0.0921 -0.486
v 4.7 -0.1473 -0.4829
v 4.676 -0.122 -0.5272
v 4.713 -0.06681 -0.4272
v 4.712 -0.1661 -0.4217
v 4.724 -0.02689 2.089
v 4.724 0.07236 2.083
vn 0.9381 -0.02296 -0.3456
vn 0.9547 -0.02032 -0.2968
vn 0.8739 -0.03043 -0.4851
vn 0.9948 -0.009657 -0.1017
vn 0.9948 -0.009657 -0.1017
vn 1 -0.004283 -0.004382
vn 1 -0.004283 -0.004382
f 1398//2259 1399//2260 1400//2261
f 1398//2259 1401//2262 1399//2260
f 1401//2262 1402//2263 1399//2260
f 1401//2262 1403//2264 1402//2263
f 1404//2265 1403//2264 1401//2262
o object_28
v 4.699 -0.06091 -0.3218
v 4.688 -0.01947 -0.29
v 4.715 -0.0361 -0.2892
v 4.667 -0.06077 -0.3216
vn 0.2034 0.6296 -0.7498
vn 0.2034 0.6296 -0.7498
vn 0.3987 0.6233 -0.6727
vn -0.0008747 0.6081 -0.7939
f 1405//2266 1406//2267 1407//2268
f 1405//2266 1408//2269 1406//2267
o object_27
v 4.699 -0.05715 -0.254
v 4.688 -0.01947 -0.29
v 4.667 -0.05701 -0.2539
v 4.715 -0.0361 -0.2892
vn 0.21 0.7085 0.6738
vn 0.21 0.7085 0.6738
vn 0.006135 0.6921 0.7218
vn 0.4045 0.6936 0.596
f 1409//2270 1410//2271 1411//2272
f 1409//2270 1412//2273 1410//2271
o object_26
v 4.713 -0.06555 -0.3171
v 4.733 -0.1548 -0.3123
v 4.713 -0.1547 -0.3122
v 4.734 -0.06564 -0.3172
vn -0.004627 -0.05535 -0.9985
vn -0.004627 -0.05535 -0.9985
vn -0.004651 -0.05536 -0.9985
vn -0.004602 -0.05534 -0.9985
f 1413//2274 1414//2275 1415//2276
f 1413//2274 1416//2277 1414//2275
o object_25
v 4.687 -0.1977 -0.2801
v 4.699 -0.1564 -0.2485
v 4.667 -0.1562 -0.2484
v 4.715 -0.1813 -0.2812
vn 0.2045 -0.6313 0.7481
vn 0.2045 -0.6313 0.7481
vn 0.000825 -0.6081 0.7939
vn 0.3992 -0.6268 0.6692
f 1417//2278 1418//2279 1419//2280
f 1417//2278 1420//2281 1418//2279
o object_24
v 4.734 -0.06564 -0.3172
v 4.724 0.0655 2.047
v 4.745 0.06541 2.047
v 4.713 -0.06555 -0.3171
vn 0.004073 0.9985 -0.05537
vn 0.004073 0.9985 -0.05537
vn 0.004073 0.9985 -0.05537
vn 0.004073 0.9985 -0.05537
f 1421//2282 1422//2283 1423//2284
f 1421//2282 1424//2285 1422//2283
o object_23
v 4.745 0.06541 2.047
v 4.724 -0.0237 2.052
v 4.744 -0.02379 2.052
v 4.724 0.0655 2.047
vn 0.004578 0.05536 0.9985
vn 0.004578 0.05536 0.9985
vn 0.004554 0.05537 0.9985
vn 0.004603 0.05536 0.9985
f 1425//2286 1426//2287 1427//2288
f 1425//2286 1428//2289 1426//2287
o object_22
v 4.713 -0.1547 -0.3122
v 4.744 -0.02379 2.052
v 4.724 -0.0237 2.052
v 4.733 -0.1548 -0.3123
vn -0.004073 -0.9985 0.05537
vn -0.004073 -0.9985 0.05537
vn -0.004075 -0.9985 0.05537
vn -0.00407 -0.9985 0.05537
f 1429//2290 1430//2291 1431//2292
f 1429//2290 1432//2293 1430//2291
o object_21
v -4.614 -0.1579 -0.2394
v -4.593 -0.1203 -0.2756
v -4.593 -0.1166 -0.2078
vn 0.8859 -0.4633 0.0216
vn 0.8859 -0.4633 0.0216
vn 0.8859 -0.4633 0.0216
f 1433//2294 1434//2295 1435//2296
o object_20
v -4.641 -0.1412 -0.2402
v -4.625 -0.1164 -0.2076
v -4.625 -0.1202 -0.2754
vn -0.8207 0.5706 -0.02785
vn -0.8207 0.5706 -0.02785
vn -0.8207 0.5706 -0.02785
f 1436//2297 1437//2298 1438//2299
o object_2
v 0.3796 -0.5904 -1.504
v 0.3826 0.1096 -1.506
v -0.3174 0.1126 -1.503
v -0.3204 -0.5874 -1.501
v 0.6962 -0.09834 -4.002
v 0.688 -0.1322 -4.002
v 0.6103 -0.1766 -4.001
v 0.5775 -0.1672 -4.001
v -0.6546 -0.09255 -3.996
v -0.5365 -0.1624 -3.996
v -0.5694 -0.1715 -3.996
v -0.6467 -0.1264 -3.996
v 0.5182 0.8527 1.846
v 0.3598 0.8282 1.58
v 0.3589 0.8714 1.757
v 0.5051 0.6393 1.768
v 0.3625 0.664 1.541
v 0.3578 0.628 1.752
v 0.8153 -0.3746 -2.415
v 0.8093 -0.5294 -2.416
v 0.8415 -0.4519 -2.435
v 0.7378 -0.5558 -2.41
v 0.7389 -0.3511 -2.409
v -0.7622 -0.3678 -2.408
v -0.7892 -0.4449 -2.428
v -0.7575 -0.5227 -2.41
v -0.6862 -0.5497 -2.404
v -0.6855 -0.345 -2.403
v 0.1451 1.068 1.976
v 0.1935 1.064 1.976
v 0.1554 1.115 2.006
v 0.2026 1.105 2.006
v 0.593 -0.7393 -1.522
v 0.4589 -1.019 -1.441
v 0.3782 -0.8811 -1.441
v 0.6438 -0.8749 -1.496
v -0.5351 -0.7345 -1.517
v -0.3209 -0.8781 -1.438
v -0.4028 -1.016 -1.437
v -0.5869 -0.8696 -1.491
v -0.4091 -0.5291 2.324
v -0.4052 0.3824 2.321
v 0.5063 0.3785 2.317
v 0.5024 -0.533 2.32
v 0.8034 0.1351 -3.538
v 0.7728 0.1782 -3.532
v 0.7365 0.1914 -3.53
v 0.8071 0.1017 -3.542
v 0.7079 0.1733 -3.532
v 0.7865 0.07707 -3.546
v -0.2139 1.04 1.107
v -0.02594 1.063 1.106
v -0.03575 1.144 1.156
v -0.2237 1.121 1.157
vn -0.004397 -0.003022 -1
vn -0.004397 -0.003022 -1
vn -0.004397 -0.003022 -1
vn -0.004397 -0.003022 -1
vn 0.006927 -0.005879 1
vn 0.006372 -0.005269 1
vn 0.006927 -0.005879 1
vn 0.007482 -0.006488 1
vn 0.001787 -0.005845 1
vn 0.001216 -0.006461 1
vn 0.001787 -0.005845 1
vn 0.002358 -0.00523 1
vn -0.2382 -0.944 0.2284
vn -0.8459 -0.1366 0.5156
vn -0.2382 -0.944 0.2284
vn -0.8458 -0.1364 0.5158
vn -0.2382 -0.944 0.2284
vn -0.7889 0.3132 0.5288
vn -0.8457 -0.1361 0.516
vn -0.09412 0.9817 0.1654
vn -0.09412 0.9817 0.1654
vn -0.3254 0.01925 -0.9454
vn -0.2479 0.01455 -0.9687
vn -0.55 0.02714 -0.8347
vn -0.09295 0.005173 -0.9957
vn -0.0867 0.007664 -0.9962
vn 0.3173 0.01649 -0.9482
vn 0.5429 0.02245 -0.8395
vn 0.2395 0.01245 -0.9708
vn 0.08426 0.004407 -0.9964
vn 0.07803 0.00695 -0.9969
vn 0.04819 0.5319 -0.8454
vn 0.08418 0.55 -0.8309
vn 0.08418 0.55 -0.8309
vn 0.12 0.5671 -0.8149
vn 0.186 0.1886 0.9643
vn 0.186 0.1886 0.9643
vn 0.2584 0.1511 0.9542
vn 0.1123 0.2249 0.9679
vn -0.1759 0.1902 0.9659
vn -0.2487 0.1532 0.9564
vn -0.1759 0.1902 0.9659
vn -0.1019 0.2258 0.9688
vn 0.004395 0.003022 1
vn 0.004396 0.003021 1
vn 0.004395 0.003022 1
vn 0.004395 0.003022 1
vn -0.003411 0.1383 -0.9904
vn -0.003286 0.1384 -0.9904
vn -0.003597 0.1381 -0.9904
vn -0.003761 0.138 -0.9904
vn -0.003874 0.1379 -0.9904
vn -0.003777 0.138 -0.9904
vn -0.06819 0.5167 -0.8535
vn -0.0682 0.5167 -0.8535
vn -0.06819 0.5167 -0.8535
vn -0.06819 0.5167 -0.8535
f 1483//2347 1485//2349 1484//2348
f 1483//2347 1486//2350 1485//2349
f 1486//2350 1487//2351 1485//2349
f 1486//2350 1488//2352 1487//2351
f 1468//2332 1469//2333 1470//2334
f 1468//2332 1467//2331 1469//2333
f 1475//2339 1477//2341 1476//2340
f 1475//2339 1478//2342 1477//2341
f 1447//2308 1449//2310 1448//2309
f 1447//2308 1450//2311 1449//2310
f 1443//2304 1445//2306 1444//2305
f 1443//2304 1446//2307 1445//2306
f 1462//2326 1464//2328 1463//2327
f 1462//2326 1466//2330 1464//2328
f 1461//2325 1458//2322 1460//2324
f 1461//2325 1457//2321 1458//2322
f 1439//2300 1441//2302 1440//2301
f 1439//2300 1442//2303 1441//2302
f 1472//2336 1471//2335 1473//2337
f 1472//2336 1474//2338 1471//2335
f 1454//2317 1452//2315 1455//2318
f 1454//2317 1451//2313 1452//2315
f 1481//2345 1479//2343 1482//2346
f 1481//2345 1480//2344 1479//2343
f 1491//2355 1489//2353 1492//2356
f 1491//2355 1490//2354 1489//2353
f 1453//2316 1452//2314 1451//2312
f 1455//2319 1456//2320 1454//2317
f 1459//2323 1458//2322 1457//2321
f 1464//2328 1466//2330 1465//2329
o object_19
v -4.593 -0.02109 -0.2811
v -4.613 0.02039 -0.2493
v -4.592 -0.01733 -0.2133
vn 0.8897 0.4557 -0.02937
vn 0.8897 0.4557 -0.02937
vn 0.8897 0.4557 -0.02937
f 1493//2357 1494//2358 1495//2359
o object_18
v -4.624 -0.01719 -0.2131
v -4.64 0.00399 -0.2482
v -4.625 -0.02095 -0.2809
vn -0.8253 -0.5636 0.03506
vn -0.8253 -0.5636 0.03506
vn -0.8253 -0.5636 0.03506
f 1496//2360 1497//2361 1498//2362
o object_17
v -4.659 -0.02539 -0.2761
v -4.649 0.01646 2.093
v -4.648 0.1057 2.088
v -4.66 -0.1146 -0.2711
vn -1 0.00429 0.004382
vn -1 0.00429 0.004382
vn -1 0.00429 0.004382
vn -1 0.00429 0.004382
f 1499//2363 1500//2364 1501//2365
f 1499//2363 1502//2366 1500//2364
o object_16
v -4.625 -0.1202 -0.2754
v -4.614 -0.1579 -0.2394
v -4.641 -0.1412 -0.2402
v -4.593 -0.1203 -0.2756
vn -0.21 -0.7085 -0.6738
vn -0.21 -0.7085 -0.6738
vn -0.4045 -0.6936 -0.596
vn -0.006113 -0.6921 -0.7218
f 1503//2367 1504//2368 1505//2369
f 1503//2367 1506//2370 1504//2368
o object_15
v -4.639 -0.02547 -0.2762
v -4.66 -0.1146 -0.2711
v -4.659 -0.02539 -0.2761
v -4.639 -0.1147 -0.2712
vn -0.004624 -0.05535 -0.9985
vn -0.004624 -0.05535 -0.9985
vn -0.004552 -0.05537 -0.9985
vn -0.004697 -0.05533 -0.9985
f 1507//2371 1508//2372 1509//2373
f 1507//2371 1510//2374 1508//2372
o object_14
v -4.639 -0.02674 -0.3862
v -4.628 0.01319 2.13
v -4.628 0.1124 2.124
v -4.64 -0.126 -0.3807
v -4.628 -0.1073 -0.442
v -4.628 -0.05213 -0.4451
v -4.604 -0.08222 -0.4865
vn -0.9957 -0.001131 -0.09294
vn -1 0.004283 0.004383
vn -1 0.004283 0.004383
vn -0.9957 -0.00113 -0.09294
vn -0.9574 -0.01213 -0.2884
vn -0.9413 -0.01491 -0.3373
vn -0.8784 -0.02293 -0.4774
f 1511//2375 1512//2376 1513//2377
f 1511//2375 1514//2378 1512//2376
f 1515//2379 1514//2378 1511//2375
f 1516//2380 1515//2379 1511//2375
f 1516//2380 1517//2381 1515//2379
o object_13
v -4.625 -0.02095 -0.2809
v -4.613 0.02039 -0.2493
v -4.593 -0.02109 -0.2811
v -4.64 0.00399 -0.2482
vn -0.2045 0.6313 -0.7481
vn -0.2045 0.6313 -0.7481
vn -0.0008937 0.6081 -0.7939
vn -0.3992 0.6267 -0.6692
f 1518//2382 1519//2383 1520//2384
f 1518//2382 1521//2385 1519//2383
o object_12
v -4.613 0.02039 -0.2493
v -4.624 -0.01719 -0.2131
v -4.592 -0.01733 -0.2133
v -4.64 0.00399 -0.2482
vn -0.198 0.7102 0.6755
vn -0.198 0.7102 0.6755
vn 0.00609 0.6921 0.7218
vn -0.3933 0.6971 0.5995
f 1522//2386 1523//2387 1524//2388
f 1522//2386 1525//2389 1523//2387
o object_11
v -4.648 0.1057 2.088
v -4.628 0.01638 2.093
v -4.628 0.1056 2.088
v -4.649 0.01646 2.093
vn 0.0046 0.05536 0.9985
vn 0.0046 0.05536 0.9985
vn 0.0046 0.05536 0.9985
vn 0.0046 0.05536 0.9985
f 1526//2390 1527//2391 1528//2392
f 1526//2390 1529//2393 1527//2391
o object_10
v -4.614 -0.1579 -0.2394
v -4.625 -0.1164 -0.2076
v -4.641 -0.1412 -0.2402
v -4.593 -0.1166 -0.2078
vn -0.2034 -0.6296 0.7499
vn -0.2034 -0.6296 0.7499
vn -0.3986 -0.6233 0.6727
vn 0.0008937 -0.6081 0.7939
f 1530//2394 1531//2395 1532//2396
f 1530//2394 1533//2397 1531//2395
o object_1
v 0.2108 0.3539 -6.533
v 0.224 0.4026 -6.504
v 0.2141 0.4053 -6.504
v 0.2009 0.3565 -6.533
v 0.2352 0.4415 -6.308
v 0.2261 0.4071 -6.261
v 0.2162 0.4098 -6.261
v 0.2253 0.4442 -6.308
v 0.1963 0.3703 -6.496
v 0.233 0.4023 -6.3
v 0.2075 0.4092 -6.3
v 0.2219 0.3635 -6.496
v 0.1803 0.3516 -6.567
v 0.1999 0.4199 -6.227
v 0.1642 0.3686 -6.513
v 0.2444 0.4035 -6.226
v 0.2603 0.3859 -6.28
v 0.1779 0.4166 -6.281
v 0.2256 0.3381 -6.567
v 0.2475 0.3414 -6.512
v 0.0722 0.383 -6.532
v 0.08243 0.3823 -6.532
v 0.08631 0.433 -6.504
v 0.07608 0.4338 -6.504
v 0.09029 0.4756 -6.308
v 0.08794 0.4413 -6.261
v 0.07771 0.4421 -6.261
v 0.08006 0.4764 -6.308
v 0.06521 0.3962 -6.495
v 0.09557 0.4368 -6.299
v 0.06919 0.4388 -6.299
v 0.09159 0.3942 -6.495
v 0.05283 0.3742 -6.565
v 0.1068 0.4431 -6.226
v 0.05986 0.4498 -6.226
v 0.03397 0.3885 -6.511
v 0.1256 0.4285 -6.28
v 0.03882 0.4408 -6.281
v 0.0999 0.3693 -6.565
v 0.1209 0.3782 -6.511
v -0.04871 0.3836 -6.531
v -0.05191 0.4343 -6.503
v -0.06214 0.4336 -6.503
v -0.05894 0.3829 -6.531
v -0.06404 0.4763 -6.307
v -0.05381 0.4769 -6.307
v -0.05134 0.4426 -6.26
v -0.06157 0.4419 -6.26
v -0.04128 0.3966 -6.495
v -0.06958 0.4376 -6.299
v -0.04318 0.4393 -6.299
v -0.06768 0.3949 -6.495
v -0.02971 0.3746 -6.565
v -0.03312 0.4502 -6.226
v -0.0801 0.4439 -6.225
v -0.01025 0.3887 -6.511
v -0.09954 0.4295 -6.279
v -0.01263 0.441 -6.281
v -0.09729 0.3791 -6.51
v -0.07681 0.3701 -6.564
v -0.1876 0.3556 -6.532
v -0.1776 0.3582 -6.532
v -0.1902 0.407 -6.503
v -0.2001 0.4044 -6.502
v -0.2092 0.4434 -6.306
v -0.1993 0.446 -6.306
v -0.1901 0.4115 -6.259
v -0.2 0.409 -6.259
v -0.1726 0.3719 -6.495
v -0.2073 0.4042 -6.298
v -0.1817 0.4109 -6.298
v -0.1982 0.3653 -6.495
v -0.1573 0.3531 -6.565
v -0.1734 0.4215 -6.225
v -0.1407 0.3699 -6.511
v -0.2181 0.4055 -6.224
v -0.2345 0.388 -6.278
v -0.152 0.418 -6.28
v -0.2242 0.3434 -6.51
v -0.2028 0.34 -6.565
v 1.006 0.6044 -2.916
v 0.978 0.642 -2.916
v 0.8542 0.5543 -3.286
v 0.8289 0.5844 -3.286
v 0.5416 0.4788 -3.285
v 0.5952 0.5242 -3.285
v 0.5507 0.4876 -2.914
v 0.6354 0.5595 -2.914
v 0.5883 0.363 2.38
v 0.532 0.4231 2.125
v 0.7886 0.3689 2.38
v 0.7545 0.4859 1.869
v 1.029 0.1266 2.713
v 1.024 0.3543 2.379
v 1.043 0.3257 2.379
v 0.5387 0.5019 -2.623
v 0.6316 0.5642 -2.624
v 0.5297 0.516 -2.332
v 0.6278 0.5688 -2.333
v 1.039 0.6688 -2.626
v 1.066 0.6293 -2.626
v 1.078 0.6829 -2.335
v 1.103 0.6435 -2.335
v 1.102 0.6449 -1.601
v 1.056 0.5955 -0.5628
v 1.076 0.6818 -1.601
v 1.027 0.634 -0.5628
v 0.396 0.5892 -0.5518
v 0.7218 0.6352 -0.5592
v 0.3912 0.5901 0.312
v 0.7052 0.6278 0.3105
v 1 0.6245 0.3092
v 1.027 0.5857 0.3092
v 0.5027 0.5276 -1.965
v 0.5676 0.5637 -1.966
v 0.4628 0.5393 -1.598
v 0.5074 0.5585 -1.598
v 0.6943 0.2613 2.648
v 0.875 0.4349 -3.286
v 0.8617 0.3031 -3.286
v 1.036 0.2439 -2.915
v 1.118 0.6496 -1.968
v 1.09 0.6894 -1.968
v 1.026 0.4737 1.868
v 1.047 0.4416 1.868
v 1.01 0.5882 -2.916
v 0.857 0.5382 -3.286
v 1.071 0.6082 -2.626
v 1.107 0.6255 -2.335
v 1.107 0.6224 -1.601
v 1.122 0.632 -1.968
v 1.062 0.5723 -0.5628
v 1.032 0.5615 0.3092
v 1.075 0.1274 2.379
v 1.072 0.2326 2.379
v 1.007 0.134 -2.915
v 1.098 0.0227 -2.624
v 1.177 0.06324 -1.967
v 1.169 0.4372 -1.968
v 1.163 0.03739 -2.334
v 1.151 0.4362 -2.335
v 1.14 0.1187 -1.166
v 1.111 0.1526 -0.5617
v 1.151 0.4384 -1.601
v 1.103 0.4068 -0.5625
v 1.073 0.3167 1.868
v 1.078 0.1454 1.869
v 1.071 0.1474 0.3129
v 1.064 0.3926 0.3096
v 0.4028 0.5548 1.192
v 0.7088 0.5814 1.19
v 0.4849 0.4712 1.87
v 1.007 0.5721 1.179
v 1.033 0.537 1.17
v 1.051 0.4252 1.868
v 1.038 0.5131 1.149
v 1.068 0.3778 1.031
v 1.074 0.1654 1.032
v 0.9214 0.6543 -2.916
v 0.8442 0.6458 -2.915
v 0.784 0.5959 -3.286
v 0.7401 0.5899 -3.286
v 0.8791 0.6738 -2.625
v 0.9741 0.6841 -2.626
v 0.8888 0.6867 -2.334
v 1.013 0.7 -2.335
v 1.004 0.6972 -1.601
v 0.8227 0.678 -1.6
v 1.022 0.7053 -1.968
v 0.8589 0.685 -1.967
v 0.9598 0.6513 -0.5624
v 0.9357 0.6419 0.3094
v 0.9413 0.5895 1.189
v 0.9678 0.4875 1.868
v 0.9752 0.3673 2.379
v 0.9718 0.138 2.791
v 0.8757 0.1443 -3.184
v 1.108 0.2248 -2.625
v 1.16 0.08922 -1.6
v 0.937 0.656 -2.916
v 0.8005 0.5982 -3.286
v 0.99 0.6858 -2.626
v 1.028 0.7016 -2.335
v 1.036 0.7071 -1.968
v 1.019 0.6987 -1.601
v 0.9757 0.6524 -0.5626
v 0.9522 0.6429 0.3093
v 0.9589 0.5901 1.189
v 0.9843 0.4876 1.868
v 0.9904 0.3672 2.379
v 1.046 0.3152 2.379
v 1.041 0.4377 -2.916
v 0.9704 0.04009 -2.914
v 0.5341 0.4474 -3.912
v 0.5707 0.3843 -3.838
v 0.5261 0.4661 -3.906
v 1.11 0.4354 -2.625
v 0.8909 0.157 2.815
v 0.8094 0.1787 2.783
v 0.8304 0.2214 -3.305
v 0.7647 0.2606 -3.442
v 0.6913 0.2235 -3.442
v 0.7326 0.2356 -3.452
v 0.645 0.2857 -3.655
v 0.8361 0.1467 -3.245
v 0.8495 0.09796 -3.185
v 0.769 0.2063 -3.34
v 0.7096 0.2141 -3.4
v -0.9491 0.6128 -2.907
v -0.8007 0.5614 -3.279
v -0.9206 0.6501 -2.908
v -0.7751 0.5913 -3.279
v -0.4888 0.4832 -3.28
v -0.4946 0.4921 -2.909
v -0.542 0.5291 -3.28
v -0.5786 0.5647 -2.909
v -0.4868 0.3676 2.385
v -0.687 0.3752 2.386
v -0.4322 0.4272 2.13
v -0.6564 0.492 1.875
v -0.9268 0.135 2.721
v -0.9413 0.3342 2.387
v -0.9229 0.3627 2.387
v -0.4799 0.5062 -2.619
v -0.4683 0.5203 -2.328
v -0.5722 0.5693 -2.618
v -0.5658 0.574 -2.328
v -0.9783 0.6774 -2.617
v -1.015 0.6919 -2.326
v -1.006 0.6382 -2.617
v -1.04 0.6527 -2.326
v -1.033 0.654 -1.592
v -1.006 0.6908 -1.592
v -0.9787 0.6042 -0.5539
v -0.949 0.6424 -0.5542
v -0.3183 0.5922 -0.5487
v -0.3059 0.5931 0.315
v -0.6438 0.641 -0.5532
v -0.6196 0.6334 0.3163
v -0.9145 0.6327 0.3176
v -0.9416 0.5942 0.3178
v -0.4379 0.5317 -1.961
v -0.3947 0.543 -1.594
v -0.5025 0.5682 -1.961
v -0.4391 0.5625 -1.594
v -0.5913 0.2668 2.654
v -0.8226 0.4422 -3.279
v -0.9816 0.2526 -2.906
v -0.8104 0.3103 -3.278
v -1.052 0.6589 -1.959
v -1.024 0.6985 -1.959
v -0.9278 0.482 1.877
v -0.9495 0.4501 1.877
v -0.9527 0.5966 -2.907
v -0.8037 0.5453 -3.279
v -1.011 0.6171 -2.617
v -1.044 0.6347 -2.326
v -1.039 0.6316 -1.592
v -1.057 0.6413 -1.959
v -0.9846 0.581 -0.5538
v -0.9465 0.57 0.3179
v -0.9751 0.1362 2.388
v -0.9716 0.2413 2.388
v -1.043 0.03187 -2.615
v -0.9534 0.1424 -2.906
v -1.116 0.07307 -1.957
v -1.106 0.04712 -2.324
v -1.105 0.4469 -1.958
v -1.091 0.4458 -2.325
v -1.071 0.1282 -1.156
v -1.084 0.448 -1.591
v -1.037 0.1618 -0.5523
v -1.027 0.4159 -0.5531
v -0.9768 0.3255 1.877
v -0.9827 0.1542 1.878
v -0.9895 0.1563 0.3219
v -0.9805 0.4014 0.3186
v -0.3101 0.5579 1.195
v -0.387 0.4749 1.874
v -0.6159 0.587 1.196
v -0.9144 0.5803 1.188
v -0.9402 0.5455 1.178
v -0.9531 0.4338 1.877
v -0.9459 0.5216 1.158
v -0.9787 0.3865 1.04
v -0.9863 0.1742 1.041
v -0.8638 0.6619 -2.908
v -0.7302 0.6024 -3.28
v -0.7867 0.6527 -2.908
v -0.6863 0.596 -3.28
v -0.8188 0.6811 -2.618
v -0.8258 0.694 -2.327
v -0.9137 0.6922 -2.617
v -0.9501 0.7084 -2.326
v -0.9348 0.7055 -1.593
v -0.9557 0.7138 -1.959
v -0.7534 0.6847 -1.593
v -0.7928 0.6921 -1.96
v -0.8816 0.6592 -0.5544
v -0.85 0.6495 0.3172
v -0.8483 0.5972 1.197
v -0.8697 0.4954 1.876
v -0.8737 0.3752 2.387
v -0.8686 0.1459 2.799
v -0.7807 0.2049 -3.298
v -1.052 0.2341 -2.615
v -1.096 0.09889 -1.59
v -0.8794 0.6638 -2.908
v -0.7466 0.6048 -3.28
v -0.9296 0.6941 -2.617
v -0.965 0.7101 -2.326
v -0.97 0.7157 -1.959
v -0.949 0.7071 -1.593
v -0.8975 0.6604 -0.5544
v -0.8664 0.6507 0.3173
v -0.8659 0.598 1.197
v -0.8862 0.4956 1.876
v -0.8888 0.3752 2.387
v -0.9448 0.3237 2.387
v -0.9854 0.4464 -2.907
v -0.9181 0.04818 -2.906
v -0.5235 0.389 -3.833
v -0.4871 0.4518 -3.907
v -0.4789 0.4704 -3.902
v -1.052 0.4447 -2.616
v -0.7874 0.1642 2.822
v -0.7059 0.1852 2.79
v -0.6693 0.2021 -3.418
v -0.597 0.291 -3.65
v -0.7676 0.1248 -3.191
v 0.1723 0.4037 -6.768
v 0.1201 0.4141 -6.768
v 0.1191 0.4154 -6.907
v 0.1727 0.4047 -6.907
v 0.07584 0.3845 -6.768
v 0.07376 0.3851 -6.907
v 0.06433 0.3266 -6.768
v 0.06312 0.3315 -6.906
v 0.06093 0.2945 -6.906
v 0.1943 0.2678 -6.907
v 0.1907 0.3032 -6.768
v 0.1924 0.3058 -6.907
v 0.2019 0.3594 -6.768
v 0.203 0.3594 -6.907
v 0.1216 0.4024 -6.936
v 0.1652 0.3937 -6.936
v 0.08455 0.3777 -6.936
v 0.07586 0.334 -6.936
v 0.1027 0.3075 -6.936
v 0.1849 0.2627 -6.938
v 0.1464 0.2988 -6.936
v 0.1813 0.313 -6.936
v 0.19 0.3567 -6.936
v 0.1433 0.3614 -6.572
v 0.1328 0.3453 -6.963
v 0.1251 0.2623 -7.018
v 0.2024 0.05488 -1.505
v 0.3264 -0.07013 -1.505
v 0.5307 -0.4591 -3.258
v 0.6039 -0.5548 -3.258
v 0.3217 -0.4107 -3.257
v 0.03257 0.1012 -1.504
v 0.02275 -0.3992 -3.256
v 0.02966 -0.579 -1.502
v 0.3202 -0.7561 -3.256
v 0.1999 -0.5341 -1.503
v 0.5298 -0.6598 -3.258
v 0.02109 -0.7872 -3.255
v 0.3249 -0.4102 -1.504
v 0.3712 -0.2404 -1.505
v 0.6911 -0.4254 -4.32
v 0.6416 -0.4015 -4.32
v 0.5011 -0.4099 -4.319
v 0.3306 -0.416 -4.319
v 0.01796 -0.4301 -4.317
v 0.1379 -0.8478 -4.317
v 0.2547 -0.83 -4.317
v 0.3985 -0.7769 -4.318
v 0.6997 -0.5293 -4.32
v 0.7149 -0.4663 -4.32
v 0.7123 -0.4971 -4.32
v 0.01616 -0.8534 -4.316
v 0.6115 -0.635 -4.319
v 0.5127 -0.7091 -4.319
v -0.1377 0.05633 -1.504
v -0.4857 -0.4547 -3.254
v -0.2627 -0.06761 -1.503
v -0.5597 -0.5498 -3.253
v -0.2763 -0.4081 -3.255
v -0.1402 -0.5327 -1.502
v -0.2778 -0.7536 -3.254
v -0.4865 -0.6554 -3.253
v -0.2641 -0.4077 -1.502
v -0.309 -0.2374 -1.502
v -0.6552 -0.4197 -4.314
v -0.6792 -0.4603 -4.314
v -0.6054 -0.3961 -4.315
v -0.4649 -0.4058 -4.315
v -0.2946 -0.4133 -4.316
v -0.2222 -0.8279 -4.315
v -0.1055 -0.8468 -4.315
v -0.3655 -0.7736 -4.315
v -0.6646 -0.5235 -4.314
v -0.5773 -0.6299 -4.314
v -0.6769 -0.4912 -4.314
v -0.4791 -0.7049 -4.314
v 0.7545 -0.4489 -4.096
v 0.8856 -0.4894 -3.987
v 0.8729 -0.4627 -3.971
v 0.8722 -0.4492 -3.809
v 0.8865 -0.4583 -3.809
v 0.7648 -0.4487 -3.726
v 0.8871 -0.4799 -3.645
v 0.7646 -0.4878 -3.627
v 0.8749 -0.5284 -3.809
v 0.8727 -0.5159 -3.971
v 0.7413 -0.5295 -4.096
v 0.887 -0.4969 -3.645
v 0.7514 -0.5274 -3.726
v 0.8868 -0.4638 -3.727
v 0.8866 -0.5134 -3.727
v 0.8871 -0.4883 -3.634
v 0.8859 -0.4693 -3.923
v 0.8862 -0.5194 -3.809
v 0.8858 -0.5091 -3.923
v 0.753 -0.4892 -4.113
v 0.7594 -0.4397 -3.809
v 0.7463 -0.5369 -3.808
v -0.7167 -0.4426 -4.09
v -0.8342 -0.4553 -3.963
v -0.8472 -0.482 -3.98
v -0.8319 -0.4419 -3.802
v -0.8463 -0.4509 -3.802
v -0.7238 -0.4423 -3.72
v -0.7231 -0.4814 -3.621
v -0.8457 -0.4724 -3.638
v -0.8353 -0.5211 -3.802
v -0.7042 -0.5233 -4.09
v -0.8344 -0.5086 -3.963
v -0.711 -0.5212 -3.72
v -0.8457 -0.4894 -3.638
v -0.8459 -0.4564 -3.719
v -0.8462 -0.5059 -3.719
v -0.8456 -0.4809 -3.627
v -0.8468 -0.4619 -3.916
v -0.847 -0.5016 -3.916
v -0.8465 -0.512 -3.801
v -0.7157 -0.4829 -4.106
v -0.719 -0.4333 -3.802
v -0.7067 -0.5307 -3.802
v -0.1591 -1.16 -3.842
v -0.1109 -0.9141 -3.933
v -0.1677 -1.158 -3.879
v -0.1291 -0.9042 -4.014
v -0.1161 -0.9105 -3.852
v -0.161 -1.159 -3.799
v -0.135 -0.9051 -3.93
v -0.1701 -1.158 -3.841
v 0.1232 1.125 -4.296
v 0.1235 1.127 -4.215
v 0.02479 1.14 -4.296
v 0.3504 0.4796 -5.66
v 0.4499 0.3756 -5.616
v 0.3791 0.4916 -5.443
v 0.07962 0.5235 -6.082
v 0.01382 0.474 -6.147
v 0.1557 0.455 -6.14
v 0.3762 0.3507 -6.07
v 0.2862 0.4743 -5.902
v 0.3178 1.015 -4.216
v 0.3174 1.011 -4.297
v 0.3829 0.9176 -4.216
v 0.3825 0.9141 -4.297
v 0.139 0.5013 -6.074
v 0.2219 1.09 -4.215
v 0.2215 1.087 -4.297
v 0.4373 0.7054 -4.296
v 0.4376 0.7092 -4.215
v 0.4232 0.8086 -4.297
v 0.4236 0.8123 -4.216
v 0.2913 0.4112 -6.107
v 0.2398 0.474 -5.998
v 0.1994 0.474 -6.054
v 0.1918 0.4434 -6.131
v 0.01433 0.5309 -6.086
v 0.5165 0.4272 -4.678
v 0.4325 0.5937 -4.296
v 0.4257 0.5534 -4.678
v 0.4317 0.5992 -4.215
v 0.4182 0.5321 -4.931
v 0.4037 0.5108 -5.175
v -0.07371 1.126 -4.296
v -0.172 1.092 -4.214
v -0.1724 1.089 -4.295
v -0.3184 0.4824 -5.657
v -0.3451 0.4947 -5.44
v -0.4185 0.3793 -5.612
v -0.05099 0.524 -6.082
v -0.1282 0.4563 -6.138
v -0.3489 0.3538 -6.067
v -0.2564 0.4767 -5.9
v -0.2686 1.017 -4.213
v -0.3345 0.9207 -4.212
v -0.269 1.013 -4.294
v -0.3349 0.9171 -4.294
v -0.1105 0.5023 -6.073
v -0.3914 0.709 -4.293
v -0.3764 0.8121 -4.293
v -0.391 0.7127 -4.212
v -0.3761 0.8157 -4.212
v -0.2638 0.4136 -6.105
v -0.2108 0.476 -5.996
v -0.171 0.4756 -6.052
v -0.1643 0.4449 -6.129
v -0.4763 0.4314 -4.673
v -0.3845 0.5569 -4.674
v -0.3876 0.5972 -4.293
v -0.386 0.6027 -4.211
v -0.3794 0.5355 -4.927
v -0.3672 0.5141 -5.172
v 0.675 -0.3702 -4.485
v 0.7205 -0.4145 -4.393
v 0.7065 -0.4214 -4.395
v 0.7461 -0.4605 -4.362
v 0.7307 -0.4635 -4.366
v 0.4035 -0.3711 -4.598
v 0.01692 -0.3875 -4.596
v 0.14 -0.8639 -4.347
v 0.2601 -0.8455 -4.347
v 0.4115 -0.7877 -4.348
v 0.5278 -0.7191 -4.349
v 0.6294 -0.6403 -4.35
v 0.7153 -0.5346 -4.354
v 0.7281 -0.4983 -4.36
v 0.01596 -0.8694 -4.346
v 0.6325 -0.3653 -4.599
v 0.5727 -0.3637 4.56
v 0.6259 -0.3979 4.089
v 0.4779 -0.4811 4.555
v 0.5121 -0.5365 4.09
v 0.1273 -0.3247 -8.11
v 0.1244 -0.3773 -7.707
v 0.2242 -0.3295 -7.708
v 0.1845 -0.1538 -8.111
v 0.3004 -0.0823 -7.709
v 0.1658 -0.1176 -8.111
v 0.2701 -0.02576 -7.709
v 0.0971 -0.06482 -8.111
v 0.1583 0.05841 -7.708
v 0.05174 -0.04871 -8.111
v 0.08458 0.08302 -7.708
v 0.7016 -0.1035 -2.269
v 1.007 -0.0872 -2.27
v 0.6432 -0.1047 -2.634
v 0.7353 -0.08212 -3.034
v 0.256 0.2838 -6.768
v 0.1376 0.3191 -6.768
v 0.5434 -0.618 2.845
v 0.5572 -0.6668 1.873
v 0.4038 -0.7457 2.846
v 0.4218 -0.7864 1.874
v 0.5708 -0.7118 0.3177
v 0.4259 -0.8258 0.3187
v 0.4258 -0.8839 -2.929
v 0.4286 -0.8639 -1.375
v 0.601 -0.7658 -2.93
v 0.5819 -0.7471 -1.377
v 0.7471 -0.1356 -1.824
v 0.7462 -0.3395 -1.823
v 0.771 -0.1676 -1.379
v 0.4951 -0.2723 -2.832
v 0.5483 -0.2757 -2.842
v 0.5389 -0.1181 -2.893
v 0.4887 -0.1347 -2.877
v 0.6556 -0.4723 1.872
v 0.6352 -0.448 2.844
v 0.6748 -0.4963 0.3166
v 0.7581 -0.5273 -2.931
v 0.6932 -0.6633 -2.931
v 0.7504 -0.5017 -1.378
v 0.6793 -0.6375 -1.377
v 0.136 -0.09029 -8.111
v 0.2216 0.02398 -7.709
v 0.3784 0.4892 4.088
v 0.5242 0.4222 2.842
v 0.5104 0.387 4.087
v 0.7193 -0.01585 -4.677
v 0.8019 -0.04215 -4.481
v 0.8037 -0.0145 -4.114
v 0.8603 -0.04119 -4.128
v 0.8991 -0.01352 -3.656
v 0.9593 -0.04018 -3.656
v 1.047 -0.01258 -3.14
v 1.099 -0.03926 -3.158
v 0.695 -0.07802 -4.661
v 0.7191 -0.08203 -4.075
v 1.329 -0.03791 -2.389
v 0.5738 0.1569 -5.616
v 0.5256 0.2716 -5.616
v 0.5429 0.1228 -6.005
v 0.4951 0.2273 -6.005
v 0.6758 -0.06277 -5.659
v 0.6241 -0.04335 -5.615
v 0.5835 -0.07 -6.005
v 0.6171 -0.0851 -5.615
v 1.035 -0.1062 -1.825
v 1.062 -0.1252 -1.38
v 1.394 -0.02591 -1.911
v 1.394 -0.03736 -1.897
v 1.394 -0.01506 -1.898
v 1.397 -0.07487 -1.161
v 1.362 -0.03758 -2.236
v 1.105 0.1034 2.841
v 1.08 -0.1671 2.841
v 1.119 0.07789 3.279
v 1.093 -0.1849 3.28
v 1.092 -0.1712 4.086
v 1.105 -0.08128 4.453
v 1.114 0.02374 4.086
v 1.114 -0.007797 4.435
v 0.7663 0.04333 4.087
v 0.805 0.05947 4.087
v 0.7678 0.02636 4.443
v 0.6425 -0.2816 -2.622
v 0.3135 -0.1379 -7.708
v 0.1914 -0.1951 -8.111
v 0.3132 -0.2034 -7.708
v 0.1912 -0.2358 -8.111
v 0.607 0.05202 -5.616
v 0.5701 0.02476 -6.005
v 0.06763 -0.299 -8.367
v 0.08591 -0.2792 -8.367
v 0.01877 -0.2715 -8.525
v 0.04935 -0.1556 -8.367
v 0.06916 -0.17 -8.367
v 0.08434 -0.1855 -8.367
v 0.01893 -0.2343 -8.525
v 0.09734 -0.2294 -8.367
v 0.09548 -0.255 -8.367
v 0.222 -0.3517 -6.766
v 0.3796 -0.2995 -6.767
v 0.1731 -0.3738 -7.262
v 0.3096 -0.3199 -7.263
v 0.3988 -0.008517 -7.264
v 0.4786 0.05346 -6.769
v 0.3586 0.06426 -7.264
v 0.4269 0.1422 -6.769
v 0.2105 0.1748 -7.264
v 0.1128 0.2065 -7.264
v 0.3576 0.2228 -6.769
v 0.2944 0.1248 -7.264
v 0.5025 -0.03349 -6.769
v 0.4139 -0.08692 -7.264
v 0.509 -0.2015 -4.074
v 0.6148 -0.1503 -4.075
v 0.4923 -0.2197 -4.659
v 0.5988 -0.1631 -4.66
v 0.03432 0.9314 -1.916
v 0.03239 1.046 -2.469
v 0.0679 0.9292 -1.929
v 0.005217 -0.394 -7.262
v 0.007432 -0.3843 -6.765
v 0.2807 -0.2591 -4.073
v 0.278 -0.2848 -4.658
v 0.1918 -0.2723 -4.072
v 0.01788 -0.3004 -4.463
v 0.01702 -0.3028 -4.657
v 0.6631 -0.3091 -2.932
v 0.7271 -0.3539 -2.932
v 0.7008 -0.2987 -2.267
v 0.6275 -0.342 -3.789
v 0.7233 -0.3733 -3.79
v 1.408 -0.007002 1.193
v 1.073 0.1142 0.7587
v 1.404 0.06844 0.3117
v 1.074 0.05926 1.135
v 0.6693 -0.2399 1.872
v 0.7196 -0.2219 0.3155
v 1.07 -0.1527 0.3138
v 1.077 -0.17 1.87
v 1.399 -0.08304 -0.7044
v 1.065 -0.1393 -0.7028
v 0.7403 -0.2046 -0.1301
v 3.521 -0.02021 1.529
v 1.407 -0.05826 1.199
v 3.521 0.01916 1.527
v 4.539 -0.00118 1.077
v 4.539 -0.05526 1.08
v 4.57 -0.00165 1.101
v 4.57 -0.05507 1.104
v 3.523 -0.02526 1.92
v 4.574 -0.0007545 1.915
v 4.573 0.006994 1.695
v 0.5633 0.3309 -4.678
v 0.5606 -0.1876 -5.615
v 0.4625 -0.2657 -5.614
v 0.2688 -0.3154 -5.613
v 0.2614 -0.3315 -6.002
v 0.435 -0.2786 -6.003
v 0.01091 -0.3542 -6.002
v 0.3802 0.5307 2.842
v 0.2397 0.5743 3.373
v 0.2779 0.5753 2.809
v 0.6114 0.2542 4.087
v 0.5841 0.3312 2.842
v 0.08808 -0.8992 0.1678
v 0.0356 -0.9015 0.1681
v 0.03628 -0.8997 0.3206
v 0.1357 -0.8926 0.3201
v 0.04329 -0.8545 1.876
v 0.2588 -0.8831 0.3196
v 0.2463 -0.8344 1.875
v 0.2287 -0.6882 4.092
v 0.1295 -0.745 3.679
v 0.05362 -0.7093 4.093
v 0.05162 -0.7535 3.679
v 0.2722 -0.2438 -3.788
v 0.2718 -0.3396 -3.788
v 0.1914 -0.3627 -4.072
v 0.6121 -0.00599 -5.615
v 0.669 0.09379 -4.677
v 0.6138 0.22 -4.677
v 0.6831 -0.2293 2.843
v 0.8071 -0.15 4.088
v 0.6813 -0.1944 3.818
v 0.6782 -0.1352 4.088
v 0.3784 -0.6336 4.091
v 0.3471 0.5653 1.897
v 0.2453 -0.805 2.847
v 0.04768 -0.8231 2.848
v 0.8101 0.1757 2.842
v 1.4 0.08029 -0.5628
v 1.397 0.05106 -1.169
v 0.4221 -0.8628 -3.787
v 0.5973 -0.7566 -3.788
v 0.6798 -0.6578 -3.789
v 0.7488 -0.5338 -3.789
v 0.765 -0.4849 -3.79
v 0.7672 -0.4739 -2.931
v 0.7674 -0.4204 -2.932
v 0.764 -0.436 -3.79
v 0.2717 -0.9333 -2.928
v 0.268 -0.9105 -3.786
v 0.273 -0.9297 -2.389
v 0.2512 -0.9248 -1.374
v 0.77 -0.3836 -1.378
v 0.5126 -0.179 -3.654
v 0.5384 -0.1234 -2.991
v 0.00328 -0.3909 -7.706
v 0.01049 0.3323 -6.768
v 0.007829 0.2176 -7.263
v 0.005342 0.09165 -7.708
v 0.5262 -0.2016 -6.004
v 0.4638 -0.2301 -6.768
v 0.504 -0.1264 -6.768
v 0.4173 -0.166 -7.264
v 0.3783 -0.2555 -7.264
v 0.2842 -0.2719 -7.708
v 0.1737 -0.2809 -8.111
v 1.31 -0.01295 -2.24
v 0.6858 0.2084 -3.655
v 0.8632 0.07501 -3.34
v 1.281 -0.01126 -2.379
v 4.573 -0.01782 1.696
v 0.8741 0.04334 4.359
v 0.9106 0.03643 4.359
v 0.6529 0.1798 3.726
v 0.8144 0.118 3.725
v 0.6638 0.09093 4.087
v 0.7375 -0.01626 4.087
v 0.7391 -0.01508 4.454
v 0.7543 -0.08988 4.088
v 0.7559 -0.08145 4.454
v 0.9467 -0.1849 3.827
v 0.9851 -0.1814 3.898
v 0.9993 -0.1804 3.889
v 1.074 -0.1219 1.146
v 1.403 -0.0761 0.3121
v 4.519 -0.05477 1.103
v 4.571 -0.0441 1.302
v 1.034 -0.1757 4.087
v 1.016 -0.177 4.087
v 0.8736 -0.1724 4.087
v 0.9138 -0.2179 4.087
v 0.9089 -0.1848 3.899
v 0.9274 -0.2051 3.899
v 0.8682 -0.1562 4.262
v 0.9141 -0.2053 4.262
v 0.8781 -0.1506 4.374
v 0.9172 -0.1926 4.362
v 0.9732 -0.1979 4.361
v 1.017 -0.1616 4.374
v 0.9757 -0.2114 4.262
v 1.025 -0.1672 4.261
v 0.9685 -0.2236 4.087
v 0.9594 -0.2087 3.899
v 1.097 -0.1548 4.436
v 0.6732 -0.2381 4.088
v 0.5478 -0.2838 -2.945
v 0.01763 -0.3862 -4.435
v 0.7359 -0.08769 -3.655
v 0.02869 -0.9389 -1.373
v 0.1151 -0.9581 -2.284
v 0.02461 -0.9588 -2.284
v 0.08369 -0.9298 -0.8031
v 0.1125 -0.8951 0.2841
v 0.002999 -0.04308 -8.111
v 0.02654 -0.2529 -8.525
v 0.09383 -0.206 -8.367
v 0.3296 0.8508 -2.56
v 0.357 0.6803 -2.372
v 0.3208 0.8335 -2.438
v 0.09885 0.9262 -1.961
v 0.1223 1.033 -2.475
v 0.1794 0.9162 -2.092
v 0.873 0.03569 4.436
v 0.8172 0.04577 4.436
v 0.9096 0.02907 4.436
v 1.016 0.009749 4.436
v 1.017 0.01635 4.359
v 1.013 -0.1521 4.374
v 0.8818 -0.1402 4.374
v 0.8878 -0.1442 4.437
v 1.009 -0.1552 4.436
v 0.8228 -0.126 4.442
v 0.8536 -0.1512 4.263
v 0.8593 -0.1676 4.087
v 0.8675 -0.1459 4.387
v 0.8755 -0.1407 4.438
v 0.683 -0.1999 3.666
v 1.021 -0.1552 4.436
v 1.031 -0.1604 4.384
v 4.571 0.009311 1.299
v 4.519 0.001172 1.1
v 0.01272 -0.3302 -5.612
v 0.001656 -0.3575 -8.11
v 0.06577 -0.3477 -8.11
v 0.02626 -0.1465 -8.367
v 0.03738 -0.3146 -8.367
v 0.0001716 -0.2791 -8.525
v 0.0006906 -0.32 -8.367
v 0.0003956 -0.2266 -8.525
v 0.001446 -0.1433 -8.367
v 0.624 -0.1406 -3.654
v 0.04975 -0.7912 3.289
v 0.1125 -0.7852 3.289
v 1.053 0.003137 4.435
v 1.054 0.009521 4.358
v 0.4046 0.6834 -3.079
v 0.3496 0.6963 -2.632
v 0.3474 0.7703 -2.597
v 0.6823 -0.07263 4.088
v 0.6447 -0.07112 4.534
v 0.6289 0.08166 4.534
v 0.4773 0.3468 4.533
v 0.5705 0.2242 4.533
v 0.3555 0.4411 4.534
v 0.2135 0.5007 4.534
v 0.2291 0.5578 4.088
v 0.06084 0.5214 4.535
v 0.05912 0.5762 4.089
v 0.2085 -0.6392 4.515
v 0.05565 -0.6596 4.505
v 0.3511 -0.5816 4.534
v 0.6276 -0.2237 4.542
v 0.6057 0.3078 2.842
v 1.092 -0.1783 3.664
v 0.01591 -0.8852 -4.341
v 0.0181 -0.9432 -3.785
v 0.1408 -0.8791 -4.341
v 0.143 -0.9359 -3.785
v 0.2658 -0.8595 -4.342
v 0.42 -0.8004 -4.343
v 0.5423 -0.7291 -4.343
v 0.6436 -0.6492 -4.344
v 0.7308 -0.5397 -4.349
v 0.7435 -0.4994 -4.356
v 1.04 -0.1662 4.261
v 0.8037 -0.194 3.818
v 0.8951 -0.186 3.889
v 0.7165 0.1029 -4.106
v 0.7387 0.07001 -4.078
v 0.6862 0.178 -3.89
v 0.8307 0.05584 -3.655
v 0.7861 0.05601 -3.89
v 0.416 0.3186 -6.043
v 0.9354 -0.1857 3.817
v 0.803 -0.1948 3.665
v 0.699 0.136 -4.078
v 0.1126 -0.897 0.1947
v 1.092 -0.1758 3.816
v -0.64 -0.3646 -4.479
v -0.685 -0.4085 -4.387
v -0.7108 -0.4542 -4.356
v -0.6712 -0.4155 -4.389
v -0.6954 -0.4574 -4.36
v -0.3695 -0.3678 -4.595
v -0.1081 -0.8628 -4.346
v -0.228 -0.8434 -4.345
v -0.3789 -0.7843 -4.345
v -0.4946 -0.7147 -4.344
v -0.5955 -0.6351 -4.344
v -0.6806 -0.5286 -4.348
v -0.693 -0.4922 -4.354
v -0.5984 -0.3601 -4.594
v -0.4584 -0.3593 4.564
v -0.3646 -0.4774 4.559
v -0.516 -0.393 4.094
v -0.4034 -0.5326 4.094
v -0.06237 -0.3472 -8.109
v -0.1237 -0.3236 -8.109
v -0.1177 -0.3763 -7.706
v -0.2604 -0.02349 -7.706
v -0.2912 -0.07977 -7.706
v -0.1605 -0.1162 -8.11
v -0.1794 -0.1523 -8.109
v -0.07397 0.0837 -7.707
v -0.1479 0.05972 -7.707
v -0.04578 -0.0483 -8.11
v -0.09129 -0.06401 -8.11
v -0.6851 -0.07604 -3.028
v -0.9505 -0.07881 -2.261
v -0.5896 -0.09939 -2.629
v -0.4882 -0.119 -2.986
v -0.2355 0.2859 -6.766
v -0.1168 0.3202 -6.767
v -0.4462 -0.6137 2.85
v -0.3078 -0.7426 2.849
v -0.469 -0.6624 1.878
v -0.3346 -0.7831 1.878
v -0.4966 -0.7073 0.3224
v -0.3527 -0.8225 0.3221
v -0.3816 -0.8805 -2.925
v -0.5557 -0.7608 -2.925
v -0.3706 -0.8604 -1.372
v -0.5229 -0.7424 -1.372
v -0.6457 -0.2929 -2.261
v -0.6449 -0.09775 -2.263
v -0.6867 -0.1295 -1.817
v -0.4448 -0.2683 -2.828
v -0.4375 -0.1308 -2.873
v -0.4878 -0.1137 -2.888
v -0.4981 -0.2712 -2.838
v -0.5366 -0.443 2.849
v -0.5657 -0.4671 1.878
v -0.5988 -0.4908 0.3222
v -0.7108 -0.5211 -2.925
v -0.6893 -0.4956 -1.372
v -0.6471 -0.6575 -2.925
v -0.6194 -0.632 -1.372
v -0.2115 0.02584 -7.707
v -0.1304 -0.08914 -8.11
v -0.2481 0.5679 1.9
v -0.2971 0.5794 1.035
v -0.2733 0.5335 2.845
v -0.2609 0.4919 4.09
v -0.4182 0.4262 2.846
v -0.3938 0.3909 4.091
v -0.6829 -0.009844 -4.671
v -0.7624 -0.007791 -4.108
v -0.764 -0.03544 -4.474
v -0.8193 -0.03399 -4.12
v -0.8537 -0.006006 -3.649
v -0.9974 -0.003818 -3.131
v -0.9141 -0.03215 -3.648
v -1.049 -0.03006 -3.148
v -0.659 -0.07222 -4.655
v -0.678 -0.07604 -4.069
v -1.273 -0.02676 -2.378
v -0.5442 0.1616 -5.611
v -0.517 0.1274 -6
v -0.495 0.276 -5.611
v -0.4683 0.2314 -6.001
v -0.6484 -0.0571 -5.654
v -0.5592 -0.0651 -6
v -0.5962 -0.03812 -5.61
v -0.5896 -0.07993 -5.61
v -0.9743 -0.0976 -1.816
v -1.333 -0.01423 -1.899
v -1.333 -0.003372 -1.886
v -1.333 -0.02567 -1.885
v -1.33 -0.06318 -1.149
v -0.9863 0.06809 1.144
v -0.987 -0.1131 1.155
v -1.32 0.004685 1.205
v -1.319 -0.04658 1.211
v -1.304 -0.02616 -2.224
v -1.001 0.1124 2.85
v -1.012 0.08702 3.288
v -0.9787 -0.1582 2.85
v -0.9879 -0.176 3.289
v -0.9804 -0.1623 4.095
v -1 0.0328 4.095
v -0.9896 -0.07231 4.462
v -0.9972 0.001249 4.444
v -0.6526 0.04941 4.093
v -0.6511 0.03244 4.449
v -0.6911 0.06588 4.094
v -0.5903 -0.2763 -2.616
v -0.4986 -0.2793 -2.941
v -0.3047 -0.1352 -7.706
v -0.305 -0.2008 -7.706
v -0.1867 -0.1934 -8.109
v -0.1869 -0.2341 -8.109
v -0.5782 0.0571 -5.61
v -0.545 0.02954 -6
v -0.06607 -0.2984 -8.366
v -0.01836 -0.2713 -8.525
v -0.08418 -0.2785 -8.366
v -0.04657 -0.1552 -8.367
v -0.06649 -0.1694 -8.367
v -0.0818 -0.1848 -8.367
v -0.0182 -0.2342 -8.525
v -0.09518 -0.2285 -8.366
v -0.09354 -0.2542 -8.366
v -0.2068 -0.3499 -6.765
v -0.1625 -0.3724 -7.261
v -0.364 -0.2963 -6.764
v -0.2986 -0.3173 -7.26
v -0.4075 0.1458 -6.765
v -0.46 0.05748 -6.765
v -0.3442 0.06727 -7.261
v -0.3851 -0.005157 -7.261
v -0.1952 0.1766 -7.262
v -0.09724 0.2074 -7.263
v -0.3375 0.2258 -6.766
v -0.2795 0.1273 -7.262
v -0.4846 -0.02926 -6.764
v -0.4009 -0.08343 -7.261
v -0.469 -0.1973 -4.07
v -0.4575 -0.2156 -4.655
v -0.5743 -0.1453 -4.069
v -0.5636 -0.1581 -4.655
v -0.05771 1.034 -2.475
v 0.0006176 0.9294 -1.929
v -0.2162 0.9387 -2.518
v -0.1897 0.9031 -2.271
v -0.2333 0.8749 -2.411
v -0.2411 -0.2568 -4.07
v -0.1523 -0.2708 -4.071
v -0.2438 -0.2825 -4.656
v -0.6139 -0.3036 -2.926
v -0.6783 -0.3479 -2.926
v -0.5861 -0.3368 -3.784
v -0.6822 -0.3673 -3.784
v -1.323 0.08012 0.3236
v -0.9877 0.123 0.7677
v -0.6413 -0.216 0.3215
v -0.5774 -0.2346 1.877
v -0.9908 -0.1439 0.3228
v -0.9841 -0.1612 1.879
v -1.328 -0.07135 -0.6925
v -0.9952 -0.1305 -0.6937
v -0.6657 -0.1986 -0.124
v -0.9981 -0.1164 -1.371
v -0.707 -0.1613 -1.372
v -3.43 0.009579 1.559
v -3.43 0.04895 1.557
v -4.452 0.03735 1.116
v -4.483 0.03715 1.141
v -4.452 -0.01673 1.119
v -4.483 -0.01626 1.144
v -3.428 0.004528 1.95
v -4.48 0.0458 1.734
v -4.479 0.03805 1.955
v -0.5239 0.3356 -4.673
v -0.5339 -0.1829 -5.61
v -0.4365 -0.2619 -5.61
v -0.2432 -0.3132 -5.611
v -0.2393 -0.3294 -6
v -0.4125 -0.275 -6
v -0.111 0.5593 4.089
v -0.01685 -0.8987 0.1683
v -0.1595 -0.8327 1.877
v -0.1861 -0.8812 0.3215
v -0.06307 -0.8917 0.321
v -0.1213 -0.6867 4.093
v -0.02617 -0.7443 3.679
v -0.23 -0.2417 -3.786
v -0.2304 -0.3374 -3.786
v -0.1527 -0.3612 -4.071
v -0.2673 0.8533 -2.557
v -0.6316 0.09936 -4.672
v -0.5839 -0.0008655 -5.61
v -0.5755 0.2251 -4.672
v -0.5827 -0.2239 2.849
v -0.572 -0.1891 3.824
v -0.695 -0.1436 4.094
v -0.566 -0.1298 4.094
v -0.5007 0.3126 2.847
v -0.7032 0.1245 3.732
v -0.7062 0.1822 2.848
v -0.2705 -0.6308 4.094
v -0.1709 0.5772 2.811
v -0.4789 0.3358 2.847
v -0.1497 -0.8033 2.849
v -0.5497 0.09613 4.093
v -0.5412 0.185 3.731
v -0.5355 0.1942 3.776
v -1.327 0.09198 -0.5508
v -1.33 0.06274 -1.157
v -0.3852 -0.8594 -3.783
v -0.5594 -0.7516 -3.783
v -0.6411 -0.6521 -3.783
v -0.7091 -0.5275 -3.783
v -0.7249 -0.4786 -3.783
v -0.7195 -0.4675 -2.925
v -0.7192 -0.4141 -2.925
v -0.7235 -0.4296 -3.783
v -0.2278 -0.9312 -2.926
v -0.2315 -0.9083 -3.784
v -0.2244 -0.9275 -2.387
v -0.1937 -0.9229 -1.372
v -0.7079 -0.3773 -1.372
v -0.6876 -0.3334 -1.816
v -0.4687 -0.1748 -3.649
v -0.2171 -0.3276 -7.706
v -0.5031 -0.1972 -5.999
v -0.4476 -0.2262 -6.764
v -0.4869 -0.1222 -6.764
v -0.4049 -0.1625 -7.26
v -0.3666 -0.2523 -7.26
v -0.2767 -0.2695 -7.705
v -0.1697 -0.2795 -8.109
v -1.252 -0.00197 -2.229
v -0.6795 0.1319 -3.649
v -0.7958 0.03362 -3.648
v -1.224 -0.0005325 -2.368
v -4.481 0.02098 1.736
v -0.9015 0.02457 4.367
v -0.9381 0.01806 4.367
v -0.6243 -0.01042 4.093
v -0.6417 -0.08389 4.094
v -0.6227 -0.009242 4.46
v -0.6401 -0.07546 4.46
v -0.8373 -0.1772 3.834
v -0.8892 -0.1723 3.897
v -0.8749 -0.1734 3.906
v -1.324 -0.06442 0.3241
v -4.432 -0.0164 1.142
v -4.482 -0.005306 1.341
v -0.9222 -0.1673 4.095
v -0.9046 -0.1688 4.095
v -0.7617 -0.1654 4.095
v -0.7988 -0.1775 3.906
v -0.8023 -0.2106 4.095
v -0.8174 -0.1976 3.906
v -0.7547 -0.1492 4.269
v -0.8009 -0.198 4.269
v -0.7636 -0.1436 4.381
v -0.8031 -0.1852 4.369
v -0.8592 -0.19 4.369
v -0.8626 -0.2035 4.27
v -0.9029 -0.1533 4.382
v -0.9118 -0.1589 4.27
v -0.8571 -0.2157 4.095
v -0.8495 -0.201 3.906
v -0.9822 -0.1459 4.445
v -0.5619 -0.2328 4.094
v -0.6911 -0.08158 -3.649
v -0.0659 -0.9574 -2.283
v -0.02124 -0.9293 -0.8026
v -0.04026 -0.8944 0.2847
v -0.3888 0.322 -6.04
v -0.02597 -0.2527 -8.525
v -0.09147 -0.2052 -8.366
v -0.7563 0.04267 4.443
v -0.758 0.05033 4.366
v -0.7004 0.05227 4.443
v -0.7929 0.03637 4.443
v -0.9 0.01796 4.444
v -0.7946 0.04374 4.366
v -0.7074 -0.1194 4.449
v -0.7474 -0.1607 4.094
v -0.74 -0.1444 4.27
v -0.7528 -0.1389 4.394
v -0.7603 -0.1337 4.445
v -0.5751 -0.1945 3.671
v -0.8941 -0.1471 4.444
v -0.9164 -0.1521 4.393
v -0.9062 -0.1469 4.444
v -4.432 0.03954 1.139
v -4.482 0.04811 1.338
v -3.434 -0.03183 0.879
v -0.02339 -0.1462 -8.367
v -0.03595 -0.3142 -8.366
v -0.5797 -0.1354 -3.649
v -0.01298 -0.7847 3.29
v -0.9366 0.01167 4.444
v -0.3482 0.6867 -3.075
v -0.2945 0.683 -2.369
v -0.2892 0.699 -2.629
v -0.2576 0.8359 -2.435
v -0.5696 -0.06727 4.093
v -0.5281 -0.06609 4.539
v -0.4959 0.2589 4.092
v -0.4514 0.2286 4.538
v -0.5109 0.08654 4.539
v -0.3571 0.3504 4.537
v -0.2345 0.4436 4.536
v -0.09195 0.502 4.535
v -0.09692 -0.6379 4.516
v -0.2389 -0.579 4.536
v -0.5122 -0.2188 4.547
v -0.9829 -0.1669 3.825
v -0.1089 -0.878 -4.34
v -0.1067 -0.9348 -3.784
v -0.2337 -0.8574 -4.34
v -0.3874 -0.7969 -4.339
v -0.5091 -0.7246 -4.339
v -0.6097 -0.6438 -4.339
v -0.696 -0.5336 -4.343
v -0.7084 -0.4932 -4.349
v -0.9266 -0.1577 4.27
v -0.7851 -0.1788 3.897
v -0.6944 -0.1876 3.824
v -0.3121 0.6202 -1.869
v -0.3214 0.5998 -1.369
v -0.826 -0.1781 3.825
v -0.04115 -0.8964 0.1954
v -0.8498 -0.1764 3.825
v 3.519 -0.06163 0.8485
v -0.7727 -0.137 4.444
v 0.9592 -0.1842 3.817
v -0.9843 -0.1694 3.673
v -0.695 -0.1883 3.672
v -0.5186 0.2219 3.912
v 0.8162 0.1804 -3.34
v 0.8368 0.137 -3.34
v 0.8446 0.09039 -3.34
v 0.03121 -0.9321 -0.8028
v 0.6477 0.1891 3.771
v -0.1211 0.5668 3.739
v 0.2361 0.5653 3.737
v -0.1278 0.5759 3.374
v -0.07334 1.128 -4.214
v 0.02515 1.142 -4.215
v -0.3753 0.6406 -3.652
v 0.4262 0.6371 -3.656
v -0.2861 0.7731 -2.595
v 0.2971 0.8726 -2.414
v -0.1124 0.9174 -2.09
v -0.03063 0.9267 -1.96
v 0.2113 0.9919 -2.494
v -0.1472 0.9935 -2.493
v 0.255 0.9012 -2.273
v 0.2797 0.9366 -2.52
v 0.3886 0.5765 1.032
v 0.392 0.5967 -1.372
v 0.3784 0.6172 -1.872
v 0.6086 -0.175 -4.256
v 0.6863 -0.1306 -4.257
v 0.6082 -0.1557 -4.331
v 0.6664 -0.1177 -4.331
v 0.5787 -0.1709 -4.256
v 0.6103 -0.1766 -4.001
v 0.5775 -0.1672 -4.001
v 0.688 -0.1322 -4.002
v 0.6962 -0.09834 -4.002
v 0.6936 -0.09538 -4.256
v -0.5699 -0.17 -4.251
v -0.57 -0.1507 -4.326
v -0.6472 -0.1249 -4.251
v -0.6279 -0.1121 -4.325
v -0.5694 -0.1715 -3.996
v -0.5399 -0.1661 -4.251
v -0.5365 -0.1624 -3.996
v -0.6467 -0.1264 -3.996
v -0.6546 -0.09255 -3.996
v -0.6542 -0.0896 -4.25
v 0.34 0.763 -2.434
v 0.3826 0.8774 -1.373
v 0.309 0.853 -2.43
v 0.3699 0.9087 -1.373
v 0.3489 0.9606 -0.5527
v 0.3721 0.9407 -0.5528
v 0.3714 0.9866 1.031
v 0.3499 1.008 1.031
v 0.3123 1.033 1.896
v 0.3304 1.014 1.896
v 0.2726 0.9767 2.808
v 0.2635 1.002 2.808
v 0.207 1.063 1.896
v 0.08138 1.046 1.032
v 0.2292 1.034 1.032
v 0.3861 0.9113 -0.5527
v 0.3836 0.9559 1.031
v 0.08795 1.081 2.498
v 0.09383 1.072 2.84
v 0.05432 1.084 2.498
v 0.222 0.9846 -0.5522
v 0.3413 0.9295 -1.373
v 0.3416 0.9788 1.897
v 0.2457 1.022 2.808
v 0.2337 1.031 3.371
v 0.2445 1.014 3.038
v 0.2339 1.017 3.371
v 0.2342 0.6697 3.806
v 0.2324 0.7044 3.947
v 0.2243 1.039 4.284
v 0.2383 1.029 3.04
v 0.2183 0.9494 -1.373
v 0.1886 1.048 2.808
v 0.1142 1.056 4.822
v 0.1458 1.055 4.689
v 0.1457 1.041 4.689
v 0.1918 1.054 4.499
v 0.1917 1.04 4.499
v 0.2241 1.054 4.284
v 0.1004 0.8311 4.985
v 0.1133 0.8448 4.823
v 0.09465 0.8308 4.895
v 0.1149 1.056 4.984
v 0.1054 1.068 4.984
v 0.1047 1.067 4.823
v 0.114 0.8452 4.985
v 0.1014 1.033 5.027
v 0.1007 0.8685 5.028
v 0.2215 1.044 3.371
v 0.2188 1.05 3.062
v 0.1275 1.063 3.526
v 0.1137 1.064 3.084
v 0.2158 1.065 4.284
v 0.1175 1.065 4.183
v 0.1825 1.066 4.499
v 0.1364 1.067 4.689
v 0.1439 0.6117 4.691
v 0.1123 0.5984 4.824
v 0.1901 0.6622 4.5
v 0.09368 0.6037 4.896
v 0.1274 0.5799 4.691
v 0.19 0.6514 4.498
v 0.1483 0.5952 4.481
v 0.1602 0.6195 4.286
v 0.2288 0.6934 4.285
v 0.1586 0.6433 4.089
v 0.2309 0.7089 4.089
v 0.2325 0.6955 3.947
v 0.2008 0.6579 3.947
v 0.2342 0.662 3.812
v 0.2004 0.5565 3.947
v 0.1582 0.5538 4.087
v 0.2363 0.5657 3.724
v 0.1024 0.5852 4.824
v 0.08637 0.5881 4.884
v 0.2287 0.7047 4.285
v 0.2308 0.719 4.089
v 0.3493 0.9784 0.04601
v 0.07423 0.9976 -0.5517
v 0.05165 1.075 1.897
v 0.08528 1.072 1.897
v 0.2223 0.9866 -0.4874
v 0.1578 1.005 -0.07853
v 0.2247 1.003 0.04649
v 0.1353 1.01 -0.006629
v 0.1097 1.013 0.02813
v -0.2774 0.7657 -2.431
v -0.3097 0.8804 -1.37
v -0.2455 0.8554 -2.428
v -0.2966 0.9115 -1.37
v -0.268 0.9632 -0.55
v -0.2914 0.9435 -0.5499
v -0.2765 0.9894 1.034
v -0.2548 1.011 1.034
v -0.2094 1.036 1.898
v -0.2276 1.016 1.899
v -0.1528 1.004 2.81
v -0.1621 0.9786 2.81
v 0.04775 1.049 1.033
v 0.018 1.073 1.897
v 0.0141 1.047 1.033
v -0.3056 0.9143 -0.5497
v -0.2889 0.9588 1.034
v 0.0406 1.001 -0.5515
v 0.003176 0.9566 -1.372
v 0.03682 0.9579 -1.372
v -0.141 0.9861 -0.5506
v -0.2679 0.9321 -1.37
v -0.1038 1.064 1.897
v -0.2391 0.9813 1.899
v -0.1349 1.024 2.81
v -0.1179 1.032 3.373
v -0.1181 1.019 3.373
v -0.1317 1.016 3.039
v -0.1176 0.6712 3.807
v -0.1143 0.7059 3.949
v -0.1004 1.04 4.286
v -0.1254 1.031 3.042
v -0.1447 0.951 -1.371
v -0.07754 1.049 2.809
v 0.01454 1.056 4.823
v -0.01822 1.041 4.69
v -0.01815 1.056 4.69
v -0.06584 1.055 4.5
v -0.0659 1.041 4.5
v -0.1 1.055 4.286
v 0.02791 0.8314 4.985
v 0.03284 0.8311 4.896
v 0.01364 0.8452 4.824
v 0.01435 0.8457 4.985
v 0.01525 1.057 4.984
v 0.02422 1.067 4.823
v 0.02493 1.068 4.984
v 0.02826 0.8688 5.028
v 0.02896 1.034 5.027
v -0.00383 0.5804 4.691
v 0.02233 0.5855 4.824
v -0.03988 0.6204 4.287
v -0.02643 0.5959 4.482
v -0.03979 0.6442 4.09
v -0.04019 0.5546 4.088
v 0.03187 0.604 4.896
v -0.1055 1.045 3.373
v -0.1055 1.052 3.063
v -0.01002 1.064 3.527
v 0.01771 1.072 2.84
v 0.02067 1.082 2.498
v -0.0001414 1.065 3.084
v -0.09169 1.066 4.286
v 0.005769 1.066 4.183
v -0.05643 1.067 4.5
v -0.008743 1.067 4.69
v -0.02005 0.6124 4.691
v 0.01258 0.5988 4.824
v -0.06752 0.6633 4.501
v -0.06757 0.6525 4.499
v -0.1079 0.6948 4.287
v -0.1115 0.7104 4.09
v -0.1145 0.697 3.949
v -0.08314 0.6591 3.948
v -0.1176 0.6636 3.814
v -0.08357 0.5577 3.949
v -0.1213 0.5672 3.725
v 0.03893 0.5883 4.884
v -0.1076 0.7062 4.287
v -0.1113 0.7205 4.09
v -0.1338 1.036 1.033
v -0.263 0.9811 0.0487
v -0.1407 0.9882 -0.4858
v -0.07239 1.006 -0.07752
v -0.0492 1.01 -0.00582
v -0.1383 1.005 0.04808
v -0.02328 1.013 0.02871
v 0.0433 1.019 0.04724
v 0.00965 1.017 0.04739
v 0.009631 1.016 0.04326
v 0.07046 0.9563 -1.372
v 0.07693 1.016 0.0471
v 0.07691 1.016 0.04296
v 0.006947 0.9979 -0.5514
v 0.4547 0.8516 1.397
v 0.3814 0.6697 1.155
v 0.4494 0.6375 1.375
v 0.379 0.8367 1.154
v 0.3684 0.8627 1.397
v 0.3578 0.628 1.752
v 0.5051 0.6393 1.768
v 0.3718 0.6314 1.376
v 0.5182 0.8527 1.846
v 0.3589 0.8714 1.757
v 0.7389 -0.3511 -2.409
v 0.8153 -0.3746 -2.415
v 0.7588 -0.3756 -2.173
v 0.8163 -0.3953 -2.173
v 0.7657 -0.4391 -1.978
v 0.8355 -0.4569 -2.173
v 0.7536 -0.5116 -1.978
v 0.8104 -0.5287 -2.174
v 0.7351 -0.5551 -2.174
v 0.8415 -0.4519 -2.435
v 0.7691 -0.4002 -2.079
v 0.7378 -0.5558 -2.41
v 0.8093 -0.5294 -2.416
v 0.7594 -0.4754 -1.953
v 0.7689 -0.4212 -2.025
v -0.6855 -0.345 -2.403
v -0.7036 -0.3693 -2.166
v -0.7622 -0.3678 -2.408
v -0.7612 -0.3886 -2.166
v -0.7093 -0.4328 -1.972
v -0.781 -0.4499 -2.166
v -0.6978 -0.5054 -1.971
v -0.6814 -0.549 -2.167
v -0.7565 -0.5219 -2.167
v -0.7892 -0.4449 -2.428
v -0.7132 -0.3939 -2.073
v -0.6862 -0.5497 -2.404
v -0.7575 -0.5227 -2.41
v -0.7031 -0.4691 -1.947
v -0.7127 -0.4149 -2.018
v -0.7315 -0.1006 -2.159
v -0.8896 -0.0905 -2.159
v -0.7427 -0.1324 -2.092
v -0.8851 -0.1225 -2.091
v -0.7704 -0.1105 -1.997
v -0.8508 -0.1028 -1.996
v -0.7243 -0.1062 -2.089
v -0.8969 -0.09335 -2.088
v -0.114 1.055 1.606
v -0.2212 1.108 1.36
v -0.03328 1.132 1.359
v -0.02315 1.05 1.359
v -0.07592 1.057 1.582
v -0.211 1.026 1.353
v -0.2116 1.021 1.095
v -0.2237 1.121 1.157
v -0.13 1.132 1.086
v -0.03575 1.144 1.156
v -0.1592 1.045 1.583
v -0.02364 1.044 1.094
v 0.1555 1.1 2.207
v 0.197 1.091 2.207
v 0.1585 1.064 2.339
v 0.1808 1.059 2.339
v 0.1899 1.059 2.206
v 0.149 1.068 2.206
v 0.1451 1.068 1.976
v 0.1554 1.115 2.006
v 0.2026 1.105 2.006
v 0.1935 1.064 1.976
v 0.5896 -0.7547 -2.006
v 0.6164 -0.8198 -1.881
v 0.593 -0.7393 -1.522
v 0.4589 -1.019 -1.441
v 0.4041 -0.9908 -1.792
v 0.3494 -0.8967 -1.791
v 0.3782 -0.8811 -1.441
v 0.5654 -0.7745 -2.079
v 0.6438 -0.8749 -1.496
v 0.3567 -0.8985 -2.178
v 0.4272 -0.8821 -2.143
v 0.4272 -0.874 -2.159
v 0.5584 -0.8203 -2.035
v 0.513 -0.8158 -2.136
v -0.5362 -0.7499 -2.001
v -0.5351 -0.7345 -1.517
v -0.5624 -0.8147 -1.876
v -0.4028 -1.016 -1.437
v -0.3209 -0.8781 -1.438
v -0.2953 -0.894 -1.788
v -0.3509 -0.9876 -1.789
v -0.5128 -0.7699 -2.074
v -0.5869 -0.8696 -1.491
v -0.306 -0.8956 -2.175
v -0.3761 -0.8705 -2.156
v -0.3761 -0.8787 -2.139
v -0.5058 -0.8158 -2.03
v -0.4612 -0.8117 -2.132
v 0.6932 0.1969 -3.614
v 0.8123 0.1244 -3.645
v 0.7079 0.1733 -3.532
v 0.7063 0.1501 -3.885
v 0.7865 0.07707 -3.546
v 0.7603 0.0846 -3.886
v 0.7249 0.1745 -3.734
v 0.6951 0.1836 -3.735
v 0.8071 0.1017 -3.542
v 0.8072 0.08505 -3.672
v 0.7954 0.07768 -3.734
v 0.7365 0.1914 -3.53
v 0.7427 0.18 -3.656
v 0.7818 0.1676 -3.631
v 0.6861 0.1984 -3.736
v 0.8174 0.05398 -3.736
v 0.8034 0.1351 -3.538
v 0.7728 0.1782 -3.532
v 0.07636 1.012 -0.0782
v 0.04274 1.015 -0.07806
v 0.009084 1.013 -0.0779
v 0.9005 -0.4711 -3.923
v 0.9011 -0.4601 -3.809
v 0.9202 -0.4777 -3.735
v 0.9201 -0.4999 -3.735
v 0.9387 -0.4724 -3.809
v 0.9008 -0.5178 -3.809
v 0.9385 -0.5057 -3.809
v 0.8858 -0.4831 -3.951
v 0.9088 -0.4777 -3.928
v 0.8857 -0.4954 -3.951
v 0.9004 -0.5074 -3.923
v 0.9087 -0.501 -3.928
v -0.8609 -0.4525 -3.802
v -0.8614 -0.4635 -3.916
v -0.8795 -0.47 -3.727
v -0.8796 -0.4922 -3.727
v -0.8986 -0.4646 -3.801
v -0.8611 -0.5102 -3.801
v -0.8987 -0.4979 -3.801
v -0.847 -0.4757 -3.943
v -0.8698 -0.47 -3.921
v -0.8471 -0.488 -3.943
v -0.8616 -0.4999 -3.916
v -0.8699 -0.4933 -3.92
v -0.5236 0.08928 4.37
v -0.4628 0.2343 4.37
v -0.4804 0.07891 4.702
v -0.424 0.2135 4.701
v -0.3665 0.3587 4.369
v -0.3346 0.329 4.7
v -0.2414 0.4538 4.368
v -0.2185 0.4173 4.699
v -0.09584 0.5134 4.367
v -0.08337 0.4726 4.699
v 0.06015 0.5333 4.366
v 0.06142 0.491 4.698
v 0.05502 -0.6672 4.37
v -0.09891 -0.646 4.371
v 0.05664 -0.6272 4.701
v -0.08798 -0.6076 4.702
v -0.2458 -0.5921 4.371
v -0.2226 -0.5511 4.702
v -0.3808 -0.4917 4.372
v -0.4787 -0.3694 4.372
v -0.338 -0.4618 4.703
v -0.5249 -0.2185 4.371
v -0.4264 -0.3456 4.703
v -0.4817 -0.2105 4.702
v -0.5322 -0.06659 4.371
v -0.5001 -0.06572 4.702
v 0.5805 0.2298 4.365
v 0.6401 0.08429 4.365
v 0.5444 0.2094 4.697
v 0.5997 0.07429 4.697
v 0.4853 0.355 4.365
v 0.4561 0.3256 4.697
v 0.361 0.4513 4.365
v 0.3407 0.4149 4.697
v 0.216 0.5121 4.366
v 0.2061 0.4713 4.697
v 0.2091 -0.6473 4.369
v 0.2014 -0.6088 4.701
v 0.3565 -0.5946 4.369
v 0.3365 -0.5535 4.7
v 0.4923 -0.4955 4.368
v 0.4527 -0.4652 4.699
v 0.5912 -0.374 4.367
v 0.542 -0.3497 4.698
v 0.6388 -0.2235 4.366
v 0.5985 -0.2151 4.698
v 0.6473 -0.07164 4.366
v 0.6182 -0.07051 4.697
v 0.06224 3.142 5.146
v 0.0613 3.126 5.132
v 0.08793 3.126 5.132
v 0.08725 3.142 5.145
v 0.1 3.142 5.235
v 0.05026 3.142 5.235
v 0.06221 3.126 5.34
v 0.06303 3.143 5.325
v 0.08804 3.143 5.325
v 0.08885 3.126 5.34
v 0.1014 3.126 5.235
v 0.04871 3.126 5.235
v 0.08545 3.125 4.873
v 0.08542 3.116 4.873
v 0.1316 3.117 5.19
v 0.1317 3.126 5.19
v 0.06217 3.118 5.34
v 0.01804 3.118 5.19
v 0.01808 3.126 5.19
v 0.08881 3.118 5.34
v 0.0615 3.125 4.873
v 0.06146 3.116 4.873
v 4.572 0.02899 1.49
v 4.571 0.009641 1.141
v 4.6 0.009514 1.14
v 4.602 0.02886 1.489
v 4.57 -0.06732 1.145
v 4.572 -0.04798 1.494
v 4.602 -0.04811 1.494
v 4.6 -0.06745 1.145
v -4.481 0.06779 1.529
v -4.511 0.06792 1.529
v -4.513 0.04857 1.18
v -4.483 0.04844 1.18
v -4.483 -0.02852 1.185
v -4.513 -0.0284 1.185
v -4.511 -0.009052 1.534
v -4.482 -0.00918 1.534
v -0.1181 1.027 0.862
v -0.02379 1.039 0.9393
v -0.02614 1.058 0.9393
v -0.1205 1.046 0.8619
v -0.2141 1.035 0.9402
v -0.02594 1.063 1.106
v -0.2104 1.005 0.9402
v -0.2139 1.04 1.107
v 0.4434 0.2574 -6.386
v 0.4043 0.2546 -6.384
v 0.4471 0.2506 -6.53
v 0.4711 0.1913 -6.506
v 0.4534 0.1962 -6.379
v 0.4662 0.2259 -6.382
v 0.4665 0.2433 -6.511
v 0.4148 0.2574 -6.316
v 0.4496 0.2158 -6.312
v 0.4333 0.2482 -6.26
v 0.4765 0.2187 -6.501
v 0.4295 0.2365 -6.548
v 0.4224 0.1965 -6.551
v 0.4482 0.1697 -6.526
v 0.3913 0.2347 -6.541
v 0.4096 0.2111 -6.553
v -0.4197 0.2611 -6.382
v -0.4247 0.2544 -6.526
v -0.3806 0.2579 -6.381
v -0.449 0.1952 -6.502
v -0.4427 0.2298 -6.378
v -0.4301 0.2 -6.375
v -0.444 0.2472 -6.507
v -0.3904 0.2609 -6.312
v -0.4085 0.2518 -6.257
v -0.4256 0.2196 -6.308
v -0.4541 0.2227 -6.497
v -0.4074 0.2401 -6.544
v -0.4007 0.2 -6.548
v -0.4264 0.1735 -6.522
v -0.3877 0.2145 -6.549
v -0.3692 0.238 -6.538
v 0.4504 0.3228 -5.839
v 0.5314 0.2845 -5.783
v 0.5317 0.3511 -5.783
v 0.4443 0.3458 -5.772
v 0.4787 0.3515 -5.514
v 0.5402 0.3593 -5.616
v 0.5055 0.3206 -5.476
v 0.5399 0.285 -5.616
v 0.5234 0.2881 -5.528
v 0.4653 0.3545 -5.616
v 0.4961 0.2752 -5.783
v 0.5082 0.269 -5.735
v -0.4214 0.3265 -5.835
v -0.5018 0.3555 -5.779
v -0.5021 0.289 -5.778
v -0.4145 0.3494 -5.768
v -0.4465 0.3555 -5.51
v -0.4732 0.3248 -5.471
v -0.5089 0.3638 -5.612
v -0.4919 0.2925 -5.524
v -0.5092 0.2895 -5.611
v -0.4339 0.3584 -5.612
v -0.4669 0.2793 -5.779
v -0.4787 0.2732 -5.731
v 4.575 0.073 2.084
v 4.572 0.04 1.489
v 4.602 0.03987 1.488
v 4.724 0.07236 2.083
v 4.575 -0.02625 2.089
v 4.724 -0.02689 2.089
v 4.6 -0.07872 1.145
v 4.595 -0.1655 -0.4212
v 4.564 -0.1596 -0.3161
v 4.57 -0.07859 1.145
v 4.564 -0.06036 -0.3216
v 4.571 0.02066 1.14
v 4.595 -0.06631 -0.4267
v 4.626 -0.147 -0.4826
v 4.626 -0.09179 -0.4856
v 4.713 -0.06681 -0.4272
v 4.7 -0.0921 -0.486
v 4.712 -0.1661 -0.4217
v 4.7 -0.1473 -0.4829
v 4.676 -0.122 -0.5272
v 4.602 -0.05937 1.494
v 4.601 0.02053 1.14
v 4.572 -0.05924 1.494
v -4.478 0.1118 2.123
v -4.628 0.1124 2.124
v -4.511 0.07893 1.528
v -4.481 0.0788 1.528
v -4.479 0.01255 2.129
v -4.628 0.01319 2.13
v -4.513 -0.03966 1.185
v -4.483 -0.03979 1.185
v -4.49 -0.1208 -0.2764
v -4.522 -0.1265 -0.3812
v -4.49 -0.02156 -0.2819
v -4.483 0.05946 1.179
v -4.522 -0.02724 -0.3867
v -4.554 -0.05244 -0.4454
v -4.554 -0.1077 -0.4423
v -4.639 -0.02674 -0.3862
v -4.628 -0.05213 -0.4451
v -4.64 -0.126 -0.3807
v -4.628 -0.1073 -0.442
v -4.604 -0.08222 -0.4865
v -4.511 -0.02032 1.534
v -4.513 0.05958 1.179
v -4.482 -0.02044 1.534
v 0.6994 -1.377 1.799
v 0.4984 -0.7358 1.434
v 0.4484 -0.7557 2.025
v 0.5011 -0.7083 2.025
v 0.6154 -1.177 2.839
v 0.4663 -0.6897 2.838
v 0.4852 -0.6946 2.484
v 0.453 -0.7241 2.484
v -0.6179 -1.371 1.805
v -0.3597 -0.7523 2.029
v -0.4147 -0.7319 1.438
v -0.4119 -0.7044 2.029
v -0.5231 -1.172 2.844
v -0.3919 -0.6909 2.488
v -0.3699 -0.6861 2.841
v -0.36 -0.7206 2.488
v 0.07283 3.116 4.733
v 0.09499 2.976 4.837
v 0.057 3.12 5.998
v 0.09977 3.12 5.998
v 0.0953 3.117 4.984
v 0.1363 3.119 5.947
v 0.05638 2.991 5.999
v 0.09929 2.991 5.998
v 0.1197 2.99 5.507
v 0.1169 2.978 5.431
v 0.1359 2.991 5.947
v 0.04643 2.99 5.508
v 0.1049 2.99 5.507
v 0.1061 2.978 5.431
v 0.101 2.977 5.134
v 0.09828 2.976 4.985
v 0.05036 2.976 4.837
v 0.05255 3.117 4.984
v 0.02 3.12 5.947
v 0.03161 2.99 5.508
v 0.01932 2.991 5.948
v 0.04453 2.978 5.432
v 0.04696 2.977 5.134
v 0.03368 2.978 5.431
v 0.04838 2.977 4.985
vn 0.1263 0.4814 -0.8674
vn 0.9595 -0.1044 -0.2618
vn 0.1264 0.4813 -0.8674
vn 0.2535 0.9461 -0.2016
vn 0.9845 -0.08404 -0.154
vn 0.1263 0.4814 -0.8674
vn -0.896 0.43 -0.1106
vn 0.2536 0.9461 -0.2016
vn 0.1262 0.4814 -0.8674
vn -0.8842 0.3912 -0.2552
vn 0.2086 0.7679 0.6056
vn 0.9984 -0.04778 0.03017
vn 0.2535 0.9461 -0.2016
vn 0.2086 0.7679 0.6056
vn 0.9838 -0.01719 0.1784
vn 0.2086 0.7679 0.6056
vn -0.8586 0.4781 0.185
vn 0.2086 0.7679 0.6056
vn 0.2535 0.9461 -0.2016
vn -0.8822 0.4649 0.07427
vn -0.895 0.4212 -0.1472
vn 0.1254 0.9611 -0.2461
vn 0.9969 -0.04019 0.06755
vn 0.4762 0.8693 -0.1325
vn -0.8876 0.4592 0.03693
vn 0.1798 0.9727 -0.1466
vn 0.9901 -0.07699 -0.1174
vn 0.4119 0.8701 -0.2707
vn 0.2021 0.933 -0.2977
vn 0.2567 0.961 -0.1028
vn 0.06823 0.9683 -0.2403
vn 0.4609 0.8834 -0.08447
vn 0.5867 0.7974 -0.1411
vn 0.1105 0.9779 -0.1773
vn 0.4073 0.8657 -0.2911
vn 0.5709 0.7933 -0.2116
vn 0.0324 0.4861 -0.8733
vn -0.9423 0.2155 -0.2563
vn 0.03231 0.4861 -0.8733
vn 0.9616 0.07417 -0.2642
vn 0.0324 0.4861 -0.8733
vn 0.0714 0.9744 -0.2134
vn 0.9826 0.1001 -0.1567
vn 0.03248 0.4861 -0.8733
vn -0.9609 0.2531 -0.1121
vn 0.07142 0.9744 -0.2134
vn 0.06224 0.8045 0.5906
vn 0.9898 0.1403 0.02597
vn 0.07138 0.9744 -0.2134
vn 0.06224 0.8045 0.5906
vn 0.9705 0.1691 0.172
vn 0.06224 0.8045 0.5906
vn -0.9334 0.3104 0.18
vn 0.06224 0.8045 0.5906
vn 0.0714 0.9744 -0.2134
vn -0.9538 0.2919 0.07087
vn -0.9583 0.2442 -0.1486
vn -0.05332 0.9652 -0.2561
vn 0.987 0.1478 0.06277
vn 0.2676 0.9505 -0.1582
vn -0.9579 0.2849 0.03409
vn -0.005963 0.9858 -0.1678
vn 0.9868 0.1085 -0.1202
vn 0.2266 0.9323 -0.282
vn 0.02589 0.9515 -0.3064
vn 0.2436 0.9626 -0.1186
vn 0.1418 0.9843 -0.1049
vn 0.02294 0.989 -0.1459
vn -0.1091 0.962 -0.2503
vn 0.3628 0.9166 -0.1678
vn -0.07281 0.9784 -0.1936
vn 0.2228 0.9264 -0.3035
vn 0.3704 0.9002 -0.229
vn -0.03596 0.4864 -0.873
vn 0.9418 0.2074 -0.2645
vn -0.03598 0.4864 -0.873
vn 0.962 0.2449 -0.1206
vn -0.06492 0.9749 -0.2128
vn -0.03596 0.4864 -0.873
vn -0.06497 0.9749 -0.2128
vn -0.983 0.1085 -0.1481
vn -0.03594 0.4864 -0.873
vn -0.9632 0.08244 -0.2558
vn -0.05014 0.805 0.5911
vn -0.9883 0.1488 0.03464
vn -0.06502 0.9749 -0.2128
vn -0.05009 0.805 0.5911
vn -0.06497 0.9749 -0.2128
vn 0.9568 0.2838 0.06249
vn -0.05014 0.805 0.5911
vn 0.9376 0.3024 0.1718
vn -0.0502 0.805 0.5911
vn -0.9674 0.1774 0.1805
vn 0.959 0.236 -0.157
vn 0.05934 0.9647 -0.2566
vn -0.9851 0.1563 0.07141
vn -0.2608 0.9527 -0.1559
vn 0.9606 0.2767 0.02568
vn 0.01295 0.9857 -0.1678
vn -0.9868 0.117 -0.1116
vn -0.2211 0.9342 -0.28
vn -0.02043 0.9517 -0.3062
vn -0.05537 0.9897 -0.1319
vn -0.2363 0.9647 -0.1165
vn 0.1151 0.961 -0.2513
vn -0.3564 0.9197 -0.1646
vn 0.07949 0.9777 -0.1943
vn -0.3647 0.9033 -0.2258
vn -0.2175 0.9283 -0.3016
vn -0.1298 0.4825 -0.8662
vn -0.9626 -0.09614 -0.2533
vn -0.1298 0.4825 -0.8662
vn 0.8853 0.3836 -0.2629
vn -0.1298 0.4825 -0.8662
vn 0.8987 0.4223 -0.1185
vn -0.2473 0.9482 -0.1994
vn -0.1298 0.4825 -0.8662
vn -0.2472 0.9482 -0.1994
vn -0.9865 -0.07561 -0.1453
vn -0.1968 0.7696 0.6074
vn -0.9985 -0.03924 0.03892
vn -0.2472 0.9482 -0.1994
vn -0.1968 0.7696 0.6074
vn -0.2472 0.9482 -0.1994
vn 0.8868 0.4573 0.06651
vn -0.1968 0.7696 0.6074
vn 0.8643 0.4706 0.1775
vn -0.1967 0.7697 0.6074
vn -0.9823 -0.008787 0.187
vn 0.8972 0.4135 -0.1551
vn -0.1193 0.9621 -0.2451
vn -0.9966 -0.03167 0.07628
vn -0.4699 0.8733 -0.1284
vn 0.8918 0.4515 0.02913
vn -0.1728 0.9742 -0.1451
vn -0.9917 -0.06852 -0.1087
vn -0.4068 0.8736 -0.2671
vn -0.1967 0.9347 -0.296
vn -0.2494 0.9632 -0.1005
vn -0.06201 0.9689 -0.2397
vn -0.454 0.8874 -0.08046
vn -0.581 0.8024 -0.136
vn -0.1037 0.9788 -0.1764
vn -0.5659 0.7982 -0.2067
vn -0.4023 0.8692 -0.2875
vn 0.7754 0.5705 -0.2707
vn 0.9396 0.2016 -0.2766
vn 0.7455 0.5815 -0.3258
vn 0.3446 0.9132 -0.2175
vn 0.7121 0.5763 -0.401
vn 0.8667 0.2424 -0.436
vn 0.6979 0.586 -0.4117
vn 0.4104 0.8502 -0.3297
vn -0.6473 0.7622 -0.0008588
vn 0.844 0.5355 -0.03136
vn -0.5588 0.8291 -0.0172
vn -0.6472 0.762 -0.02291
vn 0.8181 0.5748 -0.01687
vn -0.4947 0.8684 -0.0323
vn -0.02686 0.9535 0.3002
vn 0.6381 0.7674 0.06308
vn -0.03238 0.9754 0.2181
vn 0.5311 0.8444 0.06957
vn -0.009585 0.9611 0.2759
vn -0.0283 0.9834 0.1794
vn 0.7391 0.5617 0.3719
vn 0.9601 0.2067 0.1885
vn 0.7917 0.5562 0.2528
vn 0.3333 0.8768 0.3466
vn 0.8206 0.5222 0.2322
vn 0.9566 0.268 0.1145
vn -0.5877 0.8077 -0.04743
vn -0.4697 0.8824 -0.02765
vn -0.5022 0.8635 -0.04691
vn 0.7257 0.6875 0.02555
vn -0.4514 0.8912 -0.04494
vn 0.7968 0.5737 -0.1898
vn 0.335 0.9353 -0.1139
vn 0.8185 0.5515 -0.161
vn 0.9622 0.2208 -0.1596
vn 0.833 0.5463 -0.08781
vn 0.3479 0.9356 -0.06058
vn 0.8483 0.5222 -0.08756
vn 0.9695 0.2286 -0.08802
vn 0.8146 0.5778 0.05036
vn 0.9714 0.2325 0.04795
vn 0.9078 0.4167 0.04769
vn 0.8053 0.5901 0.05775
vn 0.3036 0.9517 0.04538
vn 0.7946 0.6052 0.04809
vn 0.3447 0.9381 0.03324
vn -0.2265 0.9733 -0.03852
vn 0.6371 0.7708 0.003923
vn 0.9997 0.02378 0.0005525
vn -0.1426 0.9898 0.006247
vn -0.1259 0.9919 0.01523
vn 0.7845 0.62 0.01451
vn 0.9999 0.01138 0.004728
vn -0.08559 0.9959 0.02826
vn 0.8132 0.5812 0.03011
vn 0.3591 0.9325 0.03721
vn 0.9352 0.3535 0.02152
vn -0.4807 0.8741 -0.07006
vn 0.6711 0.7404 0.0374
vn -0.4243 0.9039 -0.05518
vn -0.4243 0.903 -0.06703
vn 0.6168 0.7862 0.03775
vn -0.3384 0.9402 -0.03807
vn 0.02864 0.9166 0.3988
vn 0.5612 0.826 0.05242
vn 0.8938 0.007116 -0.4483
vn 0.8707 -0.1695 -0.4617
vn 0.9198 -0.1264 -0.3715
vn 0.8325 0.5539 -0.01304
vn 0.9723 0.2331 -0.01496
vn 0.819 0.5735 0.01679
vn 0.3236 0.9462 -0.005747
vn 0.8246 0.5596 0.08314
vn 0.3358 0.9264 0.1705
vn 0.8312 0.5458 0.106
vn 0.9781 0.2055 0.0316
vn 0.9316 0.1918 -0.3086
vn 0.8895 0.1607 -0.4277
vn 0.9606 0.2161 -0.175
vn 0.9699 0.229 -0.08254
vn 0.9708 0.2346 0.05063
vn 0.9722 0.2338 0.01536
vn 0.9695 0.241 0.04545
vn 0.9779 0.208 0.02327
vn 0.9984 0.02515 0.0498
vn 0.9806 0.1719 0.09402
vn 0.8688 -0.283 -0.4064
vn 0.935 -0.1701 -0.3111
vn 0.3305 0.9379 -0.1053
vn 0.9998 0.01929 0.00309
vn 0.2964 0.9527 -0.06755
vn 0.9935 0.1138 -0.00569
vn 0.9918 0.002867 -0.128
vn 0.3513 0.9321 -0.08822
vn 0.9838 0.1475 -0.1018
vn 0.9987 0.02499 0.04506
vn 0.2493 0.9672 -0.0482
vn 0.9985 0.02959 0.04598
vn 0.2388 0.9711 -0.004861
vn 0.9922 0.1155 0.04744
vn 0.9857 0.1619 0.04727
vn 0.9945 0.1043 0.008764
vn 0.9997 0.02575 0.001872
vn 0.9996 -0.02633 -0.01091
vn 0.2406 0.97 0.03524
vn 0.9995 0.0281 0.01188
vn 0.2307 0.972 0.04393
vn 1 -0.004285 -0.004383
vn 0.9952 0.09387 0.02632
vn -0.09674 0.9924 0.07547
vn 0.6786 0.7339 0.02983
vn -0.05911 0.9935 0.09695
vn -0.06379 0.9856 0.1564
vn 0.6178 0.7859 0.02652
vn 0.8156 0.577 0.04407
vn 0.362 0.9291 0.07606
vn 0.8209 0.5694 0.04331
vn 0.9774 0.2112 0.007349
vn 0.9715 0.2341 0.03779
vn 0.978 0.2085 0.006741
vn 0.9931 0.1171 -0.0003242
vn 0.9996 0.02675 -0.004257
vn 1 -0.004287 -0.004383
vn -0.1137 0.9888 -0.09673
vn -0.2256 0.9711 -0.07734
vn -0.1297 0.9835 -0.1258
vn -0.2984 0.9515 -0.0753
vn -0.2558 0.9654 -0.04981
vn -0.1082 0.9923 -0.06107
vn -0.2601 0.9652 -0.02862
vn -0.1068 0.9939 -0.02867
vn -0.09232 0.9952 0.03118
vn -0.2101 0.9776 0.008364
vn -0.1147 0.9934 0.002018
vn -0.2764 0.9609 -0.01873
vn -0.06524 0.9977 0.01945
vn -0.05222 0.9978 0.04175
vn -0.02883 0.9933 0.1119
vn -0.008341 0.982 0.1886
vn 0.06696 0.9273 0.3682
vn 0.6769 0.6128 0.4077
vn 0.2201 0.8501 0.4784
vn 0.8279 -0.3159 -0.4634
vn 0.9736 -0.03068 -0.2262
vn 0.9987 0.02298 0.04595
vn 0.2551 0.9653 -0.05519
vn 0.0623 0.988 -0.1415
vn 0.1307 0.966 -0.223
vn 0.1119 0.989 -0.09655
vn 0.1466 0.9882 -0.04407
vn 0.1345 0.9909 0.01051
vn 0.04742 0.9983 0.03342
vn 0.1222 0.9918 0.03795
vn 0.1789 0.9833 0.03291
vn 0.132 0.9856 0.1055
vn 0.1263 0.973 0.1932
vn 0.2024 0.9218 0.3305
vn 0.9435 0.2985 0.1437
vn 0.9435 0.0801 -0.3214
vn 0.8302 -0.365 -0.4214
vn 0.6316 0.7694 -0.09603
vn 0.3475 0.9324 -0.09918
vn 0.8583 0.1808 -0.4802
vn 0.8606 -0.159 -0.4838
vn 0.8635 0.5028 -0.03958
vn 0.6859 0.5759 -0.4449
vn -0.1999 0.9682 -0.1505
vn 0.7543 0.4633 -0.4651
vn 0.8746 0.4836 -0.03471
vn 0.9755 0.1071 -0.1921
vn 0.1993 0.8671 0.4566
vn 0.08361 0.8895 0.4492
vn 0.3488 0.9363 0.04034
vn 0.7199 -0.438 -0.5384
vn 0.7372 -0.4865 -0.4688
vn 0.1996 -0.9309 -0.3059
vn 0.8827 0.4667 -0.05574
vn 0.8003 0.5938 -0.08329
vn 0.3848 -0.8506 -0.3584
vn 0.5932 -0.6712 -0.4446
vn 0.8796 0.4726 -0.05368
vn 0.6896 -0.437 -0.5774
vn 0.8359 0.5462 0.05332
vn 0.7694 -0.4268 -0.4752
vn 0.8424 0.5364 -0.05036
vn 0.4607 -0.753 -0.4698
vn 0.4726 0.8572 0.2044
vn 0.3296 0.9388 -0.1001
vn 0.1945 -0.9332 -0.3021
vn 0.4454 0.8891 -0.1058
vn -0.7728 0.5772 -0.2639
vn -0.9402 0.2097 -0.2684
vn -0.8141 0.4 -0.421
vn -0.7433 0.5879 -0.3193
vn -0.3386 0.9161 -0.2145
vn -0.6965 0.5919 -0.4056
vn -0.406 0.8537 -0.3261
vn 0.6538 0.7567 -0.00656
vn -0.8396 0.5427 -0.02398
vn 0.6535 0.7564 -0.02861
vn -0.8133 0.5818 -0.009722
vn 0.5657 0.8243 -0.02213
vn 0.5018 0.8642 -0.03667
vn 0.03766 0.9532 0.2999
vn -0.6309 0.7728 0.06864
vn 0.02024 0.961 0.2758
vn 0.04265 0.9751 0.2178
vn -0.5232 0.849 0.07419
vn 0.03829 0.9831 0.1791
vn -0.7309 0.568 0.3784
vn -0.9566 0.2149 0.1969
vn -0.814 0.5292 0.2394
vn -0.9532 0.2761 0.1228
vn -0.7846 0.5629 0.2597
vn -0.3227 0.8796 0.3495
vn 0.5941 0.8027 -0.05261
vn 0.5092 0.8591 -0.05134
vn -0.7196 0.6937 0.03188
vn 0.477 0.8783 -0.0318
vn 0.4587 0.8873 -0.04893
vn -0.7935 0.5805 -0.1828
vn -0.328 0.9381 -0.111
vn -0.829 0.5535 -0.08052
vn -0.3404 0.9385 -0.05757
vn -0.8151 0.5585 -0.1538
vn -0.9616 0.229 -0.1511
vn -0.8445 0.5295 -0.08014
vn -0.9683 0.2369 -0.07953
vn -0.8091 0.5848 0.05748
vn -0.9689 0.2408 0.05646
vn -0.7997 0.5969 0.06479
vn -0.295 0.9543 0.048
vn -0.7999 0.5975 0.05547
vn -0.9708 0.234 0.05353
vn -0.7889 0.612 0.05503
vn -0.3364 0.941 0.03623
vn 0.2345 0.9713 -0.04054
vn -0.6304 0.7762 0.009479
vn -0.9994 0.03235 0.009314
vn 0.1345 0.9908 0.01409
vn -0.779 0.6267 0.02137
vn -0.9997 0.01995 0.01349
vn 0.1511 0.9885 0.00496
vn 0.09437 0.9952 0.02747
vn -0.8079 0.5882 0.03721
vn -0.3508 0.9356 0.04032
vn -0.8163 0.5763 0.03766
vn -0.9782 0.2064 0.02342
vn 0.4876 0.8699 -0.0743
vn -0.6644 0.7461 0.04326
vn 0.4315 0.8993 -0.07078
vn -0.6097 0.7915 0.04313
vn 0.4315 0.9002 -0.05893
vn 0.3461 0.9373 -0.04107
vn -0.01729 0.9168 0.399
vn -0.5536 0.8308 0.05731
vn -0.8976 0.01479 -0.4405
vn -0.9249 -0.114 -0.3628
vn -0.8844 -0.123 -0.4503
vn -0.8278 0.561 -0.005766
vn -0.9704 0.2415 -0.006445
vn -0.8139 0.5805 0.02394
vn -0.3155 0.9489 -0.002947
vn -0.819 0.5667 0.09034
vn -0.3263 0.9292 0.1734
vn -0.8255 0.553 0.1133
vn -0.976 0.2139 0.04017
vn -0.9326 0.1998 -0.3004
vn -0.8918 0.1683 -0.4199
vn -0.9602 0.2243 -0.1666
vn -0.9686 0.2373 -0.07405
vn -0.9683 0.2429 0.05913
vn -0.9699 0.2422 0.02387
vn -0.9669 0.2493 0.05394
vn -0.9758 0.2163 0.03183
vn -0.9977 0.0337 0.05855
vn -0.9782 0.1803 0.1026
vn -0.9391 -0.1621 -0.3029
vn -0.3234 0.9407 -0.1024
vn -0.874 -0.2752 -0.4004
vn -0.9995 0.02786 0.01185
vn -0.2888 0.9552 -0.06498
vn -0.9928 0.01137 -0.1193
vn -0.3441 0.9351 -0.08518
vn -0.9925 0.1223 0.003013
vn -0.9834 0.1559 -0.09313
vn -0.998 0.03354 0.05381
vn -0.2414 0.9693 -0.04605
vn -0.9907 0.124 0.05613
vn -0.9978 0.03814 0.05473
vn -0.2305 0.9731 -0.002804
vn -0.9838 0.1703 0.0559
vn -0.9935 0.1128 0.01748
vn -0.9994 0.03432 0.01063
vn -0.9998 -0.01777 -0.002148
vn -0.2319 0.972 0.03731
vn -0.9991 0.03666 0.02064
vn -0.222 0.974 0.04591
vn -1 0.004285 0.004382
vn -0.9941 0.1024 0.03504
vn 0.1059 0.9916 0.07458
vn -0.672 0.7397 0.03575
vn 0.07361 0.985 0.1558
vn -0.6108 0.7911 0.03191
vn 0.06847 0.993 0.09639
vn -0.8102 0.5839 0.0512
vn -0.3534 0.9321 0.0792
vn -0.8156 0.5764 0.05049
vn -0.9755 0.2196 0.01591
vn -0.9691 0.2424 0.04629
vn -0.9761 0.2169 0.01531
vn -0.992 0.1257 0.008376
vn -0.9994 0.03532 0.004504
vn -1 0.004284 0.004383
vn 0.1213 0.9878 -0.09776
vn 0.1371 0.9824 -0.1269
vn 0.2333 0.9692 -0.07935
vn 0.3059 0.9489 -0.07794
vn 0.2636 0.9632 -0.05209
vn 0.2681 0.9629 -0.03094
vn 0.1161 0.9913 -0.06205
vn 0.115 0.9929 -0.02965
vn 0.1011 0.9944 0.03033
vn 0.1232 0.9924 0.0009747
vn 0.2185 0.9758 0.006484
vn 0.2845 0.9584 -0.02119
vn 0.07395 0.9971 0.01884
vn 0.06111 0.9973 0.04125
vn 0.03833 0.993 0.1116
vn 0.01842 0.9819 0.1884
vn -0.05577 0.9278 0.3688
vn -0.6681 0.6186 0.4136
vn -0.2086 0.8519 0.4803
vn -0.7615 -0.4413 -0.4746
vn -0.9758 -0.02232 -0.2177
vn -0.998 0.03154 0.0547
vn -0.2473 0.9675 -0.05299
vn -0.05507 0.9885 -0.141
vn -0.1244 0.9671 -0.2219
vn -0.1043 0.9899 -0.09561
vn -0.1385 0.9894 -0.04282
vn -0.1259 0.992 0.01165
vn -0.03853 0.9987 0.0338
vn -0.1134 0.9928 0.03898
vn -0.1702 0.9848 0.03444
vn -0.1226 0.9867 0.1066
vn -0.1162 0.9741 0.1942
vn -0.1916 0.9235 0.3322
vn -0.9397 0.3065 0.1519
vn -0.9456 0.0882 -0.3132
vn -0.7676 -0.466 -0.44
vn -0.4168 0.9034 -0.101
vn -0.6175 0.7778 -0.117
vn -0.8633 -0.1551 -0.4802
vn -0.8595 0.5102 -0.03203
vn -0.8609 0.1882 -0.4726
vn -0.7212 0.5269 -0.4497
vn 0.2069 0.9664 -0.1523
vn -0.8707 0.4911 -0.02707
vn -0.9762 0.1155 -0.1835
vn -0.1878 0.8687 0.4583
vn -0.07203 0.8902 0.4498
vn -0.3404 0.9393 0.04336
vn -0.509 -0.7309 -0.4547
vn -0.8424 0.5249 -0.1222
vn -0.6716 -0.5582 -0.4871
vn -0.8781 0.475 -0.05752
vn -0.5218 -0.7135 -0.4676
vn -0.6896 0.7133 -0.125
vn 0.4815 0.8699 0.1067
vn -0.2732 0.9547 0.1178
vn -0.05915 0.9982 0.009816
vn -0.301 0.862 -0.4079
vn 0.664 0.7477 0.007394
vn 0.3971 0.8207 -0.4109
vn -0.8651 0.4805 0.1438
vn -0.7476 0.664 0.01385
vn -0.8237 0.3976 -0.4042
vn -0.9811 0.1484 0.1238
vn -0.9886 0.15 0.01393
vn -0.9142 0.1162 -0.3882
vn -0.9982 0.05903 0.01082
vn -0.7324 -0.2061 -0.649
vn -0.5624 0.6508 -0.5102
vn 0.9986 0.05069 0.01284
vn 0.6523 0.4065 -0.6398
vn 0.988 -0.133 0.07898
vn 0.9973 -0.07269 0.0105
vn 0.7918 -0.4517 -0.4111
vn 0.5305 0.02453 -0.8473
vn 0.954 0.2759 0.1172
vn 0.9982 0.05923 0.008005
vn 0.8614 0.298 -0.4113
vn -0.07282 0.7522 -0.655
vn 0.4809 0.5807 -0.6569
vn -0.5856 0.4818 -0.6519
vn -0.7276 -0.0527 -0.6839
vn -0.2971 -0.4406 -0.8471
vn -0.2108 0.8316 -0.5138
vn 0.6198 0.6883 -0.3771
vn 0.5359 0.6296 -0.5625
vn 0.1512 -0.6596 -0.7363
vn 0.5334 -0.4551 -0.713
vn 0.7513 0.068 -0.6565
vn 0.1786 0.8445 0.5049
vn -0.0117 -0.03984 -0.9991
vn 0.07878 0.8415 -0.5345
vn -0.408 -0.8936 0.1871
vn -0.8445 -0.5354 0.01132
vn -0.5566 -0.8307 0.007736
vn -0.8637 -0.4978 -0.07852
vn -0.8698 0.4739 -0.1377
vn -0.9704 0.2254 -0.08681
vn -0.09838 -0.9901 0.09975
vn -0.1463 -0.9558 0.255
vn 0.1403 -0.957 0.2537
vn -0.003807 -0.9946 0.1036
vn 0.003673 0.9914 -0.1311
vn -0.2579 0.9621 -0.0891
vn -0.4642 0.8716 -0.1574
vn -0.6427 0.7607 -0.09073
vn 0.003906 0.9965 -0.08307
vn -0.8352 0.5196 -0.18
vn -0.9505 0.2583 -0.1725
vn -0.9637 -0.254 -0.08237
vn -0.7156 -0.6872 -0.125
vn -0.8071 -0.5334 -0.2532
vn -0.4318 -0.8916 -0.136
vn -0.2044 -0.9774 -0.05483
vn -0.3197 -0.9265 -0.1983
vn 0.04787 -0.9988 0.007353
vn 0.06339 -0.988 -0.1411
vn 0.01419 -0.9998 0.01298
vn 0.03991 -0.9879 -0.1496
vn -0.004155 -0.9996 0.02911
vn 0.0437 -0.9876 -0.1508
vn -0.05348 -0.9872 -0.1504
vn -0.1002 0.993 -0.06321
vn -0.08866 0.8771 -0.4721
vn -0.2498 0.9669 -0.05188
vn -0.2215 0.8498 -0.4783
vn -0.4258 0.9039 -0.04151
vn -0.3622 0.8096 -0.462
vn -0.7921 0.6081 -0.05198
vn -0.9283 0.3642 -0.07497
vn -0.7485 0.4867 -0.4503
vn -0.9919 0.08189 -0.09681
vn -0.8573 -0.4978 -0.1311
vn -0.9289 -0.1329 -0.3457
vn -0.9704 0.2254 -0.08681
vn -0.8942 0.2211 -0.3892
vn 0.004005 0.998 -0.06232
vn -0.04256 0.883 -0.4675
vn 0.04604 0.8826 -0.4679
vn -0.6883 0.7246 -0.03606
vn -0.5845 0.6552 -0.4787
vn -0.556 0.8307 -0.02967
vn -0.4518 0.7587 -0.4693
vn -0.5249 0.6954 -0.4908
vn 0.402 -0.8971 0.1836
vn 0.5495 -0.8355 0.002889
vn 0.84 -0.5426 0.003938
vn 0.8587 -0.5052 -0.08607
vn 0.8725 0.4664 -0.1453
vn 0.9715 0.2171 -0.09532
vn 0.09076 -0.9909 0.09893
vn 0.4702 0.8677 -0.1615
vn 0.2654 0.9598 -0.09139
vn 0.6484 0.7552 -0.09639
vn 0.8381 0.5124 -0.1873
vn 0.9607 -0.2622 -0.0908
vn 0.9512 0.2502 -0.1808
vn 0.7086 -0.6933 -0.1312
vn 0.8002 -0.5403 -0.2602
vn 0.4229 -0.8953 -0.1398
vn 0.8518 -0.5052 -0.1386
vn 0.9917 0.07338 -0.1055
vn 0.9247 -0.1408 -0.3538
vn 0.1955 -0.9791 -0.05659
vn 0.31 -0.9292 -0.2011
vn -0.05636 -0.9984 0.007809
vn -0.07309 -0.9874 -0.1405
vn -0.02264 -0.9997 0.01314
vn -0.04969 -0.9876 -0.1492
vn 0.2576 0.9647 -0.05411
vn 0.2246 0.8479 -0.4802
vn 0.1081 0.9921 -0.06412
vn 0.09204 0.8763 -0.4729
vn 0.4331 0.9002 -0.04527
vn 0.365 0.8065 -0.4652
vn 0.7968 0.6013 -0.05894
vn 0.9307 0.3563 -0.08312
vn 0.7487 0.4803 -0.4569
vn 0.6941 0.7186 -0.04212
vn 0.5858 0.6501 -0.4839
vn 0.9715 0.2171 -0.09532
vn 0.8926 0.2135 -0.397
vn 0.5628 0.8259 -0.03457
vn 0.4542 0.7548 -0.4733
vn 0.5265 0.6909 -0.4954
vn 0.446 0.8107 -0.3792
vn 0.7393 0.4744 -0.478
vn 0.7017 -0.5409 -0.4638
vn 1 -0.004265 -0.004384
vn 0.6024 0.7754 -0.1893
vn 0.2671 0.9634 0.02189
vn 0.5789 0.8149 -0.02972
vn 0.1199 0.9919 -0.04213
vn 0.08119 0.9754 0.2047
vn 0.05201 0.9171 0.3952
vn 0.6669 0.6975 0.2624
vn 0.01571 0.8711 0.4908
vn 0.00838 -0.8679 0.4967
vn 0.2863 -0.9578 0.02685
vn 0.6068 -0.771 -0.1933
vn 0.3983 -0.8441 -0.359
vn 0.04042 -0.9151 0.4012
vn 0.6609 -0.7015 0.2667
vn 0.06477 -0.9749 0.2128
vn 0.2662 0.9543 0.1357
vn 0.3174 0.9398 0.1269
vn 0.2855 -0.9475 0.1439
vn 0.3093 -0.9417 0.1326
vn 0.0373 0.7956 0.6047
vn 0.03051 -0.7922 0.6095
vn 0.8462 0.4247 0.3218
vn 0.8425 -0.43 0.3244
vn 0.9505 -0.003129 0.3108
vn 0.764 0.6339 -0.1205
vn 1 -0.004265 -0.004384
vn 0.1147 0.9548 -0.2742
vn 0.6314 -0.7749 -0.02848
vn 0.1116 -0.9937 -0.009027
vn 0.7585 -0.6411 -0.1166
vn 1 -0.004265 -0.004384
vn 0.1083 -0.9719 -0.209
vn 0.6643 0.2588 -0.7012
vn 0.6155 -0.4448 -0.6506
vn 0.08429 0.9958 0.03467
vn 0.06603 -0.997 0.04145
vn -0.4424 0.8145 -0.3753
vn -0.5974 0.7805 -0.184
vn -0.7393 0.4807 -0.4715
vn -0.7103 -0.5348 -0.4577
vn -1 0.00429 0.004392
vn -0.2586 0.9657 0.02419
vn -0.5721 0.8198 -0.02467
vn -0.1118 0.9929 -0.04111
vn -0.07103 0.9761 0.2054
vn -0.003936 0.8712 0.4909
vn -0.01146 -0.8678 0.4968
vn -0.04068 0.9175 0.3956
vn -0.6585 0.7031 0.2682
vn -0.2943 -0.9553 0.02939
vn -0.4086 -0.8406 -0.3555
vn -0.6151 -0.7657 -0.188
vn -0.07125 -0.9744 0.2134
vn -0.04475 -0.9148 0.4015
vn -0.6645 -0.6958 0.2725
vn -0.2568 0.9566 0.138
vn -0.3082 0.9425 0.1296
vn -0.2923 -0.945 0.1464
vn -0.3162 -0.939 0.1354
vn -0.02518 0.7959 0.6049
vn -0.03195 -0.792 0.6097
vn -0.8397 0.4319 0.3292
vn -0.8433 -0.4227 0.3318
vn -0.9477 0.005018 0.3192
vn -0.7595 0.6404 -0.1138
vn -1 0.00429 0.004392
vn -0.1089 0.9558 -0.2732
vn -0.765 -0.6346 -0.11
vn -1 0.00429 0.004392
vn -0.1185 -0.9709 -0.208
vn -0.6383 -0.7695 -0.02291
vn -0.1202 -0.9927 -0.008012
vn -0.6682 0.2645 -0.6954
vn -0.6249 -0.4395 -0.6452
vn -0.07545 0.9965 0.03537
vn -0.07422 -0.9964 0.04207
vn 0.9697 -0.2252 -0.09463
vn -0.178 -0.984 0.003765
vn 0.9707 -0.2224 -0.09089
vn 0.9332 -0.2698 -0.2374
vn -0.9912 0.1148 -0.0659
vn -0.1779 -0.984 0.003758
vn 0.9316 -0.2706 -0.2428
vn -0.9911 0.1143 -0.06828
vn -0.9448 0.2214 0.2417
vn 0.9842 -0.1624 0.071
vn -0.9496 0.2149 0.2281
vn 0.9838 -0.1695 0.05787
vn -0.1779 -0.984 0.003758
vn -0.9826 0.1669 0.0821
vn -0.9836 0.1636 0.0763
vn -0.1778 -0.9841 0.003751
vn 0.2897 0.9565 -0.03474
vn 0.22 0.975 -0.03163
vn 0.1514 0.988 -0.03089
vn -0.1432 0.9892 -0.0296
vn 0.7158 0.6797 -0.1604
vn 0.7726 0.6228 -0.1233
vn 0.7528 0.6462 -0.1253
vn 0.2105 0.7591 -0.616
vn 0.0001332 0.7299 -0.6835
vn 0.03565 0.9754 -0.2174
vn -0.09338 0.9707 -0.2213
vn 0.2947 0.7844 -0.5458
vn 0.2554 0.9444 -0.2072
vn 0.6685 0.724 -0.1699
vn 0.6404 0.741 -0.2022
vn 0.4988 0.8317 -0.2441
vn 0.6971 0.7161 -0.03531
vn 0.7681 0.6394 -0.03368
vn 0.8686 0.4947 -0.02653
vn 0.9032 0.4286 -0.02305
vn 0.4075 0.8031 -0.4347
vn 0.4475 0.8936 -0.03478
vn 0.5376 0.8423 -0.03754
vn 0.9999 0.01299 -6.902E-05
vn 0.9973 0.0725 -0.007871
vn 0.9773 0.2114 -0.01406
vn 0.9578 0.2868 -0.01715
vn 0.4073 0.8694 -0.2798
vn 0.5845 0.7894 -0.1879
vn 0.4568 0.8468 -0.2727
vn 0.3898 0.8567 -0.3378
vn 0.4796 0.7983 -0.3643
vn 0.3526 0.9001 -0.2561
vn 0.4268 0.8024 -0.4171
vn 0.0001645 0.7331 -0.6802
vn 0.8457 0.5296 -0.06605
vn 0.839 0.5424 -0.04334
vn 0.999 -0.04251 0.01268
vn 0.8097 0.5821 -0.0744
vn 0.9988 -0.04817 0.005301
vn 0.811 0.5785 -0.08712
vn 0.7798 0.6167 -0.1075
vn -0.2818 0.9589 -0.03223
vn -0.4401 0.8974 -0.03088
vn -0.5307 0.8469 -0.03286
vn -0.7113 0.6858 -0.1541
vn -0.7483 0.6527 -0.1187
vn -0.7683 0.6294 -0.1165
vn -0.2094 0.7609 -0.6142
vn -0.2927 0.7869 -0.5433
vn -0.2491 0.9465 -0.205
vn -0.6638 0.7297 -0.1641
vn -0.6358 0.7464 -0.1966
vn -0.4937 0.8359 -0.2397
vn -0.6912 0.722 -0.02923
vn -0.8646 0.5022 -0.01894
vn -0.7629 0.646 -0.02697
vn -0.8996 0.4364 -0.01515
vn -0.4044 0.8066 -0.4311
vn -0.9997 0.02157 0.008698
vn -0.9755 0.2197 -0.0055
vn -0.9967 0.08105 0.0008737
vn -0.9555 0.295 -0.008769
vn -0.4022 0.8729 -0.2763
vn -0.5793 0.7944 -0.1828
vn -0.4518 0.8507 -0.2687
vn -0.3854 0.86 -0.3344
vn -0.476 0.8024 -0.3601
vn -0.3471 0.9031 -0.253
vn -0.4236 0.8061 -0.4133
vn -0.8416 0.5369 -0.05865
vn -0.8053 0.589 -0.06733
vn -0.8347 0.5495 -0.036
vn -0.9992 -0.03395 0.02143
vn -0.9991 -0.0396 0.01406
vn -0.8068 0.5854 -0.08002
vn -0.7754 0.6234 -0.1007
vn 0.02416 -0.9541 -0.2985
vn 0.4314 0.9016 -0.03242
vn 0.3348 -0.3912 -0.8572
vn 0.4411 -0.7041 -0.5564
vn 0.8625 0.5041 -0.04433
vn 0.746 0.6641 -0.04883
vn 0.3199 -0.4055 -0.8563
vn -0.2046 -0.9092 -0.3626
vn -0.7871 -0.5861 -0.1924
vn 0.3092 -0.3325 -0.891
vn 0.9893 0.1404 -0.0397
vn 0.2902 -0.2622 -0.9203
vn -0.8862 -0.3633 -0.2876
vn 0.03343 -0.9884 -0.148
vn -0.03804 0.9989 -0.02578
vn 0.04246 -0.9879 -0.1495
vn -0.0424 0.9991 -0.00796
vn -0.05224 -0.9874 -0.1491
vn 0.05089 0.9987 -0.008369
vn -0.08829 0.8765 -0.4733
vn 0.02936 -0.343 -0.9389
vn -0.226 0.8544 -0.4679
vn 0.07232 -0.3391 -0.938
vn -0.4101 0.7876 -0.4598
vn 0.1359 -0.3158 -0.939
vn -0.4496 0.7574 -0.4734
vn -0.5377 0.7006 -0.4691
vn 0.1644 -0.2903 -0.9427
vn 0.186 -0.2502 -0.9502
vn -0.6488 0.6114 -0.4531
vn 0.2043 -0.2466 -0.9473
vn -0.8274 0.3869 -0.4071
vn 0.2432 -0.2362 -0.9408
vn -0.9287 0.1164 -0.3521
vn 0.2666 -0.2215 -0.938
vn -0.04179 0.8818 -0.4698
vn 0.01151 -0.3377 -0.9412
vn 0.04523 0.8814 -0.4702
vn -0.02264 -0.3375 -0.941
vn 0.08032 -0.9895 -0.12
vn 0.08058 0.9963 -0.02826
vn 0.8596 -0.4934 0.133
vn -0.7712 0.6274 -0.1077
vn -0.7711 0.6275 -0.1077
vn -0.93 0.3512 -0.1081
vn 0.8752 -0.4757 0.08768
vn 0.7675 -0.6273 0.1319
vn 0.6009 -0.7873 0.1382
vn -0.5868 0.8026 -0.107
vn -0.6106 0.7876 -0.08242
vn -0.7711 0.6275 -0.1077
vn 0.7697 -0.6312 0.09617
vn 0.6119 -0.784 0.1047
vn 0.4925 -0.8544 -0.1657
vn 0.261 -0.9631 -0.06549
vn 0.6041 -0.7868 -0.127
vn 0.8905 0.2985 -0.3433
vn 0.8804 0.3765 -0.2882
vn 0.7374 0.577 -0.3511
vn 0.75 0.5935 -0.2921
vn 0.3221 0.8787 -0.3523
vn 0.4923 0.8002 -0.3427
vn 0.3036 0.9053 -0.297
vn 0.4553 0.8385 -0.2994
vn 0.2289 0.9125 -0.339
vn 0.17 0.9399 -0.2962
vn 0.05306 -0.9977 -0.04133
vn 0.99 -0.008546 -0.1408
vn 0.1105 -0.9931 -0.03944
vn 0.1141 -0.9933 -0.01681
vn 0.9705 -0.02103 -0.2401
vn 0.2041 -0.9789 -0.0009609
vn 0.3224 0.9251 -0.2006
vn 0.2775 0.9327 -0.2304
vn 0.4994 0.8355 -0.2292
vn 0.5048 0.8422 -0.1892
vn 0.1736 0.9608 -0.216
vn 0.2265 0.947 -0.228
vn 0.6742 -0.7364 0.05588
vn 0.847 -0.53 0.04116
vn 0.6658 -0.7451 0.03924
vn 0.888 -0.459 0.02908
vn 0.5572 -0.8279 0.06369
vn 0.4583 -0.8882 0.03278
vn 0.6402 -0.7679 0.0245
vn 0.8964 -0.4428 0.0193
vn 0.4781 -0.878 0.02353
vn 0.4323 -0.9017 -0.005414
vn 0.4585 -0.8886 0.0126
vn 0.575 -0.8181 0.005126
vn 0.7516 -0.6596 -0.002978
vn 0.6058 -0.7954 0.01697
vn 0.7454 -0.6664 0.0174
vn 0.9963 -0.004712 -0.08601
vn 0.08507 -0.9941 -0.06761
vn 0.9975 -0.004508 -0.07001
vn 0.8904 0.4549 -0.01613
vn 0.7767 0.6295 -0.0215
vn 0.9996 -0.004364 -0.02786
vn 0.1295 -0.9903 -0.05124
vn -0.1921 -0.31 -0.9311
vn 0.9736 -0.01654 -0.2275
vn 0.04638 0.9958 -0.07944
vn -0.1918 -0.3101 -0.9311
vn -0.9984 -0.05655 0.009156
vn 0.04847 0.9957 -0.07846
vn -0.1921 -0.31 -0.9311
vn -0.9984 -0.0564 0.008667
vn 0.3271 -0.9437 0.04928
vn -0.1924 -0.3099 -0.9311
vn 0.3178 -0.9471 0.04489
vn 0.9733 -0.02823 -0.2278
vn 0.964 -0.2654 0.01844
vn 0.9346 -0.3549 0.02399
vn 0.9758 -0.2161 0.0326
vn 0.9523 -0.3051 0.0008882
vn 0.8355 -0.5495 0.003278
vn 0.9595 -0.2811 0.0176
vn 0.8228 -0.5681 0.01674
vn 0.568 0.7408 -0.3586
vn 0.565 0.7662 -0.3061
vn 0.5473 0.8337 0.07344
vn 0.7228 0.6908 0.01824
vn 0.6777 0.7331 0.05746
vn 0.7909 0.6015 0.1129
vn 0.3973 0.9155 -0.06368
vn 0.864 0.4927 -0.1038
vn 0.4315 0.8996 -0.06741
vn 0.3831 -0.9227 -0.04371
vn 0.4231 0.9029 -0.07567
vn 0.7438 0.6542 -0.1372
vn 0.4081 0.9093 -0.08138
vn 0.3166 -0.9475 -0.04561
vn 0.39 0.9156 -0.09789
vn 0.7029 0.6999 -0.1271
vn 0.41 0.9056 -0.1081
vn 0.225 -0.9734 -0.04339
vn 0.3743 0.9207 -0.1102
vn 0.4333 0.8919 -0.1296
vn 0.145 -0.9891 -0.02589
vn 0.4133 -0.91 -0.03208
vn 0.7796 -0.6251 -0.03807
vn 0.4242 -0.9052 -0.02613
vn 0.1267 -0.9912 -0.03725
vn 0.4534 0.8849 -0.1071
vn 0.9313 0.3547 -0.08317
vn 0.8832 0.4601 -0.09106
vn 0.6184 -0.7855 0.02334
vn 0.9337 0.341 -0.1092
vn 0.8408 0.5256 -0.1297
vn 0.3407 0.9374 -0.07207
vn 0.3349 -0.9416 -0.03524
vn 0.2929 0.9531 -0.07675
vn 0.934 0.3417 -0.1045
vn 0.2788 0.9557 -0.09449
vn 0.9893 -0.1141 -0.09097
vn 0.3128 -0.9477 -0.06373
vn 0.9453 0.3037 -0.1193
vn 0.3275 -0.9439 -0.04234
vn 0.8876 -0.4546 -0.07395
vn 0.1404 -0.9885 -0.05656
vn 0.1617 -0.9861 -0.0372
vn 1 -0.004275 -0.00432
vn 0.9887 -0.1167 -0.09407
vn 0.9887 0.1097 -0.1022
vn 1 -0.004277 -0.004351
vn 0.9887 -0.1167 -0.09407
vn 0.1693 -0.9847 -0.04239
vn 1 -0.004277 -0.004351
vn 0.4044 0.9098 -0.09365
vn 1 -0.004286 -0.004383
vn 0.9887 0.1097 -0.1022
vn 1 -0.00428 -0.004382
vn 0.17 -0.985 -0.03014
vn 0.01947 -0.9996 -0.01798
vn 0.5866 -0.04623 -0.8085
vn 1 -0.004286 -0.004383
vn 0.9887 -0.1167 -0.09407
vn 0.4362 0.8945 -0.09815
vn 0.1406 -0.9899 -0.02033
vn 0.9887 0.1097 -0.1022
vn 0.9951 -0.0924 -0.03463
vn 0.239 0.97 0.04386
vn 0.997 -0.07234 -0.0265
vn 0.1597 -0.9871 -0.01124
vn 0.9949 -0.09896 -0.01728
vn 0.2279 0.9719 0.05932
vn 0.9949 -0.1 -0.01563
vn 0.1224 -0.9924 -0.01388
vn 0.9941 -0.108 -0.005397
vn 0.0731 -0.997 0.02408
vn 0.994 -0.1093 -0.009544
vn 0.9941 -0.108 -0.002996
vn 0.1658 0.982 0.08992
vn 0.9937 -0.112 -0.0102
vn 0.1743 0.9809 0.0859
vn -0.7364 0.676 0.02759
vn 0.04251 0.9946 0.09431
vn -0.5408 0.84 0.04339
vn 0.9796 -0.01493 -0.2006
vn 0.3697 0.9274 -0.05755
vn 0.9576 0.1159 -0.2638
vn 0.9428 0.07237 -0.3253
vn 0.9452 -0.2218 -0.2394
vn 0.9376 -0.1575 -0.3101
vn 0.976 0.1975 -0.09162
vn 0.9711 0.2149 -0.1042
vn 0.5991 -0.7578 -0.2584
vn 0.702 -0.6518 -0.2869
vn 0.8665 -0.3509 -0.3551
vn 0.5055 -0.808 -0.3026
vn 0.8525 -0.3593 -0.3796
vn 0.5259 0.7496 -0.4019
vn 0.3316 0.8442 -0.4211
vn 0.5999 0.6866 -0.4108
vn 0.763 0.4975 -0.4127
vn 0.7136 0.5246 -0.4643
vn 0.3313 0.8181 -0.47
vn 0.9265 0.02614 -0.3753
vn 0.9059 -0.2375 -0.3505
vn 0.2332 -0.9722 0.02037
vn 0.2528 -0.9675 0.01061
vn 0.4449 -0.8954 -0.02036
vn 0.5401 -0.8414 -0.01553
vn 0.2413 -0.9704 0.001287
vn 0.5348 -0.8427 -0.0614
vn 0.9273 0.3011 -0.2224
vn 0.8904 0.412 -0.1936
vn 0.925 0.3623 -0.1145
vn 0.789 0.5682 -0.2336
vn 0.7981 0.5686 -0.1993
vn 0.7968 0.5881 -0.139
vn 0.2909 0.9252 -0.2436
vn 0.4837 0.8364 -0.2579
vn 0.2011 0.947 -0.2506
vn 0.6425 0.7338 -0.2209
vn 0.6425 0.7491 -0.1616
vn 0.5889 0.7685 -0.2502
vn 0.9704 0.1542 -0.1858
vn 0.9847 0.1402 -0.103
vn 0.9749 0.09332 -0.2019
vn 0.3306 -0.9433 0.03129
vn 0.478 -0.8784 0.002499
vn 0.3926 -0.9195 0.02175
vn 0.5568 -0.8306 6.614E-05
vn 0.6624 -0.7492 -0.007299
vn 0.00509 0.9791 0.2035
vn 0.01849 0.9986 -0.04873
vn 0.005088 0.9792 0.2029
vn 0.202 0.9582 0.2026
vn 0.04737 0.9977 -0.04883
vn 0.1167 -0.9932 0.002043
vn -0.1252 -0.9921 0.003103
vn 0.135 -0.9906 0.024
vn 0.1205 -0.9923 0.02859
vn -0.1433 -0.9894 0.02522
vn -0.1287 -0.9912 0.02969
vn 0.2026 -0.978 0.05004
vn 0.195 -0.9802 0.03357
vn 0.1241 -0.9916 0.03584
vn 0.9383 -0.03664 -0.344
vn 0.1336 -0.991 0.01183
vn 0.9093 -0.1309 -0.395
vn -0.142 -0.9898 0.01303
vn -0.9138 -0.1231 -0.387
vn 0.08241 -0.9963 0.02576
vn -0.09521 -0.9952 0.02471
vn -0.07725 -0.9965 0.03194
vn 0.4068 0.9123 -0.04666
vn 0.6464 0.7624 -0.02955
vn 0.8497 0.5271 -0.01677
vn 0.6267 0.7784 -0.03679
vn 0.9925 -0.005006 -0.1223
vn 0.1242 0.9913 -0.04395
vn 0.4972 0.8669 -0.03501
vn 0.8381 0.5448 -0.0286
vn 0.2068 0.972 0.1119
vn -0.1565 0.1149 0.981
vn -0.02582 0.996 0.08538
vn -0.1683 0.08731 0.9819
vn 0.2147 0.9717 0.09841
vn 0.2371 0.9704 0.04544
vn -0.001763 0.9991 0.0424
vn 0.1693 0.9753 0.1417
vn -0.1593 0.05974 0.9854
vn 0.9982 -0.05885 0.009017
vn 0.1645 -0.9864 0.001688
vn 0.9915 -0.1272 0.02866
vn 0.1855 -0.9825 -0.01557
vn 0.1939 -0.981 -0.001173
vn 1 -0.004286 -0.004383
vn 0.1774 -0.9841 -0.005101
vn 1 -0.004283 -0.003828
vn 0.1855 -0.9826 -0.008808
vn 0.009909 -0.9999 -0.001468
vn 0.1659 -0.986 -0.01764
vn 0.168 -0.9855 -0.02242
vn 0.9937 -0.1062 0.03654
vn -0.1552 0.0553 0.9863
vn -1 0.004282 0.004384
vn -0.001266 -0.999 0.0438
vn -0.1559 0.08513 0.9841
vn 0.203 -0.9788 0.02716
vn -0.1771 0.1148 0.9775
vn 0.005108 -0.9992 0.04042
vn -0.1559 0.08513 0.9841
vn -1 0.004282 0.004384
vn -0.008879 0.9978 0.06534
vn 0.6059 -0.04775 -0.7941
vn 0.05611 0.997 -0.05411
vn -0.7649 -0.02883 -0.6435
vn 0.6052 -0.04714 -0.7947
vn -0.006346 -0.9998 0.01628
vn -0.7591 -0.03405 -0.6501
vn 0.6052 -0.04714 -0.7947
vn 0.05612 0.9969 -0.05482
vn 0.6046 -0.04654 -0.7952
vn -0.006933 -0.9993 0.03584
vn -1 0.004282 0.004384
vn 0.01397 -0.9994 0.03235
vn -0.02266 0.9934 0.1124
vn -0.008363 0.9972 0.07384
vn 0.02358 -0.9967 0.07758
vn 0.01137 0.9997 0.02067
vn 0.8909 0.4516 -0.04888
vn 0.8141 -0.579 -0.04552
vn 0.6303 -0.7762 -0.01745
vn 0.4056 -0.9139 0.017
vn 0.1291 -0.9909 0.03754
vn 0.1945 -0.9806 0.02566
vn 0.4773 -0.8787 -0.008293
vn 0.07951 -0.9957 0.04651
vn -0.08763 -0.995 0.04724
vn 0.4714 0.8816 0.02346
vn 0.3892 0.9207 0.02738
vn 0.9994 0.01989 0.0298
vn 0.3925 0.9194 0.02393
vn 0.9962 0.02018 0.08453
vn 0.8754 0.4828 0.02434
vn 0.896 0.4322 0.1021
vn 0.7634 0.6449 0.0355
vn 0.05494 -0.9983 0.02128
vn 0.04383 -0.9987 0.02467
vn -0.05217 -0.9983 0.02509
vn 0.06429 -0.9977 0.02097
vn -0.07265 -0.9971 0.02157
vn 0.07328 -0.9969 0.02701
vn 0.08736 -0.9957 0.03031
vn -0.09562 -0.9949 0.03111
vn 0.1921 -0.9809 0.02966
vn 0.182 -0.9828 0.03111
vn 0.2033 -0.9729 0.11
vn 0.1411 -0.9849 0.1002
vn 0.1157 -0.9872 0.1102
vn -0.1232 -0.9861 0.1112
vn 0.109 -0.9884 0.1053
vn -0.1166 -0.9875 0.1063
vn 0.9701 -0.01267 -0.2423
vn 0.2269 -0.9722 0.05748
vn 0.9664 -0.004907 -0.257
vn 0.01902 0.9968 -0.07709
vn 0.9357 -0.005069 -0.3527
vn -0.02604 0.9984 -0.04964
vn 0.9931 0.08753 -0.07839
vn 0.9468 0.3043 -0.1046
vn 0.9305 0.3569 -0.08266
vn 0.8982 0.4352 -0.06162
vn 0.1 -0.9949 0.01005
vn 0.986 -0.1669 0.00629
vn -0.3108 -0.9445 0.1064
vn -0.03452 -0.99 0.1368
vn 0.9973 -0.07102 0.01829
vn -0.1111 -0.971 0.2119
vn 0.9966 -0.05388 0.06256
vn 0.4298 -0.8962 0.1098
vn 0.5526 0.833 0.02631
vn 0.9983 0.01324 0.05724
vn 0.215 -0.9744 0.06494
vn 0.09248 -0.994 0.05832
vn -0.1005 -0.9932 0.05917
vn 0.395 0.9173 0.04973
vn 0.2461 0.9689 -0.02625
vn 0.02774 0.9996 -0.009688
vn 0.3074 0.9491 -0.06806
vn 0.05351 0.9972 -0.05194
vn 0.5865 -0.05603 -0.808
vn 1 -0.004286 -0.004383
vn 0.4004 -0.9139 -0.06626
vn 0.5317 -0.8458 -0.0426
vn 0.7204 -0.6912 -0.05684
vn 0.8041 -0.5937 -0.03114
vn 0.92 -0.3914 -0.01833
vn 0.99 -0.1402 -0.01806
vn 0.9966 -0.08182 0.001138
vn 0.9562 0.2925 -0.01041
vn 0.9499 0.3117 -0.02314
vn 0.3018 -0.9533 -0.01524
vn 0.2626 -0.9625 -0.06862
vn 0.2848 -0.9585 0.00941
vn 0.1915 -0.9814 0.01587
vn 0.06329 -0.9979 0.009778
vn 0.9999 -0.01511 0.00809
vn 0.2615 -0.9636 0.05553
vn 0.2567 -0.9654 0.04556
vn -0.9984 -0.05624 0.008178
vn 0.9595 -0.02363 -0.2807
vn 0.1109 -0.9928 -0.04495
vn -0.1198 -0.9918 -0.04394
vn 0.003186 0.9742 -0.2255
vn 0.09974 0.9699 -0.2222
vn -0.09338 0.9707 -0.2213
vn 0.003015 0.9664 -0.2571
vn 0.002801 0.9555 -0.295
vn 0.9015 -0.4268 -0.07137
vn 0.6417 -0.7665 -0.02614
vn 0.9227 -0.3799 -0.06512
vn 0.9161 -0.3778 -0.1346
vn 0.6588 -0.7491 -0.06922
vn 0.6361 -0.7713 -0.02326
vn 0.9804 -0.1759 -0.08915
vn 0.981 -0.1027 -0.1647
vn 0.9659 -0.183 -0.1833
vn 0.9054 -0.3915 -0.164
vn 0.6829 -0.7229 -0.1047
vn 0.9008 -0.3816 -0.2074
vn 0.6846 -0.7143 -0.1451
vn 0.6843 -0.7 -0.2042
vn 0.8931 -0.3572 -0.2735
vn 0.4076 0.909 -0.0869
vn 0.8826 0.4666 -0.05737
vn 0.9137 0.4033 -0.04968
vn 0.6522 0.7525 -0.0914
vn 0.6329 0.7661 -0.1118
vn 0.3917 0.9139 -0.1069
vn 0.006542 -0.999 0.04377
vn 0.1517 0.9872 0.04898
vn 0.162 0.9857 0.04737
vn 0.181 0.9793 0.091
vn 0.6326 0.7665 0.1112
vn 0.3054 0.9465 0.1039
vn 0.2127 0.9503 0.2272
vn 0.9813 0.1741 0.08157
vn 0.9511 0.3054 0.04628
vn -0.975 -0.2222 0.00504
vn -0.9002 0.4355 0.002586
vn -0.9723 -0.2337 0.007514
vn -0.8621 0.5064 0.01671
vn -0.9226 -0.3856 0.01149
vn -0.7922 -0.6091 0.03825
vn 0.02836 -0.9918 -0.1248
vn 0.4191 -0.9036 -0.08895
vn 0.07185 -0.9973 0.01242
vn 0.1821 -0.9826 0.03554
vn -0.1683 0.08731 0.9819
vn 0.2238 -0.9746 0.01221
vn 0.00343 -0.9999 0.01346
vn 0.0007093 -0.9997 0.02316
vn 0.5867 -0.03643 -0.809
vn -0.7649 -0.02883 -0.6435
vn -0.008143 -0.9982 0.05951
vn 0.06969 -0.997 0.03337
vn 0.409 -0.9125 -0.008018
vn -0.424 -0.905 0.03522
vn -0.5005 -0.8657 -0.005547
vn -0.4636 -0.8803 -0.1008
vn -0.3752 -0.9065 -0.1936
vn -0.5867 -0.8068 0.06997
vn -0.437 -0.8933 0.1052
vn -0.4824 -0.8699 0.1029
vn 0.7839 -0.2592 0.5642
vn -0.4276 -0.8949 0.1278
vn 0.07198 -0.1836 0.9804
vn 0.1498 -0.9794 0.1356
vn -0.1096 -0.1686 0.9796
vn 0.2941 -0.9518 0.08682
vn -0.7307 -0.3348 0.5949
vn 0.2977 -0.9502 0.09175
vn 0.395 -0.9174 0.04822
vn 0.3887 -0.9206 -0.03654
vn 0.3335 -0.9162 -0.222
vn 0.9942 -0.1075 -0.009308
vn 0.04154 -0.9972 0.06269
vn 0.9865 -0.1576 0.04487
vn 0.1084 0.9917 -0.06929
vn -0.9984 -0.0564 0.008667
vn 0.9595 -0.02384 -0.2806
vn 0.9078 -0.06817 -0.4139
vn -0.04876 0.9985 -0.02311
vn -0.9119 -0.06037 -0.406
vn 0.05711 0.9981 -0.02358
vn 0.3275 -0.9448 -0.01382
vn 0.03538 -0.9991 0.02449
vn 0.05354 -0.9985 0.01073
vn -0.04372 -0.9987 0.02483
vn -0.062 -0.998 0.01123
vn 0.08481 -0.9962 0.01926
vn 0.007385 -0.9997 0.02184
vn -0.01576 -0.9996 0.02195
vn 0.04871 -0.9986 0.02102
vn 0.06791 -0.9974 0.02197
vn 0.002535 0.94 -0.3412
vn 0.9043 -0.0618 -0.4225
vn 0.8771 0.2565 -0.4062
vn 0.946 0.3109 0.09162
vn 0.8817 0.4541 0.1281
vn 0.8023 0.5949 0.04926
vn 0.9932 0.1064 -0.0465
vn 0.9234 0.3653 0.1181
vn 0.916 0.3948 -0.07139
vn 0.3691 0.9067 0.2043
vn 0.04602 0.9978 -0.04875
vn 0.3375 0.9192 0.2031
vn 0.4998 0.843 0.1987
vn 0.06083 0.9969 -0.04938
vn 0.1773 0.9791 0.0998
vn -0.03122 0.9975 0.06343
vn 0.1774 0.9794 0.09597
vn 0.181 0.9793 0.091
vn 0.1845 0.9791 0.08602
vn 0.1838 0.9787 0.0913
vn -0.09058 -0.9944 -0.0548
vn -0.3555 -0.3086 0.8822
vn -0.09016 -0.9945 -0.05397
vn 0.5172 -0.2812 0.8083
vn -0.09058 -0.9944 -0.0548
vn -0.2555 -0.9568 0.1387
vn 0.9355 -0.3355 -0.1108
vn -0.09099 -0.9943 -0.05563
vn -0.9062 -0.416 -0.07634
vn 0.005717 -0.9948 0.1016
vn -0.3631 -0.927 0.09426
vn -0.3199 -0.9443 0.07715
vn -0.3177 -0.9466 0.05429
vn -0.2838 -0.9521 0.114
vn -0.2554 -0.9568 0.1387
vn 0.9906 -0.1366 0.01062
vn 0.02991 -0.9992 0.02552
vn 0.005724 -0.9948 0.1016
vn 0.02179 -0.9965 0.08104
vn 0.04556 0.9982 -0.03843
vn 0.05619 0.9969 -0.05507
vn 0.5866 -0.04623 -0.8085
vn -0.7705 -0.02361 -0.637
vn 0.05795 -0.9973 0.04475
vn -0.0661 -0.9968 0.0453
vn 0.1302 -0.9876 -0.08827
vn 0.1487 -0.9784 -0.1433
vn -0.1394 -0.9864 -0.08709
vn -0.1584 -0.9771 -0.1419
vn 0.2285 -0.9645 -0.132
vn 0.2371 0.8796 -0.4125
vn 0.3167 -0.9226 -0.2202
vn 0.2536 -0.9295 -0.2678
vn -0.2639 -0.9273 -0.2655
vn 0.1457 -0.9732 -0.1782
vn -0.1556 -0.9719 -0.1769
vn 0.001658 0.8768 -0.4809
vn 0.002085 0.9095 -0.4156
vn 0.3891 -0.9209 0.02198
vn 0.09468 -0.993 0.07131
vn -0.1026 -0.9921 0.07218
vn 0.1178 -0.9899 0.07911
vn 0.1776 0.9806 0.08325
vn 0.1772 0.9803 0.08763
vn 0.7107 0.7033 0.01783
vn 0.8592 0.5116 0.007054
vn 0.9927 0.1205 0.005926
vn 0.9962 0.02386 0.0838
vn 0.9962 -0.0006156 0.0866
vn -0.9983 0.05621 -0.01543
vn -0.9922 0.108 -0.0627
vn -0.9945 -0.1034 -0.01488
vn 0.9604 0.2634 0.09072
vn -0.9234 -0.3779 -0.06741
vn -0.9967 -0.04648 -0.0671
vn -0.9945 -0.1034 -0.01488
vn 0.7909 0.6015 0.1129
vn 0.6082 0.7853 0.1159
vn -0.7942 -0.604 -0.0673
vn -0.7942 -0.604 -0.0673
vn -0.6108 -0.7889 -0.06754
vn 0.8402 0.5305 0.1126
vn -0.9234 -0.3779 -0.06741
vn -0.9234 -0.3779 -0.06741
vn -0.7942 -0.604 -0.0673
vn 0.4721 0.873 0.1225
vn -0.6108 -0.7889 -0.06754
vn -0.6108 -0.7889 -0.06754
vn -0.3859 -0.92 -0.06814
vn 0.3837 0.9142 0.1306
vn 0.1207 0.9848 0.1252
vn -0.3859 -0.92 -0.06814
vn -0.3859 -0.92 -0.06814
vn -0.1347 -0.9885 -0.06904
vn 0.4022 0.9123 0.07694
vn 0.1075 0.9912 0.07676
vn 0.004789 0.9925 0.1219
vn -0.0483 -0.9964 -0.06994
vn 0.004673 0.9957 0.09239
vn 0.2753 -0.9531 0.1258
vn -0.1279 0.9902 -0.05575
vn -0.1284 0.9902 -0.05524
vn -0.3681 0.9282 -0.05336
vn 0.1214 -0.9854 0.1192
vn -0.1287 -0.9844 0.1203
vn 0.1359 0.9891 -0.0564
vn 0.1363 0.989 -0.0569
vn -0.1284 0.9902 -0.05524
vn 0.5178 -0.8449 0.1341
vn -0.3357 0.9381 -0.08535
vn -0.3681 0.9282 -0.05336
vn -0.6106 0.7876 -0.08242
vn 0.9625 -0.2464 0.1132
vn -0.952 0.3003 -0.05989
vn -0.93 0.3512 -0.1081
vn -0.9922 0.108 -0.0627
vn 0.5898 0.8047 0.0676
vn 0.9946 -0.1039 0.001402
vn 0.06663 -0.9976 0.01976
vn 0.04861 -0.9934 -0.1038
vn 0.01208 -0.3314 -0.9434
vn -0.05803 -0.993 -0.1033
vn -0.02319 -0.3312 -0.9433
vn 0.05309 -0.9933 -0.1028
vn -0.06251 -0.9928 -0.1023
vn 0.08662 -0.991 -0.1023
vn 0.03029 -0.342 -0.9392
vn 0.1365 -0.9858 -0.0979
vn 0.2509 -0.9632 -0.09675
vn 0.09645 -0.3341 -0.9376
vn 0.4293 -0.8973 -0.1025
vn 0.1497 -0.3027 -0.9413
vn 0.5082 -0.8559 -0.0959
vn 0.6161 -0.7814 -0.09958
vn 0.16 -0.2847 -0.9452
vn 0.1933 -0.2571 -0.9469
vn 0.7244 -0.6854 -0.07369
vn 0.2264 -0.2434 -0.9431
vn 0.8781 -0.4769 -0.03734
vn 0.2579 -0.2411 -0.9356
vn 0.9721 -0.2327 -0.03067
vn 0.2767 -0.2006 -0.9398
vn 0.05352 -0.9972 0.05212
vn 0.02292 -0.9975 0.06661
vn -0.06807 -0.9961 0.05527
vn 0.879 0.4714 -0.07153
vn 0.8339 0.5424 -0.1016
vn 0.825 0.5548 -0.1073
vn 0.8044 0.5787 -0.1343
vn 0.8775 0.4763 -0.05619
vn 0.8291 0.5548 -0.0692
vn 0.7214 0.6792 -0.1353
vn 0.7545 0.6452 -0.1203
vn 0.7537 0.6417 -0.1423
vn 0.7253 0.6749 -0.1359
vn 0.7343 0.663 -0.1455
vn 0.06049 -0.9981 0.01452
vn 0.05428 -0.9984 0.01584
vn 0.8641 0.5006 -0.05265
vn 0.8364 0.5435 -0.07137
vn 0.06201 -0.9978 0.02206
vn 0.063 -0.9979 0.01723
vn 0.9941 -0.1082 0.002242
vn -0.03493 -0.9539 -0.2982
vn -0.4239 0.9053 -0.02867
vn -0.3455 -0.3884 -0.8543
vn -0.4519 -0.7004 -0.5525
vn -0.8585 0.5114 -0.03679
vn -0.7407 0.6705 -0.04231
vn -0.3198 -0.3298 -0.8882
vn -0.9884 0.1489 -0.03103
vn -0.3309 -0.4027 -0.8534
vn 0.1937 -0.9109 -0.3644
vn 0.7803 -0.5928 -0.1993
vn -0.3006 -0.2596 -0.9177
vn 0.8805 -0.3709 -0.2954
vn -0.0432 -0.9881 -0.1477
vn 0.03362 0.999 -0.02925
vn 0.05062 0.9984 -0.02511
vn 0.09165 0.8757 -0.4741
vn -0.04052 -0.3427 -0.9386
vn 0.2292 0.8524 -0.4699
vn -0.08345 -0.3384 -0.9373
vn 0.4128 0.7841 -0.4635
vn -0.1469 -0.3147 -0.9378
vn 0.452 0.7535 -0.4774
vn 0.5396 0.6959 -0.4738
vn -0.1752 -0.2889 -0.9412
vn -0.1964 -0.2485 -0.9485
vn 0.65 0.6058 -0.4588
vn -0.2147 -0.2448 -0.9455
vn 0.8271 0.3798 -0.4144
vn -0.2535 -0.2341 -0.9386
vn 0.9265 0.1084 -0.3602
vn -0.2768 -0.2192 -0.9356
vn -0.08984 -0.9888 -0.1192
vn -0.0723 0.997 -0.02759
vn -0.8626 -0.486 0.1406
vn 0.9498 0.2908 -0.1153
vn 0.9344 0.35 -0.06672
vn 0.7755 0.6208 -0.1144
vn -0.7717 -0.6207 0.1386
vn -0.6064 -0.7821 0.1434
vn 0.7756 0.6208 -0.1145
vn 0.7755 0.6208 -0.1144
vn 0.6123 0.7826 -0.1127
vn -0.8785 -0.4682 0.09536
vn -0.7742 -0.6246 0.1029
vn -0.6177 -0.7787 0.11
vn -0.2379 -0.9625 -0.13
vn -0.5012 -0.8501 -0.1613
vn -0.2698 -0.9608 -0.06316
vn -0.7474 0.5999 -0.2855
vn -0.8797 0.3841 -0.2805
vn -0.7355 0.5833 -0.3447
vn -0.8909 0.3061 -0.3355
vn -0.1645 0.9413 -0.2948
vn -0.2984 0.9079 -0.2943
vn -0.4507 0.8424 -0.2954
vn -0.224 0.9144 -0.3371
vn -0.3176 0.8815 -0.3495
vn -0.4884 0.8044 -0.3384
vn -0.2125 -0.9772 0.0008649
vn -0.1193 -0.9921 -0.03844
vn -0.1227 -0.9923 -0.01577
vn -0.9727 -0.0127 -0.2316
vn -0.2645 -0.9632 0.04784
vn 0.9979 -0.06479 -0.0005729
vn -0.9621 -0.0154 -0.2723
vn -0.3162 0.9278 -0.1978
vn -0.2715 0.935 -0.228
vn -0.4942 0.8398 -0.2248
vn -0.4992 0.8465 -0.1848
vn -0.2039 0.956 -0.2107
vn -0.2203 0.9489 -0.226
vn -0.09338 0.9707 -0.2213
vn -0.68 -0.7306 0.06182
vn -0.8511 -0.5227 0.0486
vn -0.5637 -0.8231 0.0686
vn -0.6718 -0.7394 0.0451
vn -0.8916 -0.4514 0.03688
vn -0.4656 -0.8842 0.03683
vn -0.6465 -0.7623 0.03014
vn -0.9 -0.4351 0.02718
vn -0.4854 -0.8739 0.02775
vn -0.4401 -0.898 -0.001591
vn -0.582 -0.8132 0.0102
vn -0.7572 -0.6532 0.003634
vn -0.466 -0.8846 0.01665
vn -0.6125 -0.7902 0.02231
vn -0.7509 -0.66 0.02396
vn -0.9935 0.003506 -0.1136
vn -0.6203 0.7837 -0.03132
vn -0.9912 -5.299E-05 -0.1321
vn -0.06197 -0.9972 -0.04082
vn -0.997 0.00383 -0.07727
vn -0.09417 -0.9933 -0.06683
vn 0.1813 -0.3116 -0.9327
vn -0.9757 -0.008182 -0.219
vn -0.03853 0.9961 -0.07906
vn 0.1815 -0.3116 -0.9327
vn -0.3255 -0.9443 0.04771
vn -0.9755 -0.01988 -0.2193
vn 0.1813 -0.3116 -0.9327
vn 0.9979 -0.06495 -8.467E-05
vn -0.3348 -0.9408 0.05218
vn 0.181 -0.3117 -0.9328
vn 0.9979 -0.0651 0.0004035
vn -0.04061 0.9961 -0.07806
vn -0.9374 -0.3469 0.0322
vn -0.966 -0.2571 0.0269
vn -0.9773 -0.2077 0.04116
vn -0.9549 -0.2969 0.009247
vn -0.9617 -0.2729 0.02602
vn -0.8401 -0.5423 0.01062
vn -0.8275 -0.561 0.02398
vn -0.5611 0.771 -0.3011
vn -0.5647 0.7457 -0.3536
vn -0.5452 0.8377 0.03112
vn -0.9976 0.02179 0.06598
vn -0.7228 0.6902 0.03457
vn -0.9992 0.02182 0.03473
vn -0.4636 0.8856 0.02756
vn -0.5395 0.8383 0.07821
vn -0.7166 0.697 0.02455
vn -0.6708 0.7389 0.06337
vn -0.7847 0.6082 0.1198
vn -0.4991 0.8633 -0.075
vn -0.8329 0.5466 -0.08675
vn -0.5264 0.8454 -0.09009
vn -0.4244 0.9032 -0.06366
vn -0.3914 -0.9193 -0.04031
vn -0.401 0.9128 -0.07784
vn -0.3251 -0.9447 -0.04279
vn -0.4444 0.8902 -0.1007
vn -0.3673 0.9239 -0.107
vn -0.4032 0.9091 -0.1045
vn -0.2337 -0.9714 -0.04138
vn -0.4267 0.8956 -0.1258
vn -0.1537 -0.9878 -0.02458
vn -0.4213 -0.9065 -0.02842
vn -0.7853 -0.6184 -0.03121
vn -0.4322 -0.9015 -0.02238
vn -0.1355 -0.9901 -0.0361
vn -0.4467 0.8887 -0.1032
vn -0.9289 0.3627 -0.07502
vn -0.9317 0.349 -0.101
vn -0.88 0.4677 -0.08333
vn -0.6249 -0.7802 0.02878
vn -0.8374 0.5328 -0.1223
vn -0.3333 0.9403 -0.06911
vn -0.3433 -0.9387 -0.03227
vn -0.2714 0.9581 -0.09208
vn -0.991 -0.1056 -0.08229
vn -0.3215 -0.945 -0.06095
vn -0.9436 0.3118 -0.1111
vn -0.2854 0.9555 -0.07421
vn -0.9319 0.3497 -0.09636
vn -0.3359 -0.9411 -0.03944
vn -0.8921 -0.447 -0.06615
vn -0.1494 -0.9872 -0.05529
vn -1 0.00428 0.004395
vn -0.9886 0.1182 -0.09354
vn -0.9905 -0.1082 -0.0854
vn -1 0.00428 0.004388
vn -0.9886 0.1182 -0.09354
vn -0.3974 0.9132 -0.09013
vn -1 0.004294 0.004382
vn -1 0.00428 0.004388
vn -0.1781 -0.9832 -0.04087
vn -0.9905 -0.1082 -0.0854
vn -1 0.004279 0.004381
vn -0.1786 -0.9835 -0.02861
vn -0.5941 -0.04117 -0.8034
vn -1 0.004294 0.004382
vn -0.02819 -0.9994 -0.01777
vn 0.1684 0.05833 0.984
vn -0.1597 0.9767 0.1432
vn 0.1776 0.08581 0.9804
vn -0.1901 -0.9811 0.03717
vn 0.1776 0.08581 0.9804
vn -0.1975 0.9737 0.1137
vn 0.1661 0.1135 0.9796
vn 0.03511 0.9958 0.08511
vn 0.1867 0.1132 0.9759
vn 0.1653 0.08378 0.9827
vn -0.2111 -0.977 0.02897
vn -0.01332 -0.9991 0.0405
vn -0.9886 0.1182 -0.09354
vn -0.4293 0.8982 -0.09435
vn -0.1493 -0.9886 -0.01906
vn -0.9905 -0.1082 -0.0854
vn -0.9961 -0.08386 -0.02591
vn -0.2303 0.972 0.04591
vn -0.9959 -0.09043 -0.008551
vn -0.219 0.9738 0.06128
vn -0.9978 -0.0638 -0.01775
vn -0.1683 -0.9857 -0.009802
vn -0.9958 -0.0915 -0.006904
vn -0.131 -0.9913 -0.01277
vn -0.995 -0.09949 0.00332
vn -0.08143 -0.9964 0.02476
vn -0.995 -0.0995 0.005723
vn -0.1566 0.9834 0.09133
vn -0.9949 -0.1008 -0.000828
vn -0.9946 -0.1035 -0.001488
vn -0.1651 0.9824 0.08738
vn 0.7423 0.6697 0.02111
vn 0.5484 0.8353 0.03861
vn -0.03316 0.995 0.09464
vn -0.9814 -0.006519 -0.192
vn -0.3622 0.9305 -0.05435
vn -0.9621 -0.0156 -0.2722
vn -0.1005 0.9926 -0.06837
vn 0.9979 -0.06495 -8.467E-05
vn -0.9588 0.1242 -0.2554
vn -0.9492 -0.2137 -0.2311
vn -0.945 0.08046 -0.317
vn -0.9416 -0.1495 -0.3019
vn -0.975 0.2059 -0.08307
vn -0.9701 0.2232 -0.09573
vn -0.6079 -0.7526 -0.2531
vn -0.515 -0.8037 -0.2981
vn -0.8589 -0.3519 -0.3721
vn -0.7101 -0.6457 -0.2807
vn -0.8725 -0.3435 -0.3474
vn -0.5229 0.7541 -0.3973
vn -0.3281 0.847 -0.4182
vn -0.5975 0.6917 -0.4056
vn -0.7622 0.5041 -0.4061
vn -0.7131 0.5308 -0.458
vn -0.3284 0.821 -0.4671
vn -0.9295 0.03409 -0.3672
vn -0.911 -0.2297 -0.3426
vn -0.2414 -0.9702 0.02244
vn -0.261 -0.9653 0.01286
vn -0.2496 -0.9683 0.003438
vn -0.4527 -0.8915 -0.01642
vn -0.5474 -0.8368 -0.01077
vn -0.5425 -0.8381 -0.05668
vn -0.7949 0.5754 -0.1923
vn -0.7929 0.5949 -0.132
vn -0.8885 0.4197 -0.1858
vn -0.9228 0.3702 -0.1065
vn -0.7861 0.575 -0.2267
vn -0.9266 0.309 -0.2142
vn -0.2851 0.9277 -0.241
vn -0.4787 0.8405 -0.2536
vn -0.1952 0.9487 -0.2488
vn -0.6381 0.7393 -0.2153
vn -0.6374 0.7546 -0.156
vn -0.5844 0.7735 -0.2451
vn -0.9706 0.1625 -0.1773
vn -0.9844 0.1486 -0.09442
vn -0.9758 0.1017 -0.1934
vn -0.3384 -0.9404 0.03422
vn -0.4003 -0.916 0.02523
vn -0.4855 -0.8742 0.006722
vn -0.5639 -0.8258 0.004978
vn -0.6688 -0.7434 -0.001466
vn -0.3278 0.922 0.206
vn -0.1919 0.9599 0.2044
vn -0.03892 0.9981 -0.04849
vn -0.8026 0.5745 0.1606
vn -0.7113 0.679 0.1817
vn -0.2056 0.9772 -0.05316
vn -0.8636 0.4814 0.1497
vn -0.8761 0.4626 0.1355
vn -0.7104 0.7005 -0.06783
vn -0.3902 0.9185 -0.06341
vn -0.2105 -0.9762 0.05185
vn -0.1323 -0.9905 0.03696
vn -0.9415 -0.02858 -0.3357
vn -0.2238 -0.974 0.03583
vn -0.07725 -0.9965 0.03194
vn -0.3994 0.9158 -0.04313
vn -0.6401 0.7679 -0.02392
vn -0.8452 0.5343 -0.009341
vn -0.1381 0.9894 -0.04494
vn 0.03764 0.9989 -0.02818
vn -0.4901 0.8711 -0.03068
vn -0.8336 0.552 -0.02127
vn -0.2284 0.9724 0.04748
vn 0.0107 0.999 0.04235
vn -0.2055 0.9735 0.1002
vn -0.9922 -0.1186 0.03735
vn -0.1941 -0.9809 -0.01391
vn -0.9986 -0.05029 0.01777
vn -0.173 -0.9849 0.003166
vn -0.2023 -0.9793 0.0005633
vn -1 0.004284 0.004383
vn -0.1859 -0.9826 -0.003509
vn -1 0.004286 0.004937
vn -0.194 -0.981 -0.007145
vn -0.01849 -0.9998 -0.001344
vn -0.1745 -0.9845 -0.01615
vn -0.1766 -0.9841 -0.02091
vn -0.9942 -0.09765 0.04525
vn -0.1704 -0.9847 -0.03574
vn -0.1385 -0.9891 -0.05007
vn -0.9998 0.004206 -0.0191
vn 0.1643 0.05398 0.9849
vn 1 -0.004256 -0.004381
vn -0.006913 -0.999 0.04382
vn 0.1653 0.08378 0.9827
vn 1 -0.004256 -0.004381
vn 0.018 0.9977 0.06523
vn -0.6132 -0.04254 -0.7888
vn -0.04802 0.9974 -0.05364
vn 0.7589 -0.03536 -0.6502
vn -0.6125 -0.04193 -0.7893
vn -0.04804 0.9974 -0.05436
vn -0.6125 -0.04193 -0.7893
vn -0.002091 -0.9999 0.01625
vn 0.7531 -0.04051 -0.6567
vn -0.6119 -0.04132 -0.7899
vn -0.001328 -0.9994 0.03581
vn 1 -0.004256 -0.004381
vn 0.03215 0.9932 0.1122
vn -0.02225 -0.9992 0.03251
vn -0.002619 0.9998 0.02073
vn 0.01756 0.9971 0.07373
vn -0.03144 -0.9965 0.07782
vn -0.8874 0.4592 -0.04109
vn -0.8194 -0.572 -0.03836
vn -0.637 -0.7708 -0.01189
vn -0.4132 -0.9104 0.02059
vn -0.1493 -0.988 0.04005
vn -0.07725 -0.9965 0.03194
vn -0.2027 -0.9789 0.0274
vn -0.4848 -0.8746 -0.004075
vn -0.3937 0.9157 0.08043
vn -0.09829 0.9921 0.07766
vn -0.06331 -0.9978 0.0218
vn -0.1902 -0.9812 0.03274
vn -0.2002 -0.9793 0.03138
vn -0.08158 -0.9963 0.02769
vn -0.2107 -0.9711 0.1118
vn -0.1486 -0.9837 0.1015
vn -0.9723 -0.004343 -0.2338
vn -0.2347 -0.9702 0.0595
vn -0.9686 0.003392 -0.2485
vn -0.01114 0.997 -0.07696
vn -0.9388 0.002961 -0.3445
vn 0.05048 0.9982 -0.03348
vn 0.00148 0.9966 -0.08268
vn -0.8766 0.4616 0.1358
vn -0.9425 0.3189 0.0999
vn -0.9372 0.3421 -0.06838
vn -0.9929 0.09603 -0.06968
vn -0.9451 0.3124 -0.09633
vn -0.9065 0.4188 -0.05335
vn -0.1085 -0.994 0.01096
vn -0.9872 -0.1585 0.01494
vn 0.02723 -0.9903 0.1365
vn -0.9977 -0.06247 0.02703
vn 0.3036 -0.9471 0.1037
vn 0.1046 -0.9719 0.2109
vn -0.9964 -0.04534 0.07129
vn -0.5823 0.8097 0.07274
vn -0.2964 0.9491 0.1066
vn -0.3866 0.9207 0.05316
vn -0.4365 -0.8925 0.1136
vn -0.3844 0.9228 0.02734
vn -0.9952 0.02872 0.09326
vn -0.7742 0.6317 0.03935
vn -0.2228 -0.9726 0.06686
vn -0.948 0.3136 0.0546
vn -0.2026 0.9521 0.229
vn -0.9791 0.1825 0.09016
vn -0.625 0.7719 0.1167
vn -0.9204 0.3893 0.03563
vn -0.2381 0.9709 -0.02413
vn -0.01925 0.9998 -0.009481
vn -0.2998 0.9518 -0.0654
vn -0.594 -0.05096 -0.8028
vn -1 0.004294 0.004382
vn -0.04542 0.9976 -0.05151
vn -0.4088 -0.9105 -0.06272
vn -0.5393 -0.8413 -0.0379
vn -0.7268 -0.685 -0.0505
vn -0.8094 -0.5868 -0.02407
vn -0.9235 -0.3835 -0.01025
vn -0.9912 -0.1318 -0.009377
vn -0.9973 -0.07328 0.009876
vn -0.9537 0.3007 -0.002038
vn -0.9473 0.3199 -0.01482
vn -0.3101 -0.9506 -0.01255
vn -0.2714 -0.9602 -0.06628
vn -0.2929 -0.9561 0.01194
vn -0.1998 -0.9797 0.01759
vn -0.07175 -0.9974 0.01037
vn -0.9998 -0.006536 0.01685
vn -0.8866 0.4625 -0.008339
vn -0.7714 0.6362 -0.01471
vn -0.9981 0.004044 -0.06127
vn -0.2692 -0.9613 0.05786
vn -0.6119 -0.7816 -0.1216
vn -0.9058 -0.419 -0.06345
vn -0.6485 -0.7609 -0.02048
vn -0.9265 -0.3719 -0.05701
vn -0.9204 -0.3699 -0.1266
vn -0.6658 -0.7434 -0.06342
vn -0.6428 -0.7658 -0.01765
vn -0.9826 -0.1675 -0.08055
vn -0.9832 -0.09431 -0.1561
vn -0.969 -0.1747 -0.1748
vn -0.9102 -0.3837 -0.156
vn -0.69 -0.717 -0.0987
vn -0.9058 -0.3738 -0.1995
vn -0.692 -0.7084 -0.139
vn -0.6921 -0.6941 -0.1982
vn -0.8985 -0.3496 -0.2656
vn -0.4005 0.9125 -0.08336
vn -0.8234 0.5603 -0.08986
vn -0.64 0.76 -0.1129
vn -0.6339 0.7654 -0.1106
vn -0.3848 0.9172 -0.1035
vn -0.01472 -0.9989 0.04386
vn -0.1749 0.9804 0.09111
vn -0.1681 0.9817 0.08914
vn 0.9731 -0.2305 -0.003499
vn 0.9039 0.4278 -0.005321
vn 0.9193 -0.3935 0.003413
vn 0.9703 -0.242 -0.001
vn 0.8665 0.499 0.009128
vn 0.7872 -0.6159 0.03133
vn -0.03797 -0.9915 -0.1245
vn -0.0803 -0.9967 0.01308
vn -0.4276 -0.8999 -0.08525
vn -0.232 -0.9726 0.01421
vn -0.01188 -0.9998 0.01353
vn -0.009079 -0.9997 0.0232
vn -0.5941 -0.03138 -0.8038
vn 0.7589 -0.03536 -0.6502
vn 0.0001062 -0.9982 0.05947
vn -0.07796 -0.9964 0.03401
vn -0.4168 -0.909 -0.0044
vn 0.4165 -0.9086 0.03154
vn 0.4552 -0.8842 -0.1048
vn 0.493 -0.87 -0.0099
vn 0.3658 -0.9097 -0.1968
vn 0.5803 -0.8118 0.06485
vn 0.4302 -0.897 0.1014
vn 0.4757 -0.874 0.09872
vn 0.421 -0.8985 0.1241
vn -0.157 -0.9781 0.1369
vn -0.305 -0.9477 0.0944
vn -0.3015 -0.9493 0.08943
vn -0.4024 -0.914 0.05172
vn -0.3969 -0.9173 -0.03309
vn -0.3433 -0.9133 -0.219
vn -0.9951 -0.099 -0.0005913
vn -0.04953 -0.9968 0.06309
vn -0.9874 -0.1492 0.05352
vn -0.3357 -0.9419 -0.01091
vn -0.09317 -0.9954 0.02004
vn -0.05707 -0.9981 0.02148
vn -0.07626 -0.9968 0.0226
vn -0.7299 0.6693 -0.1391
vn -0.9084 -0.05405 -0.4146
vn -0.8784 0.264 -0.3985
vn -0.1681 0.9806 0.1013
vn -0.1428 0.9885 0.05027
vn 0.04033 0.9972 0.06311
vn -0.1682 0.9809 0.09749
vn -0.1718 0.9808 0.09254
vn -0.1606 0.9848 0.06629
vn 0.3559 -0.9301 0.09111
vn 0.3101 -0.9493 0.05154
vn 0.3125 -0.947 0.07438
vn 0.2766 -0.9545 0.1115
vn 0.2484 -0.959 0.1365
vn -0.9916 -0.1281 0.01931
vn -0.03824 -0.9989 0.02582
vn -0.01337 -0.9947 0.1017
vn -0.02962 -0.9963 0.08126
vn -0.01338 -0.9947 0.1017
vn -0.04812 0.9973 -0.05461
vn -0.5941 -0.04117 -0.8034
vn 0.7647 -0.03021 -0.6437
vn -0.03733 0.9986 -0.03807
vn -0.008878 -0.9993 0.03513
vn -0.2331 0.8816 -0.4104
vn -0.3265 -0.9199 -0.2174
vn -0.3967 -0.9176 0.02543
vn -0.1256 -0.9888 0.08018
vn -0.1684 0.9821 0.08477
vn -0.7044 0.7094 0.02403
vn -0.7967 0.6017 0.05627
vn -0.9927 0.1149 -0.0378
vn -0.8547 0.519 0.01456
vn -0.9191 0.3732 0.1262
vn -0.9132 0.4026 -0.06338
vn -0.9952 0.03239 0.09253
vn -0.9954 0.007921 0.09533
vn 0.9945 0.1023 -0.02424
vn 0.9982 -0.05499 -0.02387
vn 0.9908 -0.1118 -0.07639
vn -0.871 0.4903 0.032
vn -0.8913 0.4398 0.11
vn -0.8346 0.5377 0.12
vn 0.9195 -0.3858 -0.07548
vn 0.7883 -0.6108 -0.07423
vn 0.7883 -0.6108 -0.07423
vn -0.9573 0.2717 0.09912
vn 0.9195 -0.3858 -0.07549
vn 0.9195 -0.3858 -0.07548
vn 0.9908 -0.1118 -0.07639
vn -0.7847 0.6082 0.1198
vn -0.6004 0.7905 0.1212
vn 0.7883 -0.6108 -0.07423
vn 0.6034 -0.7941 -0.07287
vn 0.6034 -0.7941 -0.07287
vn -0.4635 0.877 0.1266
vn 0.6034 -0.7941 -0.07287
vn 0.3774 -0.9233 -0.07149
vn 0.3774 -0.9233 -0.07149
vn -0.3747 0.9174 0.1339
vn -0.1111 0.9858 0.1262
vn 0.3774 -0.9233 -0.07149
vn 0.1256 -0.9896 -0.07018
vn -0.2824 -0.9507 0.1283
vn 0.1363 0.989 -0.0569
vn 0.3439 0.9373 -0.05687
vn 0.3708 0.9245 -0.08865
vn -0.5238 -0.8405 0.1387
vn 0.3708 0.9245 -0.08865
vn 0.5942 0.7995 -0.0882
vn 0.6123 0.7826 -0.1127
vn -0.9636 -0.2381 0.1216
vn 0.9344 0.35 -0.06672
vn 0.9963 0.04741 -0.07178
vn 0.9945 0.1023 -0.02424
vn -0.995 -0.09972 0.01096
vn -0.0714 -0.9973 0.01782
vn -0.096 -0.9902 -0.1015
vn -0.04145 -0.3417 -0.9389
vn -0.1458 -0.9846 -0.09666
vn -0.26 -0.961 -0.09452
vn -0.1076 -0.3333 -0.9367
vn -0.4378 -0.8936 -0.09873
vn -0.1606 -0.3014 -0.9399
vn -0.5163 -0.8515 -0.09141
vn -0.6236 -0.776 -0.09415
vn -0.1707 -0.2833 -0.9437
vn -0.2037 -0.2553 -0.9452
vn -0.7309 -0.6792 -0.06731
vn -0.2367 -0.2414 -0.9411
vn -0.8825 -0.4694 -0.02962
vn -0.2682 -0.2389 -0.9333
vn -0.9742 -0.2244 -0.02214
vn -0.2867 -0.1981 -0.9373
vn -0.06164 -0.9967 0.05263
vn 0.06 -0.9967 0.05471
vn -0.03089 -0.9973 0.06685
vn -0.5781 0.8141 0.05493
vn -0.9984 0.05169 -0.02215
vn -0.6393 0.7688 0.01424
vn -0.9992 0.04096 -0.00323
vn -0.06894 -0.9975 0.0151
vn -0.07034 -0.9973 0.02264
vn -0.07136 -0.9974 0.0129
vn 0.0006192 -0.9994 0.03509
vn 0.2484 -0.959 0.1365
vn 0.06291 -0.9979 0.01231
vn -0.075 -0.997 0.02039
vn -0.9954 -0.09533 0.01013
vn -0.0627 -0.9979 0.01635
vn -0.9204 0.3893 0.03563
vn 0.7275 0.6804 0.0885
vn 0.7488 0.6544 -0.1051
vn 0.959 0.2815 -0.0317
vn 0.9503 0.2984 -0.08867
vn 0.8654 0.4983 -0.05202
vn 0.9133 0.3923 -0.1092
vn 0.04384 -0.9988 0.02149
vn -0.05219 -0.9984 0.02191
vn 0.924 0.3814 0.02754
vn -0.09881 0.9948 0.02412
vn -0.3805 0.9243 0.0304
vn -0.9973 -0.0197 0.07093
vn 0.3887 0.921 0.02703
vn 0.1075 0.9939 0.02322
vn 0.9977 -0.02821 0.06215
vn -0.381 0.9241 0.03075
vn -0.9989 0.02846 0.03856
vn -0.2119 0.9768 -0.02974
vn 0.1493 0.9884 -0.02829
vn -0.1411 0.9896 -0.02701
vn -0.8257 0.5637 -0.0191
vn 0.8303 0.5566 -0.02636
vn -0.9915 0.129 0.01462
vn 0.8812 0.4551 0.1278
vn 0.869 0.474 0.1421
vn 0.7158 0.6944 -0.07408
vn 0.3975 0.9152 -0.06687
vn -0.4908 0.8473 0.2031
vn -0.05271 0.9974 -0.04888
vn -0.3595 0.9098 0.2075
vn -0.03769 0.9981 -0.0484
vn 0.5751 0.796 0.1888
vn -0.5666 0.8009 0.1938
vn 0.7187 0.6728 0.1754
vn 0.2135 0.9754 -0.055
vn 0.8089 0.5676 0.1536
vn 0.7289 0.684 0.0282
vn 0.9996 0.01325 0.02597
vn 0.6459 0.7633 0.008608
vn 0.9994 0.0324 -0.01199
vn 0.5855 0.8091 0.04983
vn 0.9986 0.04314 -0.0309
vn 0.1876 -0.9738 -0.1284
vn 0.7662 -0.6295 -0.129
vn 0.3059 -0.9151 -0.2628
vn 0.7876 -0.5363 -0.3034
vn -0.1848 -0.9794 -0.08081
vn 0.1551 -0.9879 -0.002567
vn -0.2755 -0.9612 0.0127
vn 0.7992 -0.601 -0.009069
vn 0.9756 -0.2191 -0.0103
vn 0.9684 -0.1996 -0.1497
vn -0.197 -0.9722 -0.1267
vn -0.316 -0.9124 -0.2601
vn -0.7727 -0.6229 -0.1223
vn -0.7948 -0.5295 -0.2964
vn -0.1636 -0.9865 -0.001171
vn 0.1757 -0.981 -0.08239
vn 0.2674 -0.9635 0.01032
vn -0.8044 -0.5941 -0.002043
vn -0.9775 -0.2107 -0.001742
vn -0.9713 -0.1913 -0.1412
vn 0.9759 0.2094 -0.06177
vn 0.9816 0.1868 -0.04037
vn 0.8313 0.5505 -0.07686
vn 0.8002 0.5975 -0.05106
vn 0.6303 0.7758 -0.03022
vn 0.1882 0.9816 -0.03286
vn 0.7569 0.6532 -0.02194
vn 0.8323 0.5544 0.002564
vn 0.6855 0.728 -0.01123
vn 0.2319 0.9724 -0.02418
vn 0.7247 0.6885 0.02848
vn 0.3164 0.9485 0.01523
vn 0.8723 0.4862 0.05173
vn 0.9755 0.2043 0.08113
vn 0.8746 0.482 0.05233
vn 0.1786 0.9839 -0.01105
vn 0.08172 0.9962 -0.03054
vn 0.1451 0.989 -0.03023
vn 0.9688 0.2475 -0.01009
vn 0.9896 0.1425 0.02131
vn 0.1511 0.9885 0.007721
vn 0.1771 0.9842 0.008017
vn 0.9912 0.0953 -0.09231
vn 0.004279 1 -0.001361
vn 0.9876 0.1121 -0.11
vn -0.9875 0.1205 -0.1014
vn 0.1548 0.9872 -0.03918
vn 0.0876 0.9957 -0.03152
vn 0.2269 0.9727 -0.04906
vn 0.5877 0.8074 -0.05255
vn 0.9891 0.133 0.06261
vn 0.7439 0.6669 0.04298
vn 0.5242 0.8516 -0.004571
vn 0.9495 0.3135 0.01088
vn 0.9839 0.17 0.05496
vn 0.9998 0.01328 0.01716
vn 0.9999 0.0121 0.01059
vn 0.9999 0.009173 0.01035
vn 0.9999 0.01359 0.009904
vn 0.9999 0.01044 0.01015
vn 0.9986 0.01354 0.05041
vn 0.8464 0.5322 0.02042
vn 0.7342 0.6789 0.005549
vn 0.08887 0.9949 -0.04726
vn 0.3056 0.9522 0.001815
vn 0.8825 0.4484 0.1418
vn 0.9972 -0.004035 0.07426
vn 0.8758 0.4356 0.208
vn 0.9724 -0.003429 0.2335
vn 0.9726 -0.003449 0.2326
vn 0.9456 0.2614 0.1937
vn 0.984 0.002095 0.1782
vn 0.9823 0.002123 0.1872
vn 0.9227 0.3771 0.07992
vn 0.6458 -0.745 0.1671
vn -0.001763 -0.8854 0.4648
vn 0.6243 -0.781 -0.01609
vn 0.9821 -0.003624 0.1881
vn 0.5184 -0.8546 -0.03085
vn 0.9682 -0.003377 0.25
vn -0.004276 -1 0.003043
vn 0.004397 0.003024 1
vn 0.7566 0.6317 0.1688
vn 0.9889 -0.003774 0.1484
vn 0.7418 0.6193 0.2571
vn 0.005129 0.9763 0.2163
vn 0.7669 0.6359 0.08667
vn 0.004274 1 -0.003041
vn 0.9889 -0.003774 0.1484
vn 0.6949 -0.6684 0.2653
vn 0.9547 -0.003173 0.2976
vn 0.6643 0.5544 0.5014
vn 0.006071 0.7825 0.6226
vn 0.004374 0.003018 1
vn 0.9547 -0.003172 0.2976
vn 0.6198 -0.5942 0.5126
vn 0.004381 0.003021 1
vn -0.0003628 -0.754 0.6568
vn 0.3949 0.9187 0.001568
vn 0.7608 0.649 -0.003421
vn 0.3873 0.9219 -0.006787
vn 0.1334 0.9911 -0.002098
vn 0.9996 0.02477 -0.01468
vn 0.132 0.9912 0.009659
vn 0.9967 0.06 -0.05477
vn 0.8103 0.5832 0.05741
vn 0.05863 0.9982 -0.00937
vn 0.004272 1 -0.003041
vn 0.9999 -0.004046 0.01535
vn 0.001175 -0.567 0.8237
vn 0.7767 0.6117 0.1505
vn 0.004271 1 -0.003041
vn 0.00427 1 -0.00304
vn 0.7637 0.6197 0.1809
vn 0.9728 -0.003451 0.2318
vn 0.8798 -0.4543 0.14
vn 0.9735 -0.05399 0.2221
vn 0.9699 -0.003404 0.2434
vn 0.8178 -0.5421 0.1931
vn 0.9765 -0.003518 0.2156
vn 0.9812 -0.02868 0.1909
vn 0.9682 -0.003379 0.25
vn 0.5859 -0.6586 0.4722
vn 0.004397 0.003024 1
vn 0.5457 -0.8341 0.08046
vn 0.8095 -0.5862 0.03218
vn 0.9793 -0.04844 0.1967
vn 0.3547 -0.9332 -0.05802
vn 0.4142 -0.9059 -0.08844
vn 0.7119 -0.7007 -0.04681
vn 0.9926 -0.006367 0.1209
vn 0.4447 -0.894 -0.05537
vn 0.9579 -0.008108 0.287
vn 0.004253 -0.0302 0.9995
vn 0.704 -0.7086 0.04723
vn 0.9999 0.01186 0.01102
vn 0.7598 -0.6393 0.1184
vn 0.9999 0.01115 0.01015
vn 0.7305 -0.6723 0.1202
vn 0.965 -0.003326 0.2623
vn 0.7543 -0.6349 0.167
vn 0.9897 -0.03323 0.139
vn 0.9999 0.01013 0.01005
vn 0.9691 -0.03161 0.2447
vn 0.957 -0.01298 0.2897
vn 0.004251 -0.03021 0.9995
vn 0.9999 0.01187 0.0107
vn 0.4399 -0.8858 0.1479
vn 0.2283 -0.813 0.5357
vn 0.9977 0.01175 0.06745
vn 0.9936 0.007694 0.1129
vn 0.9999 0.01123 0.01068
vn 0.9998 0.01365 0.01077
vn 0.2011 0.9791 -0.03007
vn 0.6508 0.7589 -0.02308
vn 0.07365 0.9961 -0.04802
vn 0.08696 0.9957 -0.03121
vn 0.02012 0.9995 -0.02406
vn 0.07963 0.9966 -0.02136
vn 0.1528 0.9878 -0.03156
vn 0.08756 0.9957 -0.03144
vn 0.08611 0.9958 -0.03128
vn 0.08615 0.9958 -0.03116
vn 0.1215 0.9921 -0.03116
vn 0.08564 0.9958 -0.03098
vn 0.08542 0.9959 -0.03109
vn 0.08567 0.9958 -0.0314
vn 0.08569 0.9958 -0.03116
vn -0.9746 0.2177 -0.05322
vn -0.9802 0.1952 -0.03177
vn -0.8272 0.5576 -0.06959
vn -0.7955 0.6044 -0.04406
vn -0.6238 0.7812 -0.02472
vn -0.18 0.9832 -0.03124
vn -0.7514 0.6596 -0.01533
vn -0.8274 0.5615 0.009838
vn -0.6793 0.7338 -0.005247
vn -0.2238 0.9744 -0.02218
vn -0.7185 0.6947 0.03481
vn -0.3081 0.9512 0.01797
vn -0.8676 0.4936 0.05935
vn -0.87 0.4894 0.05997
vn -0.973 0.2127 0.08967
vn -0.01139 0.9995 -0.03006
vn -0.07193 0.9972 -0.02214
vn -0.07344 0.9968 -0.02994
vn -0.9667 0.2558 -0.001606
vn -0.9881 0.151 0.02997
vn 0.004057 0.9987 -0.05113
vn 0.004157 0.9995 -0.03068
vn -0.04675 0.9977 -0.0497
vn -0.004675 0.9987 -0.04994
vn -0.1467 0.9885 -0.03786
vn -0.07934 0.9964 -0.03079
vn -0.219 0.9746 -0.0471
vn -0.5812 0.8124 -0.04742
vn -0.1702 0.9854 -0.009519
vn -0.9874 0.1414 0.07127
vn -0.7378 0.6732 0.04948
vn -0.5169 0.856 -7.876E-06
vn -0.9467 0.3216 0.01919
vn -0.9994 0.02185 0.02592
vn -0.9819 0.1784 0.06357
vn -0.9996 0.02016 0.01933
vn -0.9996 0.02216 0.01867
vn -0.9996 0.01903 0.01892
vn -0.998 0.02211 0.05916
vn -0.8416 0.5394 0.02781
vn -0.7283 0.6852 0.01196
vn -0.0755 0.996 -0.04678
vn -0.2974 0.9547 0.004457
vn -0.8774 0.4559 0.1495
vn -0.9965 0.004509 0.083
vn -0.9703 0.00491 0.242
vn -0.9705 0.004879 0.2411
vn -0.8701 0.4431 0.2156
vn -0.9416 0.2695 0.202
vn -0.9823 0.0105 0.1868
vn -0.9806 0.01054 0.1958
vn -0.9187 0.385 0.08799
vn -0.6507 -0.7394 0.1728
vn -0.003144 -0.9722 0.234
vn -0.5259 -0.8501 -0.02626
vn 0.004397 0.003024 1
vn -0.966 0.004915 0.2584
vn -0.004274 -1 0.003045
vn -0.6311 -0.7757 -0.01059
vn -0.9805 0.004787 0.1967
vn -0.6982 -0.6624 0.2715
vn -0.9876 0.004696 0.157
vn -0.9876 0.004697 0.157
vn -0.7497 0.6381 0.1754
vn -0.7607 0.6424 0.09337
vn 0.004268 1 -0.00304
vn -0.7342 0.6257 0.2635
vn 0.005756 0.9 0.4358
vn 0.004388 0.003024 1
vn -0.952 0.004996 0.306
vn -0.0003582 -0.754 0.6568
vn -0.6203 -0.5889 0.518
vn 0.004381 0.003021 1
vn -0.952 0.004997 0.306
vn -0.6551 0.56 0.5072
vn 0.006063 0.7825 0.6226
vn -0.5531 -0.8304 0.06696
vn -0.4462 -0.8822 0.1503
vn -0.4227 -0.9024 -0.08401
vn -0.3634 -0.9293 -0.06619
vn -0.5555 -0.8309 -0.0314
vn 0.004251 -0.03021 0.9995
vn -0.9554 9.099E-05 0.2954
vn 0.004248 -0.03021 0.9995
vn -0.9545 -0.004794 0.2981
vn 0.004397 0.003024 1
vn -0.966 0.004916 0.2584
vn -0.4474 -0.6756 0.586
vn -0.387 0.9221 0.004996
vn -0.7552 0.6555 0.003224
vn -0.3794 0.9252 -0.003427
vn -0.1249 0.9922 -0.0009661
vn -0.9994 0.03334 -0.005915
vn -0.1686 0.9856 0.009532
vn -0.9911 0.1038 -0.08363
vn -0.1426 0.9897 0.009008
vn -0.1234 0.9923 0.01078
vn -0.9966 0.06854 -0.04604
vn -0.8048 0.5901 0.06449
vn -0.05015 0.9987 -0.008893
vn 0.004271 1 -0.00304
vn 0.001173 -0.567 0.8237
vn -0.9997 0.004527 0.02411
vn -0.77 0.6183 0.1572
vn 0.004274 1 -0.00304
vn 0.004268 1 -0.00304
vn -0.7568 0.6262 0.1876
vn -0.9707 0.004878 0.2403
vn -0.8824 -0.4467 0.1477
vn -0.972 -0.04565 0.2306
vn -0.9677 0.004902 0.2519
vn -0.8207 -0.5351 0.2002
vn -0.9746 0.004844 0.2241
vn -0.9797 -0.02027 0.1995
vn -0.8142 -0.5793 0.03929
vn -0.9779 -0.04004 0.2053
vn -0.7183 -0.6946 -0.04054
vn -0.9916 0.002156 0.1296
vn -0.7096 -0.7026 0.05343
vn -0.9996 0.02049 0.01978
vn -0.7642 -0.6327 0.1251
vn -0.9996 0.01978 0.01891
vn -0.7351 -0.666 0.1266
vn -0.9626 0.004936 0.2708
vn -0.7583 -0.6284 0.1736
vn -0.9953 -0.007327 0.09617
vn -0.9672 -0.02331 0.2531
vn -0.9996 0.02041 0.01951
vn -0.2314 -0.9172 0.3244
vn -0.9969 0.02034 0.07619
vn -0.9924 0.01621 0.1216
vn -0.9996 0.01987 0.01944
vn -0.9996 0.02222 0.01953
vn -0.1369 0.9902 -0.02899
vn -0.1929 0.9808 -0.02834
vn -0.6445 0.7644 -0.0174
vn -0.1446 0.989 -0.03026
vn -0.0793 0.9964 -0.0307
vn -0.07784 0.9965 -0.03056
vn -0.07789 0.9965 -0.03044
vn -0.07737 0.9965 -0.03026
vn -0.07716 0.9966 -0.03038
vn -0.1132 0.9931 -0.03015
vn -0.0774 0.9965 -0.03067
vn -0.07743 0.9965 -0.03045
vn 0.00416 0.9995 -0.03062
vn 0.004161 0.9995 -0.03062
vn -0.07599 0.9966 -0.03034
vn -0.07694 0.9966 -0.03055
vn -0.07698 0.9966 -0.03042
vn 0.05272 0.9974 -0.04977
vn 0.08427 0.996 -0.03096
vn 0.08522 0.9959 -0.03112
vn 0.08526 0.9959 -0.03113
vn -0.06553 0.9967 -0.04741
vn -0.07869 0.9964 -0.03049
vn 0.8822 0.4209 -0.2112
vn 0.8509 -0.4127 -0.3251
vn 0.5821 -0.7964 -0.1639
vn 0.7087 0.6555 -0.2609
vn 0.1274 0.9907 -0.04695
vn 0.078 -0.9969 -0.006081
vn 0.8896 -0.4397 -0.1238
vn 0.07786 -0.9932 -0.08689
vn 0.5321 0.8431 -0.07729
vn 0.1278 0.9916 -0.02054
vn 0.2983 0.9516 0.07334
vn 0.7088 0.7032 0.05665
vn 0.3146 0.9415 0.1209
vn 0.6582 0.7187 0.2241
vn 0.8629 0.3785 0.3348
vn 0.9835 0.05425 0.1724
vn 0.6709 -0.6964 0.2548
vn 0.7392 -0.6623 0.1219
vn 0.3305 -0.9394 0.09138
vn 0.99 -0.1405 0.01391
vn 0.426 0.8665 0.2603
vn 0.3392 -0.9407 0.004004
vn 0.6931 -0.7208 -0.0008681
vn 0.9296 -0.2029 0.3076
vn 0.5658 0.7623 0.3143
vn -0.2895 0.9542 0.07592
vn -0.3054 0.9441 0.1237
vn -0.7022 0.7092 0.06283
vn -0.65 0.7243 0.2298
vn -0.8567 0.3859 0.3423
vn -0.9815 0.06267 0.1811
vn -0.6745 -0.6907 0.2607
vn -0.3377 -0.9365 0.09431
vn -0.7438 -0.656 0.1284
vn -0.991 -0.1321 0.02259
vn -0.4162 0.8701 0.264
vn -0.3472 -0.9378 0.007016
vn -0.6993 -0.7148 0.005237
vn -0.9286 -0.1949 0.3157
vn -0.5565 0.7671 0.3192
vn -0.05957 -0.8995 -0.4329
vn 0.8175 -0.5615 -0.1278
vn -0.06209 -0.9014 -0.4286
vn -0.9258 -0.3617 -0.1099
vn -0.06209 -0.9014 -0.4286
vn 0.5706 -0.8052 0.1617
vn -0.0646 -0.9033 -0.4242
vn -0.5685 -0.7953 0.2104
vn 0.2166 -0.9319 0.291
vn -0.5307 -0.7711 0.3518
vn 0.8044 -0.5833 0.1129
vn -0.9115 -0.3862 0.1413
vn -0.1113 0.9388 0.326
vn -0.2069 0.9516 0.2273
vn -0.9843 -0.1321 0.1173
vn -0.05082 0.9816 0.1839
vn 0.9898 0.123 0.07238
vn 0.9862 0.1227 0.111
vn 0.9668 0.1206 0.2253
vn 0.1629 0.9254 0.3423
vn -0.9884 -0.1293 0.07975
vn -0.9924 -0.1232 0.004737
vn -0.9924 -0.1232 0.004731
vn -0.9924 -0.1232 0.004733
vn -0.1229 0.9916 0.03954
vn 0.1232 -0.9924 0.002456
vn -0.1232 0.9924 -0.002456
vn 0.1232 -0.9924 0.002456
vn -0.123 0.992 0.02904
vn 0.9924 0.1232 -0.004731
vn 0.1232 -0.9924 0.002456
vn -0.3705 0.8605 0.3498
vn -0.9635 -0.1393 0.2284
vn 0.9924 0.1232 -0.004733
vn 0.9924 0.1232 -0.004734
vn -0.369 0.9192 0.1378
vn 0.7165 0.6735 0.1817
vn -0.2496 0.9336 0.257
vn 0.8319 0.5083 0.2227
vn 0.9745 -0.2224 0.02936
vn -0.9783 0.2037 0.03669
vn -0.9788 0.2041 0.0167
vn -0.783 0.6201 0.04912
vn 0.843 0.5343 0.06183
vn 0.9749 -0.2222 0.01092
vn 0.9822 0.1081 -0.1534
vn 0.9851 0.03335 -0.1685
vn 0.573 -0.801 -0.1731
vn 0.9367 0.3496 -0.0173
vn -0.8601 -0.5015 0.09313
vn 0.5794 -0.8 -0.1559
vn -0.8634 -0.503 0.03957
vn 0.511 -0.8336 -0.2099
vn -0.8626 -0.5026 0.05748
vn -0.8602 -0.5014 0.0932
vn 0.8746 -0.3572 -0.3277
vn 0.9372 0.3484 -0.01701
vn 0.5794 -0.8 -0.1559
vn 0.3935 -0.8226 -0.4106
vn -0.8642 -0.5029 -0.01403
vn 0.3373 -0.9053 -0.2581
vn 0.5295 -0.7681 -0.3601
vn 0.449 -0.8615 -0.2372
vn 0.4934 -0.7781 -0.3887
vn 0.5569 -0.8036 -0.2101
vn 0.7565 -0.561 -0.3363
vn 0.6669 -0.6575 -0.3506
vn -0.9826 0.1165 -0.1448
vn -0.9338 0.3576 -0.009108
vn -0.9862 0.0418 -0.1599
vn -0.5814 -0.7961 -0.1681
vn 0.8566 -0.5089 0.08561
vn -0.5876 -0.795 -0.1508
vn 0.8567 -0.5087 0.08568
vn 0.8587 -0.51 0.04994
vn 0.8593 -0.5104 0.03202
vn -0.5199 -0.8291 -0.2054
vn -0.8805 -0.3497 -0.32
vn -0.9343 0.3564 -0.008808
vn -0.5876 -0.795 -0.1508
vn -0.4041 -0.8192 -0.4071
vn 0.8597 -0.5103 -0.02159
vn -0.3473 -0.9024 -0.2551
vn -0.5035 -0.7738 -0.3843
vn -0.5392 -0.7635 -0.3554
vn -0.4585 -0.8576 -0.2332
vn -0.5656 -0.7987 -0.2052
vn -0.7642 -0.5544 -0.3296
vn -0.6756 -0.6518 -0.3447
vn 0.6271 0.7742 -0.08564
vn 0.9498 0.2946 -0.1052
vn -0.9816 -0.1875 -0.03545
vn 0.8899 -0.4558 0.01961
vn 0.9748 0.2221 -0.01909
vn 0.7347 0.6705 -0.1031
vn 0.7706 0.6357 -0.0453
vn -0.3877 0.9212 -0.03359
vn 0.7705 0.6358 -0.04525
vn 0.1504 0.9886 0.01025
vn 0.7767 0.6171 -0.1266
vn 0.2905 0.9434 -0.1602
vn 0.3831 -0.9217 0.06121
vn 0.5974 0.7948 -0.1071
vn -0.9681 0.2427 -0.06168
vn -0.795 0.6051 -0.04369
vn 0.8717 0.4665 -0.1499
vn -0.1605 0.987 -0.004424
vn 0.7199 0.6747 -0.1628
vn -0.05848 -0.9958 0.07045
vn 0.2853 0.952 -0.1109
vn -0.2079 -0.9751 0.07759
vn 0.5603 0.8209 -0.1103
vn -0.6068 -0.7943 0.03018
vn 0.8756 0.4802 -0.05278
vn 0.7494 0.6409 -0.1663
vn -0.9021 -0.4302 -0.03238
vn -0.6053 -0.7954 0.03023
vn 0.08581 0.9958 -0.03108
vn 0.004158 0.9995 -0.03075
vn -0.07754 0.9965 -0.03037
vn 0.1702 0.9401 -0.2954
vn 1 -0.004278 -0.004384
vn 0.5145 0.000403 0.8575
vn 0.1848 0.9825 0.02242
vn -0.004394 -0.003016 -1
vn 1 -0.004287 -0.00438
vn 0.5865 0.776 0.2321
vn 0.9644 -0.003322 0.2646
vn 0.5799 -0.7795 0.2368
vn 0.9611 -0.003279 0.2762
vn 0.3627 0.9225 0.1318
vn -0.004395 -0.003015 -1
vn 0.9705 -0.003407 0.2412
vn 0.1603 -0.9871 -0.001365
vn -0.004395 -0.003015 -1
vn 1 -0.004296 -0.004376
vn 0.3548 -0.9248 0.1374
vn -0.004396 -0.003014 -1
vn 0.9705 -0.003416 0.2412
vn 0.2137 0.8492 -0.4829
vn 0.7021 -0.005118 -0.7121
vn 0.3181 0.7958 -0.5153
vn 0.702 -0.00518 -0.7121
vn 0.5145 0.0004047 0.8575
vn 0.2065 -0.8539 -0.4777
vn 0.7021 -0.005056 -0.7121
vn 0.178 -0.9178 -0.3549
vn 1 -0.004287 -0.00438
vn 0.5145 0.0004012 0.8575
vn 0.7021 -0.005118 -0.7121
vn 0.3113 -0.8016 -0.5104
vn 0.5145 0.000403 0.8575
vn -0.1762 0.9841 0.02401
vn -0.004395 -0.003016 -1
vn -1 0.004301 0.004383
vn -0.1647 0.9415 -0.2939
vn -1 0.004306 0.004381
vn -0.5068 0.004763 0.862
vn -0.5778 0.781 0.2372
vn -0.962 0.004942 0.273
vn -0.5844 -0.7745 0.2419
vn -0.9586 0.00496 0.2846
vn -0.3536 0.9256 0.1349
vn -0.004431 -0.003045 -1
vn -0.9683 0.004902 0.2497
vn -0.1687 -0.9857 7.649E-05
vn -0.004431 -0.003045 -1
vn -1 0.004296 0.004385
vn -0.3615 -0.9217 0.1405
vn -0.004467 -0.003074 -1
vn -0.9683 0.004899 0.2497
vn -0.2107 0.851 -0.481
vn -0.7083 0.0008799 -0.7059
vn -0.3158 0.7985 -0.5125
vn -0.7083 0.0008882 -0.7059
vn -0.5068 0.00474 0.8621
vn -0.2179 -0.8521 -0.4758
vn -0.7083 0.0008716 -0.7059
vn -0.189 -0.9162 -0.3533
vn -1 0.004301 0.004383
vn -0.5069 0.004785 0.862
vn -0.7083 0.0008799 -0.7059
vn -0.3226 -0.7989 -0.5076
vn -0.5068 0.004763 0.862
vn -0.914 0.3838 0.1312
vn -0.9939 0.05498 0.09609
vn -0.9821 0.134 0.1322
vn 0.9195 -0.3858 -0.07549
vn 0.9982 -0.05499 -0.02387
vn 0.9908 -0.1118 -0.07639
vn -0.914 0.3838 0.1312
vn -0.914 0.3838 0.1312
vn -0.7836 0.6075 0.1299
vn 0.9195 -0.3858 -0.07549
vn 0.9195 -0.3858 -0.07548
vn 0.7883 -0.6108 -0.07423
vn -0.914 0.3838 0.1312
vn -0.914 0.3838 0.1312
vn -0.9821 0.134 0.1322
vn -0.914 0.3838 0.1312
vn -0.7836 0.6075 0.1299
vn -0.7836 0.6075 0.1299
vn -0.7836 0.6075 0.1299
vn -0.7836 0.6075 0.1299
vn -0.5998 0.7898 0.1285
vn 0.7883 -0.6108 -0.07423
vn 0.7883 -0.6108 -0.07423
vn 0.6034 -0.7941 -0.07287
vn -0.7836 0.6075 0.1299
vn -0.5998 0.7898 0.1285
vn -0.5998 0.7898 0.1285
vn -0.5998 0.7898 0.1285
vn -0.5998 0.7898 0.1285
vn -0.375 0.9182 0.1272
vn 0.6034 -0.7941 -0.07287
vn 0.6034 -0.7941 -0.07287
vn 0.3774 -0.9233 -0.07149
vn -0.5998 0.7898 0.1285
vn -0.375 0.9182 0.1272
vn -0.375 0.9182 0.1272
vn -0.375 0.9182 0.1272
vn -0.375 0.9182 0.1272
vn -0.1247 0.9842 0.1259
vn 0.3774 -0.9233 -0.07149
vn 0.3774 -0.9233 -0.07149
vn 0.1256 -0.9896 -0.07018
vn -0.375 0.9182 0.1272
vn -0.1247 0.9842 0.1259
vn -0.03867 0.9912 0.1264
vn 0.03915 -0.9968 -0.07033
vn 0.04828 0.9908 0.1261
vn -0.1349 -0.9837 0.1193
vn 0.1275 -0.9849 0.1175
vn 0.1259 -0.985 0.1182
vn 0.1359 0.9891 -0.0564
vn -0.1279 0.9902 -0.05575
vn -0.1284 0.9902 -0.05524
vn -0.1349 -0.9837 0.1193
vn -0.1334 -0.9839 0.1186
vn -0.3418 -0.9322 0.1195
vn 0.1359 0.9891 -0.0564
vn 0.1363 0.989 -0.0569
vn 0.3439 0.9373 -0.05687
vn -0.1349 -0.9837 0.1193
vn -0.1334 -0.9839 0.1186
vn 0.1259 -0.985 0.1182
vn -0.1334 -0.9839 0.1186
vn -0.3418 -0.9322 0.1195
vn -0.3825 -0.9133 0.1398
vn -0.3418 -0.9322 0.1195
vn -0.3825 -0.9133 0.1398
vn -0.5906 -0.7948 0.1397
vn 0.3439 0.9373 -0.05687
vn 0.3708 0.9245 -0.08865
vn 0.5942 0.7995 -0.0882
vn -0.3825 -0.9133 0.1398
vn -0.5906 -0.7948 0.1397
vn -0.6051 -0.7821 0.149
vn -0.5906 -0.7948 0.1397
vn -0.7712 -0.6173 0.1555
vn -0.6051 -0.7821 0.149
vn 0.5942 0.7995 -0.0882
vn 0.7756 0.6208 -0.1145
vn 0.6123 0.7826 -0.1127
vn -0.7712 -0.6173 0.1555
vn -0.9424 -0.2884 0.1696
vn -0.7848 -0.5969 0.1669
vn 0.7756 0.6208 -0.1145
vn 0.9498 0.2908 -0.1153
vn 0.7755 0.6208 -0.1144
vn -0.7712 -0.6173 0.1555
vn -0.7848 -0.5969 0.1669
vn -0.6051 -0.7821 0.149
vn -0.9424 -0.2884 0.1696
vn -0.9178 -0.3754 0.1289
vn -0.9903 -0.04696 0.1305
vn 0.9498 0.2908 -0.1153
vn 0.9344 0.35 -0.06672
vn 0.9963 0.04741 -0.07178
vn -0.9424 -0.2884 0.1696
vn -0.9178 -0.3754 0.1289
vn -0.7848 -0.5969 0.1669
vn -0.9178 -0.3754 0.1289
vn -0.9903 -0.04696 0.1305
vn -0.9874 -0.1255 0.09595
vn -0.9903 -0.04696 0.1305
vn -0.9874 -0.1255 0.09595
vn -0.9939 0.05498 0.09609
vn 0.9963 0.04741 -0.07178
vn 0.9945 0.1023 -0.02424
vn 0.9982 -0.05499 -0.02387
vn -0.9874 -0.1255 0.09595
vn -0.9939 0.05498 0.09609
vn -0.9821 0.134 0.1322
vn 0.9184 0.376 0.1231
vn 0.7899 0.6007 0.123
vn 0.7899 0.6007 0.123
vn -0.9234 -0.3779 -0.06741
vn -0.7942 -0.604 -0.0673
vn -0.7942 -0.604 -0.0673
vn 0.9184 0.376 0.1231
vn 0.9184 0.376 0.1231
vn 0.9914 0.04639 0.1221
vn -0.9234 -0.3779 -0.06741
vn -0.9234 -0.3779 -0.06741
vn -0.9967 -0.04648 -0.0671
vn 0.9184 0.376 0.1231
vn 0.9184 0.376 0.1231
vn 0.7899 0.6007 0.123
vn 0.9184 0.376 0.1231
vn 0.9914 0.04639 0.1221
vn 0.9882 0.126 0.08651
vn 0.7899 0.6007 0.123
vn 0.6076 0.7846 0.1233
vn 0.6076 0.7846 0.1233
vn -0.7942 -0.604 -0.0673
vn -0.6108 -0.7889 -0.06754
vn -0.6108 -0.7889 -0.06754
vn 0.7899 0.6007 0.123
vn 0.7899 0.6007 0.123
vn 0.6076 0.7846 0.1233
vn 0.6076 0.7846 0.1233
vn 0.384 0.915 0.1238
vn 0.384 0.915 0.1238
vn -0.6108 -0.7889 -0.06754
vn -0.3859 -0.92 -0.06814
vn -0.3859 -0.92 -0.06814
vn 0.6076 0.7846 0.1233
vn 0.6076 0.7846 0.1233
vn 0.384 0.915 0.1238
vn 0.384 0.915 0.1238
vn 0.1342 0.9831 0.1247
vn -0.3859 -0.92 -0.06814
vn -0.1347 -0.9885 -0.06903
vn 0.384 0.915 0.1238
vn 0.384 0.915 0.1238
vn 0.1342 0.9831 0.1247
vn 0.1275 -0.9849 0.1175
vn 0.3341 -0.9327 0.1359
vn 0.3767 -0.9191 0.1156
vn -0.1279 0.9902 -0.05575
vn -0.3357 0.9381 -0.08535
vn -0.3681 0.9282 -0.05336
vn 0.1275 -0.9849 0.1175
vn 0.1259 -0.985 0.1182
vn 0.3767 -0.9191 0.1156
vn 0.3341 -0.9327 0.1359
vn 0.5843 -0.7988 0.1429
vn 0.6005 -0.7883 0.1341
vn -0.3357 0.9381 -0.08535
vn -0.5868 0.8026 -0.107
vn -0.6106 0.7876 -0.08242
vn 0.3341 -0.9327 0.1359
vn 0.3767 -0.9191 0.1156
vn 0.6005 -0.7883 0.1341
vn 0.5843 -0.7988 0.1429
vn 0.766 -0.6228 0.1593
vn 0.7824 -0.6047 0.1488
vn -0.5868 0.8026 -0.107
vn -0.7712 0.6274 -0.1077
vn -0.7711 0.6275 -0.1077
vn 0.5843 -0.7988 0.1429
vn 0.6005 -0.7883 0.1341
vn 0.7824 -0.6047 0.1488
vn 0.766 -0.6228 0.1593
vn 0.9466 -0.2983 0.1225
vn 0.9102 -0.3808 0.1629
vn -0.7712 0.6274 -0.1077
vn -0.952 0.3003 -0.05989
vn -0.93 0.3512 -0.1081
vn 0.766 -0.6228 0.1593
vn 0.7824 -0.6047 0.1488
vn 0.9102 -0.3808 0.1629
vn 0.9466 -0.2983 0.1225
vn 0.9946 -0.05576 0.08769
vn 0.9834 -0.1333 0.1228
vn -0.952 0.3003 -0.05989
vn -0.9983 0.05621 -0.01543
vn -0.9922 0.108 -0.0627
vn 0.9466 -0.2983 0.1225
vn 0.9102 -0.3808 0.1629
vn 0.9834 -0.1333 0.1228
vn 0.9946 -0.05576 0.08769
vn 0.9914 0.04639 0.1221
vn 0.9882 0.126 0.08651
vn -0.9983 0.05621 -0.01543
vn -0.9967 -0.04648 -0.0671
vn -0.9945 -0.1034 -0.01488
vn 0.9946 -0.05576 0.08769
vn 0.9834 -0.1333 0.1228
vn 0.9882 0.126 0.08651
vn -0.6418 0.4947 -0.586
vn 0.004265 1 -0.003048
vn -0.6356 0.5114 -0.5784
vn 0.4079 0.5895 -0.6972
vn 0.8234 0.3628 -0.4363
vn 0.004267 1 -0.003047
vn 0.004267 1 -0.00304
vn 0.9962 0.08644 -0.004643
vn 0.004267 1 -0.003043
vn -0.9955 0.09497 0.004092
vn -0.4014 0.6296 0.6652
vn -0.9591 0.004962 0.2829
vn 0.004424 0.002988 1
vn 0.004266 1 -0.003037
vn -0.8192 0.3909 0.4197
vn 0.004267 1 -0.003036
vn 0.645 0.5187 0.5612
vn 0.004265 1 -0.003037
vn 0.6376 0.5372 0.5522
vn 0.9616 -0.003354 0.2745
vn 0.004443 0.003047 1
vn 0.00427 1 -0.003038
vn 0.9928 0.1196 -0.005173
vn -0.9918 0.1281 0.003528
vn 0.9895 -0.004751 -0.1444
vn -0.004376 -0.002988 -1
vn 0.004287 1 -0.003041
vn 0.9895 -0.004743 -0.1444
vn -0.004396 -0.002929 -1
vn -0.004287 -1 0.003044
vn 0.9978 -0.004145 0.06655
vn -0.004279 -1 0.003042
vn 0.9978 -0.004149 0.06655
vn 0.004278 1 -0.00304
vn -0.9591 0.005019 0.2829
vn 0.004405 0.002929 1
vn -0.004267 -1 0.003037
vn -0.9972 0.00448 0.07529
vn -0.004272 -1 0.00304
vn -0.9972 0.004455 0.0753
vn 0.004272 1 -0.003038
vn 0.9616 -0.003354 0.2745
vn 0.004424 0.002988 1
vn -0.00427 -1 0.003038
vn -0.9907 0.003798 -0.1357
vn -0.004355 -0.003047 -1
vn 0.004281 1 -0.00304
vn -0.9907 0.00379 -0.1357
vn -0.004376 -0.002988 -1
vn -0.004281 -1 0.003043
vn 0.004031 0.9985 -0.05537
vn -1 0.004297 0.004381
vn 0.004031 0.9985 -0.05537
vn -1 0.004297 0.004381
vn 0.004031 0.9985 -0.05537
vn 0.00403 0.9985 -0.05537
vn -0.00403 -0.9985 0.05537
vn -1 0.004297 0.004381
vn -0.00403 -0.9985 0.05537
vn -1 0.004297 0.004381
vn -0.00403 -0.9985 0.05537
vn -0.00403 -0.9985 0.05537
vn 0.004028 0.9985 -0.05537
vn 1 -0.004284 -0.004382
vn 0.004026 0.9985 -0.05537
vn 0.004028 0.9985 -0.05537
vn 0.00403 0.9985 -0.05537
vn 1 -0.004284 -0.004382
vn -0.004044 -0.9985 0.05537
vn 1 -0.004284 -0.004382
vn -0.004028 -0.9985 0.05537
vn -0.004044 -0.9985 0.05537
vn -0.004059 -0.9985 0.05537
vn 1 -0.004284 -0.004382
vn 0.6266 0.07585 -0.7756
vn -0.6334 -0.08048 -0.7696
vn 0.6266 0.07582 -0.7756
vn 0.9924 0.1232 -0.004736
vn 0.6266 0.07585 -0.7756
vn -0.1232 0.9923 -0.01548
vn 0.9924 0.1232 -0.004738
vn 0.6266 0.07587 -0.7756
vn -0.1232 0.9924 -0.002457
vn -0.6334 -0.08051 -0.7696
vn -0.1232 0.9922 -0.01983
vn -0.9924 -0.1232 0.004731
vn -0.6334 -0.08053 -0.7696
vn 0.9924 0.1232 -0.004736
vn -0.1232 0.992 -0.02851
vn -0.9924 -0.1232 0.004732
vn -0.6334 -0.08051 -0.7696
vn -0.9924 -0.1232 0.004731
vn -0.1232 0.992 -0.02851
vn -0.07348 0.9965 -0.03946
vn 0.5814 0.8111 0.06469
vn -0.1849 0.9782 -0.09483
vn -0.3013 0.9467 -0.1136
vn 0.704 -0.00521 -0.7102
vn 0.3831 0.9231 -0.03328
vn 0.8731 -0.4716 0.1238
vn 0.6873 -0.03397 -0.7256
vn 0.8403 -0.5226 0.1442
vn 0.984 0.1116 0.139
vn 0.7402 0.6714 0.0366
vn 0.704 -0.005226 -0.7102
vn -0.07319 0.9968 -0.03063
vn 0.218 0.9719 0.08901
vn 0.9677 -0.1425 0.2081
vn 0.7559 0.633 0.1674
vn 0.704 -0.00518 -0.7102
vn 0.9919 0.09826 0.0801
vn 0.5852 0.001176 -0.8109
vn -0.2861 0.833 -0.4736
vn 0.5309 -0.01124 -0.8474
vn 0.6787 -0.04734 -0.7329
vn 0.6246 -0.7721 0.1169
vn -0.1346 0.7729 -0.6201
vn -0.1636 0.3212 -0.9328
vn 0.1763 0.06427 -0.9822
vn 0.08167 0.9959 -0.04014
vn -0.5738 0.816 0.06975
vn 0.3084 0.9441 -0.1163
vn -0.7102 0.000904 -0.704
vn -0.3754 0.9264 -0.02996
vn 0.1924 0.9766 -0.09648
vn -0.876 -0.4641 0.1315
vn -0.6939 -0.02807 -0.7195
vn -0.9817 0.12 0.1477
vn -0.8435 -0.5153 0.1516
vn -0.7341 0.6777 0.04306
vn -0.7102 0.0009372 -0.704
vn 0.08147 0.9962 -0.03129
vn -0.2088 0.9737 0.09088
vn -0.7489 0.6394 0.174
vn -0.967 -0.1342 0.2165
vn -0.7102 0.0008906 -0.704
vn -0.9903 0.1067 0.0888
vn -0.5922 0.006189 -0.8057
vn 0.289 0.8305 -0.4762
vn -0.5384 -0.006666 -0.8427
vn -0.6855 -0.04145 -0.7269
vn -0.6302 -0.7667 0.1224
vn 0.1581 0.3197 -0.9342
vn -0.1844 0.06579 -0.9806
vn 0.1357 0.7717 -0.6213
vn 0.5677 -0.004923 -0.8232
vn -0.1008 0.939 -0.3289
vn 0.1753 -0.6767 -0.7151
vn 0.7405 -0.5792 -0.3408
vn 0.5203 0.7165 -0.4647
vn -0.07812 0.9868 -0.1421
vn 0.4578 0.8217 0.3394
vn -0.06428 0.9972 0.03782
vn 0.6454 0.7592 0.08396
vn 0.8187 0.4689 0.3314
vn 0.9535 0.2484 0.1709
vn 0.9564 -0.2717 0.107
vn 0.9429 -0.2753 0.1876
vn -0.06452 0.9979 -0.004778
vn 0.2231 -0.8526 -0.4726
vn 0.3695 -0.9215 -0.1199
vn -0.5749 -3.045E-05 -0.8182
vn 0.106 0.9381 -0.3298
vn -0.1874 -0.6751 -0.7135
vn -0.5182 0.7209 -0.4602
vn -0.7484 -0.5728 -0.3343
vn 0.08533 0.9861 -0.1428
vn -0.4477 0.8256 0.3433
vn 0.07316 0.9966 0.03722
vn -0.8117 0.4759 0.3386
vn -0.9498 0.2566 0.1792
vn -0.6381 0.7647 0.08958
vn -0.9435 -0.2672 0.1959
vn -0.9577 -0.2635 0.1154
vn 0.07303 0.9973 -0.00538
vn -0.2346 -0.8506 -0.4706
vn -0.3784 -0.9183 -0.1166
vn 0.004027 0.9985 -0.05537
vn 0.004608 0.05533 0.9985
vn -1 0.004283 0.004382
vn 0.004012 0.9985 -0.05537
vn -1 0.004283 0.004382
vn -0.004661 -0.05533 -0.9985
vn 0.004032 0.9985 -0.05537
vn -1 0.004283 0.004379
vn -0.004612 -0.05535 -0.9985
vn 0.004042 0.9985 -0.05537
vn 0.004611 0.05533 0.9985
vn 0.004611 0.05533 0.9985
vn -1 0.004283 0.004382
vn -0.004043 -0.9985 0.05537
vn 0.004614 0.05532 0.9985
vn -0.004035 -0.9985 0.05537
vn -0.004047 -0.9985 0.05537
vn -1 0.004293 0.004381
vn 0.004612 0.05535 0.9985
vn -0.004554 -0.9981 -0.06116
vn -0.9388 -0.01529 -0.3441
vn -0.004052 -0.9985 0.05537
vn -0.99 -0.00383 -0.1412
vn -0.004049 -0.9985 0.05537
vn -1 0.004283 0.004383
vn 0.004596 0.05534 0.9985
vn -0.99 -0.003832 -0.1412
vn 0.004017 0.9985 -0.05537
vn -1 0.004283 0.004383
vn 0.004612 0.05535 0.9985
vn 0.004014 0.9985 -0.05537
vn -0.9149 -0.01867 -0.4032
vn 0.003469 0.9852 -0.1712
vn -0.8222 -0.02821 -0.5685
vn -0.005576 -0.9325 -0.3611
vn -0.7839 -0.03123 -0.62
vn 0.001785 0.8869 -0.462
vn 0.003174 0.9734 -0.2291
vn 0.00157 0.8692 -0.4944
vn -0.004643 -0.9964 -0.08472
vn -0.005662 -0.9186 -0.3952
vn -0.005884 -0.8695 -0.4939
vn 0.0009081 0.8096 -0.587
vn -0.652 -0.03937 -0.7572
vn -1 0.004288 0.00438
vn -0.004562 -0.05536 -0.9985
vn -0.004041 -0.9985 0.05537
vn -1 0.004288 0.00438
vn 0.004627 0.05535 0.9985
vn 0.004032 0.9985 -0.05537
vn -1 0.004283 0.004382
vn -0.004612 -0.05535 -0.9985
vn -0.004051 -0.9985 0.05537
vn 0.004042 0.9985 -0.05537
vn 0.004608 0.05532 0.9985
vn 1 -0.004283 -0.004383
vn 0.004028 0.9985 -0.05537
vn 0.004608 0.05532 0.9985
vn 0.004032 0.9985 -0.05537
vn 1 -0.004283 -0.004379
vn -0.004629 -0.05535 -0.9985
vn 0.004049 0.9985 -0.05537
vn 1 -0.004283 -0.004383
vn -0.004596 -0.05534 -0.9985
vn 0.004608 0.05532 0.9985
vn 1 -0.004283 -0.004383
vn -0.004043 -0.9985 0.05537
vn 0.004608 0.05532 0.9985
vn -0.004038 -0.9985 0.05537
vn -0.004036 -0.9985 0.05537
vn 1 -0.004293 -0.004381
vn 0.004612 0.05535 0.9985
vn -0.004046 -0.9985 0.05537
vn 1 -0.004293 -0.004382
vn 0.004663 0.05533 0.9985
vn -0.004043 -0.9985 0.05537
vn 0.9886 -0.01232 -0.1499
vn -0.004544 -0.9981 -0.06116
vn 0.9356 -0.02331 -0.3523
vn 0.9886 -0.01231 -0.1499
vn 0.004027 0.9985 -0.05537
vn 1 -0.004293 -0.004382
vn 0.004612 0.05535 0.9985
vn 0.004018 0.9985 -0.05537
vn 0.9112 -0.02648 -0.4112
vn 0.00347 0.9852 -0.1712
vn 0.7782 -0.03791 -0.6269
vn 0.001776 0.8869 -0.462
vn 0.8169 -0.03523 -0.5757
vn -0.005581 -0.9325 -0.3611
vn 0.003166 0.9734 -0.2291
vn 0.001558 0.8692 -0.4944
vn -0.004639 -0.9964 -0.08472
vn -0.005675 -0.9186 -0.3952
vn -0.005896 -0.8695 -0.4939
vn 0.0008973 0.8096 -0.587
vn 0.645 -0.04492 -0.7628
vn 1 -0.004288 -0.00438
vn -0.004663 -0.05536 -0.9985
vn -0.004037 -0.9985 0.05537
vn 1 -0.004288 -0.00438
vn 0.004561 0.05536 0.9985
vn 0.004027 0.9985 -0.05537
vn 1 -0.004283 -0.004383
vn -0.004629 -0.05535 -0.9985
vn -0.004046 -0.9985 0.05537
vn -0.9343 -0.3447 -0.09056
vn 0.9569 0.2899 -0.01788
vn -0.9275 -0.3737 -0.003252
vn 0.9606 0.2767 0.02454
vn -0.9343 -0.3447 -0.09056
vn 0.9569 0.2899 -0.01788
vn -0.9343 -0.3447 -0.09056
vn -0.9386 -0.3448 0.01401
vn 0.9569 0.2899 -0.01788
vn 0.9605 0.277 0.02475
vn 0.9552 0.2921 0.04699
vn -0.9543 -0.2917 0.06435
vn -0.9386 -0.3448 0.01401
vn 0.9605 0.277 0.02475
vn 0.9552 0.2921 0.04699
vn -0.9543 -0.2917 0.06435
vn 0.9552 0.2921 0.04699
vn 0.9604 0.2774 0.02496
vn -0.9543 -0.2917 0.06435
vn -0.9484 -0.3154 0.03125
vn 0.9305 -0.3527 -0.09873
vn -0.9545 0.2981 -0.009498
vn 0.9242 -0.3816 -0.01137
vn -0.958 0.2849 0.03295
vn 0.9305 -0.3527 -0.09873
vn 0.9357 -0.3528 0.005792
vn 0.9305 -0.3527 -0.09873
vn -0.9545 0.2981 -0.009498
vn -0.9545 0.2981 -0.009498
vn -0.9579 0.2853 0.03316
vn -0.9522 0.3003 0.05535
vn 0.9523 -0.2999 0.05599
vn 0.9357 -0.3528 0.005792
vn -0.9579 0.2853 0.03316
vn -0.9522 0.3003 0.05535
vn -0.9578 0.2856 0.03337
vn -0.9522 0.3003 0.05535
vn 0.9523 -0.2999 0.05599
vn 0.9523 -0.2999 0.05599
vn 0.9459 -0.3236 0.02294
vn 0.9905 0.09847 -0.09586
vn 0.004287 1 -0.00304
vn -0.9904 0.107 -0.08718
vn 0.9975 0.04661 -0.05324
vn -0.00497 -1 0.003063
vn 0.004277 1 -0.003039
vn 0.004408 0.003032 1
vn -0.8095 0.005676 0.5871
vn 0.004278 1 -0.00304
vn 0.004401 0.003034 1
vn 0.8146 -0.001281 0.58
vn 0.004284 1 -0.00304
vn 0.9956 0.06695 -0.06598
vn 0.004266 1 -0.00304
vn 0.9992 0.01204 -0.03874
vn 0.8144 -0.001069 0.5804
vn 0.004401 0.003034 1
vn -0.004282 -1 0.003039
vn -0.8092 0.005887 0.5875
vn 0.004394 0.003036 1
vn -0.004271 -1 0.003039
vn 0.8144 -0.001069 0.5804
vn 0.9993 -0.002918 -0.03679
vn -0.002775 -0.9878 0.1558
vn -0.00424 -1 0.003038
vn 0.9993 -0.002365 -0.03682
vn -0.002033 -0.9878 0.1556
vn -0.004788 -1 0.003055
vn 0.9993 -0.003334 -0.03673
vn -0.00425 -1 0.003038
vn 0.8141 -0.0008565 0.5807
vn -0.00427 -1 0.00304
vn 0.001172 -0.567 0.8237
vn -0.9997 0.004474 0.02419
vn -0.003517 -0.9878 0.1559
vn -0.004259 -1 0.003039
vn 0.9999 -0.0041 0.01543
vn 0.001173 -0.567 0.8237
vn -0.003517 -0.9878 0.1559
vn 1 0.006682 0.004557
vn -0.002775 -0.9878 0.1558
vn -0.00465 -1 0.003048
vn 0.9994 0.02873 -0.01774
vn -0.004696 -1 0.003051
vn -0.004856 -1 0.003058
vn 0.9993 0.03076 -0.02033
vn -0.9975 0.05516 -0.0445
vn -0.003805 -1 0.00305
vn 0.004282 1 -0.003039
vn -0.9955 0.07548 -0.05725
vn 0.004271 1 -0.003039
vn -0.9993 0.0206 -0.02998
vn -0.8092 0.005887 0.5875
vn -0.9996 0.005655 -0.02803
vn -0.004301 -0.9878 0.1558
vn -0.00424 -1 0.003042
vn -0.9996 0.005232 -0.02797
vn -0.004265 -1 0.003041
vn -0.809 0.006098 0.5878
vn -0.9998 0.01525 0.01332
vn -0.004301 -0.9878 0.1558
vn -0.003896 -1 0.003048
vn -0.9993 0.0373 -0.008979
vn -0.003975 -1 0.003045
vn -0.005086 -0.9878 0.1556
vn -0.9996 0.006231 -0.02806
vn -0.003918 -1 0.003046
vn -0.003929 -1 0.003045
vn -0.9992 0.03933 -0.01157
f 2063//3239 1917//3000 2064//3241
f 2063//3239 1911//2985 1917//3000
f 2062//3237 1911//2985 2063//3239
f 2062//3237 1910//2983 1911//2985
f 1909//2981 1910//2983 2062//3237
f 2061//3235 1909//2981 2062//3237
f 2061//3235 2068//3251 1909//2981
f 2151//3407 2152//3408 2153//3410
f 2151//3407 2150//3405 2152//3408
f 2330//3696 2150//3405 2151//3407
f 2424//3878 2152//3408 2150//3405
f 2424//3878 2400//3833 2152//3408
f 2400//3833 2148//3401 2152//3408
f 2400//3833 2149//3403 2148//3401
f 2147//3399 2148//3401 2149//3403
f 2147//3399 2146//3397 2148//3401
f 1680//2646 2146//3397 2147//3399
f 2213//3508 1680//2646 2147//3399
f 2213//3508 2212//3506 1680//2646
f 2212//3506 1691//2665 1680//2646
f 2212//3506 1681//2650 1691//2665
f 2202//3485 2203//3487 2102//3313
f 2202//3485 2201//3484 2203//3487
f 2205//3490 2201//3484 2202//3485
f 2205//3490 2204//3489 2201//3484
f 2054//3217 2204//3489 2205//3490
f 2054//3217 2069//3256 2204//3489
f 2201//3484 2157//3416 2203//3487
f 2201//3484 2332//3699 2157//3416
f 2204//3489 2332//3699 2201//3484
f 2204//3489 2251//3576 2332//3699
f 2252//3578 2251//3576 2204//3489
f 2204//3489 2059//3230 2252//3578
f 2204//3489 2069//3256 2059//3230
f 2059//3230 2333//3703 2252//3578
f 2059//3230 2060//3232 2333//3703
f 2851//4584 2938//4728 2937//4724
f 2851//4584 2850//4581 2938//4728
f 2863//4611 2931//4711 2945//4741
f 2863//4611 2845//4569 2931//4711
f 2491//4002 2730//4377 2732//4385
f 2491//4002 2729//4376 2730//4377
f 2729//4376 2731//4381 2730//4377
f 2729//4376 2630//4245 2731//4381
f 2630//4245 2728//4371 2731//4381
f 2630//4245 2727//4370 2728//4371
f 2622//4234 2728//4371 2727//4370
f 2622//4234 2692//4330 2728//4371
f 2620//4231 2692//4330 2622//4234
f 2620//4231 2711//4349 2692//4330
f 2619//4229 2692//4330 2711//4349
f 2619//4229 2477//3985 2692//4330
f 2478//3986 2477//3985 2619//4229
f 2478//3986 2462//3956 2477//3985
f 2464//3959 2462//3956 2478//3986
f 2477//3985 2441//3922 2692//4330
f 2477//3985 2460//3953 2441//3922
f 2462//3956 2460//3953 2477//3985
f 2441//3922 2737//4406 2692//4330
f 2441//3922 2439//3913 2737//4406
f 2440//3917 2439//3913 2441//3922
f 2441//3922 2442//3923 2440//3917
f 2441//3922 2460//3953 2442//3923
f 2850//4580 2936//4723 2938//4731
f 2850//4580 2847//4573 2936//4723
f 2847//4573 2935//4721 2936//4723
f 2847//4573 2848//4575 2935//4721
f 2848//4575 2953//4756 2935//4721
f 2848//4575 2857//4595 2953//4756
f 2859//4600 2857//4595 2848//4575
f 2859//4600 2858//4599 2857//4595
f 2856//4594 2857//4595 2858//4599
f 2856//4594 2854//4589 2857//4595
f 2852//4586 2854//4589 2856//4594
f 2852//4586 2853//4588 2854//4589
f 2834//4550 2853//4588 2852//4586
f 2834//4550 2827//4540 2853//4588
f 2853//4588 2855//4591 2854//4589
f 2853//4588 2822//4529 2855//4591
f 2836//4552 2822//4529 2853//4588
f 2836//4552 2821//4528 2822//4529
f 2816//4523 2821//4528 2836//4552
f 2816//4523 2884//4646 2821//4528
f 2817//4524 2884//4646 2816//4523
f 2817//4524 2883//4645 2884//4646
f 2902//4671 2883//4645 2817//4524
f 2902//4671 2903//4672 2883//4645
f 2904//4673 2903//4672 2902//4671
f 2904//4673 2912//4684 2903//4672
f 2823//4531 2883//4645 2903//4672
f 2823//4531 2884//4646 2883//4645
f 2821//4528 2884//4646 2823//4531
f 2903//4672 2950//4751 2823//4531
f 2903//4672 2912//4684 2950//4751
f 2950//4751 2949//4749 2823//4531
f 2950//4751 2923//4698 2949//4749
f 2912//4684 2923//4698 2950//4751
f 2912//4684 2898//4667 2923//4698
f 2897//4665 2898//4667 2912//4684
f 2923//4698 2947//4746 2949//4749
f 2923//4698 2914//4687 2947//4746
f 2898//4667 2914//4687 2923//4698
f 2947//4746 2951//4752 2949//4749
f 2947//4746 2948//4747 2951//4752
f 2946//4744 2948//4747 2947//4746
f 2946//4744 2952//4755 2948//4747
f 2947//4746 2921//4696 2946//4744
f 2947//4746 2914//4687 2921//4696
f 2963//4778 2962//4776 2964//4780
f 2963//4778 2961//4774 2962//4776
f 2943//4736 2961//4774 2963//4778
f 2943//4736 2960//4772 2961//4774
f 2941//4734 2960//4772 2943//4736
f 2941//4734 2959//4770 2960//4772
f 2942//4735 2959//4770 2941//4734
f 2942//4735 2939//4732 2959//4770
f 2866//4615 2939//4732 2942//4735
f 2866//4615 2864//4612 2939//4732
f 2865//4613 2864//4612 2866//4615
f 2865//4613 2860//4603 2864//4612
f 2861//4606 2864//4612 2860//4603
f 2861//4606 2877//4635 2864//4612
f 2863//4610 2877//4635 2861//4606
f 2863//4610 2878//4636 2877//4635
f 2945//4743 2878//4636 2863//4610
f 2945//4743 2967//4784 2878//4636
f 2940//4733 2967//4784 2945//4743
f 2940//4733 2877//4635 2967//4784
f 2864//4612 2877//4635 2940//4733
f 2940//4733 2939//4732 2864//4612
f 2940//4733 2957//4767 2939//4732
f 2945//4743 2957//4767 2940//4733
f 2956//4764 2939//4732 2957//4767
f 2956//4764 2959//4770 2939//4732
f 2442//3924 2736//4402 2440//3918
f 2442//3924 2626//4238 2736//4402
f 2461//3954 2626//4238 2442//3924
f 2461//3954 2629//4242 2626//4238
f 2463//3957 2629//4242 2461//3954
f 2463//3957 2607//4210 2629//4242
f 2608//4211 2607//4210 2463//3957
f 2608//4211 2243//3564 2607//4210
f 2609//4212 2243//3564 2608//4211
f 2609//4212 2241//3561 2243//3564
f 2696//4334 2241//3561 2609//4212
f 2696//4334 2606//4209 2241//3561
f 2626//4238 2735//4398 2736//4402
f 2626//4238 2610//4213 2735//4398
f 2629//4242 2610//4213 2626//4238
f 2629//4242 2611//4214 2610//4213
f 2721//4362 2611//4214 2629//4242
f 2610//4213 2396//3820 2735//4398
f 2610//4213 2248//3570 2396//3820
f 2611//4214 2248//3570 2610//4213
f 2611//4214 2249//3572 2248//3570
f 2958//4769 2959//4771 2956//4765
f 2958//4769 2960//4773 2959//4771
f 2968//4785 2960//4773 2958//4769
f 2968//4785 2961//4775 2960//4773
f 2969//4787 2961//4775 2968//4785
f 2969//4787 2962//4777 2961//4775
f 2919//4693 2962//4777 2969//4787
f 2919//4693 2964//4781 2962//4777
f 2918//4691 2964//4781 2919//4693
f 2918//4691 2766//4457 2964//4781
f 2966//4783 2766//4457 2918//4691
f 2918//4691 2768//4462 2966//4783
f 2918//4691 2916//4689 2768//4462
f 2919//4692 2916//4689 2918//4691
f 2919//4692 2920//4694 2916//4689
f 2969//4788 2920//4694 2919//4692
f 2969//4788 2968//4786 2920//4694
f 2916//4689 2917//4690 2768//4462
f 2916//4689 2915//4688 2917//4690
f 2920//4694 2915//4688 2916//4689
f 2920//4694 2929//4707 2915//4688
f 2928//4705 2929//4707 2920//4694
f 2928//4705 2927//4704 2929//4707
f 2925//4701 2927//4704 2928//4705
f 2925//4701 2926//4703 2927//4704
f 2924//4699 2926//4703 2925//4701
f 2924//4699 2935//4720 2926//4703
f 2934//4719 2935//4720 2924//4699
f 2934//4719 2936//4722 2935//4720
f 2915//4688 2921//4695 2917//4690
f 2915//4688 2946//4745 2921//4695
f 2929//4707 2946//4745 2915//4688
f 2929//4707 2952//4754 2946//4745
f 2954//4759 2952//4754 2929//4707
f 2900//4669 2917//4690 2921//4695
f 2900//4669 2901//4670 2917//4690
f 2899//4668 2901//4670 2900//4669
f 2899//4668 2913//4685 2901//4670
f 2906//4675 2913//4685 2899//4668
f 2906//4675 2486//3995 2913//4685
f 2487//3997 2486//3995 2906//4675
f 2627//4240 2913//4685 2486//3995
f 2627//4240 2901//4670 2913//4685
f 2917//4690 2901//4670 2627//4240
f 2869//4619 2941//4734 2943//4736
f 2869//4619 2867//4616 2941//4734
f 2868//4617 2867//4616 2869//4619
f 2868//4617 2865//4613 2867//4616
f 2867//4616 2942//4735 2941//4734
f 2867//4616 2866//4615 2942//4735
f 2865//4613 2866//4615 2867//4616
f 2953//4756 2955//4761 2935//4721
f 2953//4756 2954//4760 2955//4761
f 2952//4755 2954//4760 2953//4756
f 2933//4716 2930//4708 2937//4727
f 2933//4716 2932//4714 2930//4708
f 2927//4704 2954//4759 2929//4707
f 2927//4704 2926//4703 2954//4759
f 2926//4703 2955//4762 2954//4759
f 2926//4703 2935//4720 2955//4762
f 2578//4156 2425//3880 2426//3884
f 2578//4156 2577//4154 2425//3880
f 2575//4151 2577//4154 2578//4156
f 2575//4151 2533//4089 2577//4154
f 2532//4087 2533//4089 2575//4151
f 2575//4151 2470//3968 2532//4087
f 2575//4151 2576//4152 2470//3968
f 2578//4156 2576//4152 2575//4151
f 3105//4979 3109//4990 3107//4984
f 3105//4979 3106//4981 3109//4990
f 1955//3070 3106//4981 3105//4979
f 2914//4686 2900//4669 2921//4695
f 2914//4686 2899//4668 2900//4669
f 2898//4666 2899//4668 2914//4686
f 2898//4666 2896//4663 2899//4668
f 2897//4664 2896//4663 2898//4666
f 2897//4664 2895//4662 2896//4663
f 2971//4791 2895//4662 2897//4664
f 2971//4791 2894//4660 2895//4662
f 2896//4663 2906//4675 2899//4668
f 2896//4663 2905//4674 2906//4675
f 2895//4662 2905//4674 2896//4663
f 2895//4662 2893//4659 2905//4674
f 2894//4660 2893//4659 2895//4662
f 2894//4660 2911//4683 2893//4659
f 2905//4674 1769//2781 2906//4675
f 2905//4674 2751//4435 1769//2781
f 2891//4657 2751//4435 2905//4674
f 2891//4657 2750//4433 2751//4435
f 2724//4366 2750//4433 2891//4657
f 2891//4657 2890//4656 2724//4366
f 2891//4657 2726//4369 2890//4656
f 2893//4659 2726//4369 2891//4657
f 2893//4659 2892//4658 2726//4369
f 2571//4144 2892//4658 2893//4659
f 2845//4568 2930//4709 2931//4713
f 2845//4568 2843//4563 2930//4709
f 2843//4563 2937//4726 2930//4709
f 2843//4563 2851//4585 2937//4726
f 2402//3840 2739//4412 2401//3837
f 2402//3840 2740//4414 2739//4412
f 2740//4414 2741//4415 2739//4412
f 2740//4414 2644//4264 2741//4415
f 2635//4254 2741//4415 2644//4264
f 2635//4254 2742//4417 2741//4415
f 2743//4419 2742//4417 2635//4254
f 2643//4263 2635//4254 2644//4264
f 2643//4263 2466//3961 2635//4254
f 2645//4265 2466//3961 2643//4263
f 2645//4265 2468//3964 2466//3961
f 2646//4266 2468//3964 2645//4265
f 2466//3961 2636//4255 2635//4254
f 2466//3961 2467//3962 2636//4255
f 2468//3964 2467//3962 2466//3961
f 2468//3964 2469//3965 2467//3962
f 2605//4207 2733//4390 2734//4394
f 2605//4207 2489//3999 2733//4390
f 2488//3998 2489//3999 2605//4207
f 2488//3998 2490//4000 2489//3999
f 1812//2846 2490//4000 2488//3998
f 1812//2846 2628//4241 2490//4000
f 1752//2750 2628//4241 1812//2846
f 1752//2750 1750//2747 2628//4241
f 2489//3999 2732//4386 2733//4390
f 2489//3999 2491//4001 2732//4386
f 2490//4000 2491//4001 2489//3999
f 2490//4000 2729//4375 2491//4001
f 2628//4241 2729//4375 2490//4000
f 2628//4241 2760//4445 2729//4375
f 2632//4247 2760//4445 2628//4241
f 2632//4247 2630//4243 2760//4445
f 2631//4246 2630//4243 2632//4247
f 2628//4241 2631//4246 2632//4247
f 2628//4241 2623//4235 2631//4246
f 1750//2747 2623//4235 2628//4241
f 1750//2747 1779//2798 2623//4235
f 2623//4235 2624//4236 2631//4246
f 2623//4235 2625//4237 2624//4236
f 1779//2798 2625//4237 2623//4235
f 1779//2798 1860//2905 2625//4237
f 2625//4237 2522//4071 2624//4236
f 2625//4237 2521//4069 2522//4071
f 1860//2905 2521//4069 2625//4237
f 1860//2905 1808//2838 2521//4069
f 2526//4079 2624//4236 2522//4071
f 2526//4079 2531//4085 2624//4236
f 2705//4343 2531//4085 2526//4079
f 2705//4343 2701//4339 2531//4085
f 2531//4085 2631//4246 2624//4236
f 2531//4085 2630//4244 2631//4246
f 2943//4737 2875//4633 2869//4621
f 2943//4737 2944//4739 2875//4633
f 3086//4948 3092//4958 3087//4950
f 3086//4948 3091//4956 3092//4958
f 3090//4955 3091//4956 3086//4948
f 3090//4955 3083//4943 3091//4956
f 3098//4967 3083//4943 3090//4955
f 3098//4967 3095//4964 3083//4943
f 3099//4968 3095//4964 3098//4967
f 3099//4968 3093//4960 3095//4964
f 3093//4960 3094//4962 3095//4964
f 3093//4960 3088//4953 3094//4962
f 3084//4944 3088//4953 3093//4960
f 3084//4944 3085//4945 3088//4953
f 3086//4947 3085//4945 3084//4944
f 3086//4947 3087//4949 3085//4945
f 2593//4187 2715//4354 2592//4184
f 2593//4187 2716//4357 2715//4354
f 2716//4357 2634//4253 2715//4354
f 2716//4357 2633//4249 2634//4253
f 2597//4196 2633//4249 2716//4357
f 2597//4196 2579//4159 2633//4249
f 2591//4182 2579//4159 2597//4196
f 2591//4182 2518//4059 2579//4159
f 2598//4197 2591//4182 2597//4196
f 2598//4197 2596//4194 2591//4182
f 2339//3715 2239//3557 2423//3876
f 2339//3715 2241//3560 2239//3557
f 2242//3562 2241//3560 2339//3715
f 2242//3562 2243//3563 2241//3560
f 2244//3565 2243//3563 2242//3562
f 2244//3565 2245//3566 2243//3563
f 2094//3299 2245//3566 2244//3565
f 2094//3299 2262//3593 2245//3566
f 2093//3298 2262//3593 2094//3299
f 2093//3298 2260//3590 2262//3593
f 2073//3268 2260//3590 2093//3298
f 2073//3268 2397//3824 2260//3590
f 2093//3298 2091//3294 2073//3268
f 2093//3298 2092//3296 2091//3294
f 2094//3299 2092//3296 2093//3298
f 2094//3299 2095//3300 2092//3296
f 2096//3302 2095//3300 2094//3299
f 2743//4422 2435//3906 2434//3904
f 2743//4422 2744//4424 2435//3906
f 2744//4424 2436//3908 2435//3906
f 2744//4424 2745//4426 2436//3908
f 2745//4426 2437//3910 2436//3908
f 2745//4426 2746//4428 2437//3910
f 2746//4428 2429//3890 2437//3910
f 2746//4428 2427//3885 2429//3890
f 2427//3885 2428//3887 2429//3890
f 2427//3885 2426//3881 2428//3887
f 3343//5577 3342//5574 3344//5579
f 3343//5577 3339//5567 3342//5574
f 3339//5567 3341//5571 3342//5574
f 3339//5567 3356//5614 3341//5571
f 3345//5582 3342//5575 3341//5572
f 3345//5582 3346//5585 3342//5575
f 3340//5569 3347//5588 3348//5591
f 3340//5569 3344//5580 3347//5588
f 3343//5578 3344//5580 3340//5569
f 3340//5569 3339//5566 3343//5578
f 3340//5569 2822//4530 3339//5566
f 2855//4592 2822//4530 3340//5569
f 3340//5569 2854//4590 2855//4592
f 3340//5569 3354//5611 2854//4590
f 3353//5608 2854//4590 3354//5611
f 3353//5608 3352//5605 2854//4590
f 3352//5605 2857//4596 2854//4590
f 3352//5605 3351//5602 2857//4596
f 3038//4874 3217//5328 3219//5332
f 3038//4874 3220//5334 3217//5328
f 1928//3016 2429//3891 2428//3889
f 1928//3016 1929//3020 2429//3891
f 1929//3020 2437//3909 2429//3891
f 1929//3020 1938//3039 2437//3909
f 1938//3039 2436//3907 2437//3909
f 1938//3039 1936//3035 2436//3907
f 1936//3035 2435//3905 2436//3907
f 1936//3035 1937//3037 2435//3905
f 1937//3037 2434//3902 2435//3905
f 1937//3037 1939//3042 2434//3902
f 3351//5603 2953//4757 2857//4597
f 3351//5603 3350//5598 2953//4757
f 2428//3888 1930//3022 1928//3017
f 2428//3888 2425//3879 1930//3022
f 2426//3882 2425//3879 2428//3888
f 2425//3879 1931//3024 1930//3022
f 2425//3879 2438//3911 1931//3024
f 2430//3892 1931//3024 2438//3911
f 2430//3892 1932//3026 1931//3024
f 2060//3233 1932//3026 2430//3892
f 2060//3233 1908//2979 1932//3026
f 3347//5589 3352//5606 3348//5592
f 3347//5589 3351//5604 3352//5606
f 3349//5595 3351//5601 3347//5590
f 3349//5595 3346//5586 3351//5601
f 3346//5586 3350//5597 3351//5601
f 3346//5586 3345//5583 3350//5597
f 3359//5623 3350//5597 3345//5583
f 3359//5623 3358//5621 3350//5597
f 3344//5581 3346//5587 3349//5596
f 3344//5581 3342//5576 3346//5587
f 2949//4750 3339//5568 2823//4533
f 2949//4750 3355//5612 3339//5568
f 2951//4753 3355//5612 2949//4750
f 2951//4753 2948//4748 3355//5612
f 3355//5612 3356//5615 3339//5568
f 3355//5612 3357//5617 3356//5615
f 3358//5619 3357//5617 3355//5612
f 3358//5619 3359//5622 3357//5617
f 3360//5625 2953//4758 3350//5599
f 3360//5625 2948//4748 2953//4758
f 3361//5628 2948//4748 3360//5625
f 3361//5628 3363//5634 2948//4748
f 3358//5620 3360//5626 3350//5600
f 3358//5620 3362//5630 3360//5626
f 1600//2523 1598//2517 1601//2525
f 1600//2523 1599//2520 1598//2517
f 3363//5633 3362//5632 3355//5613
f 3363//5633 3361//5629 3362//5632
f 3348//5593 3354//5610 3340//5570
f 3348//5593 3353//5609 3354//5610
f 3352//5607 3353//5609 3348//5593
f 2408//3852 2268//3605 2407//3849
f 2408//3852 2269//3606 2268//3605
f 2409//3854 2269//3606 2408//3852
f 2409//3854 2270//3607 2269//3606
f 2410//3856 2270//3607 2409//3854
f 2410//3856 2271//3608 2270//3607
f 2057//3226 2271//3608 2410//3856
f 2057//3226 2274//3611 2271//3608
f 2055//3220 2274//3611 2057//3226
f 2055//3220 2205//3491 2274//3611
f 2269//3606 2099//3306 2268//3605
f 2269//3606 2112//3332 2099//3306
f 2270//3607 2112//3332 2269//3606
f 2270//3607 2111//3331 2112//3332
f 2271//3608 2111//3331 2270//3607
f 2271//3608 2272//3609 2111//3331
f 2274//3611 2272//3609 2271//3608
f 2274//3611 2273//3610 2272//3609
f 2202//3486 2273//3610 2274//3611
f 2202//3486 2102//3312 2273//3610
f 2279//3617 2273//3610 2102//3312
f 2279//3617 2272//3609 2273//3610
f 2113//3333 2272//3609 2279//3617
f 2113//3333 2111//3331 2272//3609
f 2112//3332 2111//3331 2113//3333
f 2279//3617 2110//3330 2113//3333
f 2279//3617 2216//3513 2110//3330
f 2103//3314 2216//3513 2279//3617
f 2102//3311 2103//3314 2279//3617
f 2102//3311 2101//3309 2103//3314
f 2203//3488 2101//3309 2102//3311
f 2203//3488 2085//3283 2101//3309
f 2157//3415 2085//3283 2203//3488
f 2157//3415 2087//3286 2085//3283
f 2332//3701 2087//3286 2157//3415
f 2332//3701 2281//3621 2087//3286
f 2294//3645 1737//2723 1735//2719
f 2294//3645 2416//3865 1737//2723
f 2255//3582 1737//2723 2416//3865
f 2255//3582 2227//3540 1737//2723
f 2132//3362 2227//3540 2255//3582
f 2132//3362 2019//3174 2227//3540
f 1996//3144 2019//3174 2132//3362
f 1996//3144 2023//3179 2019//3174
f 2024//3180 2023//3179 1996//3144
f 2227//3540 1728//2707 1737//2723
f 2227//3540 1729//2711 1728//2707
f 2019//3174 1729//2711 2227//3540
f 2019//3174 2020//3175 1729//2711
f 2021//3177 2020//3175 2019//3174
f 2020//3175 1618//2552 1729//2711
f 2020//3175 2772//4467 1618//2552
f 2772//4467 1620//2555 1618//2552
f 2772//4467 2382//3780 1620//2555
f 2382//3780 1631//2572 1620//2555
f 2382//3780 2344//3721 1631//2572
f 2383//3781 2344//3721 2382//3780
f 2383//3781 2384//3782 2344//3721
f 2344//3721 1647//2601 1631//2572
f 2344//3721 1649//2604 1647//2601
f 2783//4486 1649//2604 2344//3721
f 2783//4486 2782//4484 1649//2604
f 2673//4310 2592//4185 2715//4356
f 2673//4310 2594//4190 2592//4185
f 2422//3874 2255//3582 2416//3865
f 2422//3874 2414//3861 2255//3582
f 2254//3581 2255//3582 2414//3861
f 2254//3581 2131//3361 2255//3582
f 2162//3421 2131//3361 2254//3581
f 2162//3421 2133//3364 2131//3361
f 2163//3422 2133//3364 2162//3421
f 2163//3422 2178//3444 2133//3364
f 2185//3455 2178//3444 2163//3422
f 2131//3361 2132//3362 2255//3582
f 2131//3361 2133//3364 2132//3362
f 2133//3364 2134//3365 2132//3362
f 2133//3364 2178//3444 2134//3365
f 2180//3447 2134//3365 2178//3444
f 2180//3447 2419//3871 2134//3365
f 2183//3452 2419//3871 2180//3447
f 2183//3452 2001//3152 2419//3871
f 2014//3167 2001//3152 2183//3452
f 2014//3167 2002//3153 2001//3152
f 1996//3144 2419//3871 2001//3152
f 1996//3144 2134//3365 2419//3871
f 2132//3362 2134//3365 1996//3144
f 2001//3152 1995//3143 1996//3144
f 2001//3152 2002//3153 1995//3143
f 1997//3145 1996//3144 1995//3143
f 1997//3145 2024//3180 1996//3144
f 3357//5618 3345//5584 3341//5573
f 3357//5618 3359//5624 3345//5584
f 2415//3863 2254//3581 2414//3861
f 2415//3863 2120//3342 2254//3581
f 2122//3346 2120//3342 2415//3863
f 2136//3369 2254//3581 2120//3342
f 2136//3369 2253//3580 2254//3581
f 2137//3373 2253//3580 2136//3369
f 3136//5079 3137//5080 3135//5074
f 3136//5079 3138//5082 3137//5080
f 3138//5082 3161//5183 3137//5080
f 3138//5082 3162//5188 3161//5183
f 1916//2998 2064//3242 1917//3001
f 1916//2998 2065//3245 2064//3242
f 1912//2988 2065//3245 1916//2998
f 1912//2988 2066//3247 2065//3245
f 1914//2993 2066//3247 1912//2988
f 1914//2993 2067//3249 2066//3247
f 1913//2991 2067//3249 1914//2993
f 1913//2991 2058//3228 2067//3249
f 1904//2969 2058//3228 1913//2991
f 1904//2969 2056//3224 2058//3228
f 2418//3869 2122//3346 2415//3863
f 2418//3869 2417//3867 2122//3346
f 2417//3867 2124//3350 2122//3346
f 2417//3867 2295//3647 2124//3350
f 2295//3647 1726//2703 2124//3350
f 2295//3647 1739//2727 1726//2703
f 2763//4450 1739//2727 2295//3647
f 2763//4450 2762//4448 1739//2727
f 2762//4448 1738//2725 1739//2727
f 2762//4448 2761//4446 1738//2725
f 2310//3669 2206//3495 2209//3500
f 2310//3669 2218//3519 2206//3495
f 3261//5400 3260//5399 3259//5398
f 3261//5400 2132//3363 3260//5399
f 3254//5391 3260//5399 2132//3363
f 3254//5391 3258//5396 3260//5399
f 3255//5392 3258//5396 3254//5391
f 3255//5392 3256//5393 3258//5396
f 3253//5389 3256//5393 3255//5392
f 3262//5401 3258//5396 3256//5393
f 3262//5401 3257//5395 3258//5396
f 2312//3674 2220//3526 2221//3529
f 2312//3674 2367//3758 2220//3526
f 2509//4033 2617//4226 2508//4031
f 2509//4033 2616//4224 2617//4226
f 2492//4004 2616//4224 2509//4033
f 2492//4004 2659//4290 2616//4224
f 2660//4292 2659//4290 2492//4004
f 2660//4292 1863//2911 2659//4290
f 1854//2895 1863//2911 2660//4292
f 2618//4227 2616//4224 2659//4290
f 2618//4227 2503//4021 2616//4224
f 2505//4023 2503//4021 2618//4227
f 2505//4023 2504//4022 2503//4021
f 2506//4025 2504//4022 2505//4023
f 2506//4025 2554//4119 2504//4022
f 2553//4117 2554//4119 2506//4025
f 2506//4025 2697//4335 2553//4117
f 2506//4025 2030//3186 2697//4335
f 2505//4023 2030//3186 2506//4025
f 2505//4023 2048//3209 2030//3186
f 2599//4199 2048//3209 2505//4023
f 2599//4199 1857//2901 2048//3209
f 1855//2897 1857//2901 2599//4199
f 2697//4335 2559//4126 2553//4117
f 2697//4335 2033//3190 2559//4126
f 2030//3186 2033//3190 2697//4335
f 2030//3186 2028//3184 2033//3190
f 2029//3185 2028//3184 2030//3186
f 2033//3190 2044//3203 2559//4126
f 2033//3190 2034//3191 2044//3203
f 2028//3184 2034//3191 2033//3190
f 1990//3136 1989//3133 1988//3131
f 1990//3136 1991//3137 1989//3133
f 1986//3127 1991//3137 1990//3136
f 2243//3564 2629//4242 2607//4210
f 2243//3564 2263//3595 2629//4242
f 2263//3595 2721//4362 2629//4242
f 2263//3595 2378//3776 2721//4362
f 1891//2951 1893//2953 1903//2967
f 1891//2951 1892//2952 1893//2953
f 1890//2950 1892//2952 1891//2951
f 1890//2950 1894//2956 1892//2952
f 1895//2957 1894//2956 1890//2950
f 1895//2957 1896//2959 1894//2956
f 1892//2952 1904//2968 1893//2953
f 1892//2952 1905//2971 1904//2968
f 1894//2956 1905//2971 1892//2952
f 1894//2956 1906//2973 1905//2971
f 1907//2975 1906//2973 1894//2956
f 1896//2959 1907//2975 1894//2956
f 1896//2959 1908//2977 1907//2975
f 1932//3025 1908//2977 1896//2959
f 1922//3008 1932//3025 1896//2959
f 1922//3008 1931//3023 1932//3025
f 1930//3021 1931//3023 1922//3008
f 1895//2958 1922//3008 1896//2959
f 1895//2958 1918//3002 1922//3008
f 1919//3003 1922//3008 1918//3002
f 1919//3003 1930//3021 1922//3008
f 1928//3015 1930//3021 1919//3003
f 1919//3003 1921//3005 1928//3015
f 1919//3003 1920//3004 1921//3005
f 1918//3002 1920//3004 1919//3003
f 2618//4227 2599//4199 2505//4023
f 2618//4227 1862//2909 2599//4199
f 2659//4290 1862//2909 2618//4227
f 2659//4290 1861//2907 1862//2909
f 1863//2911 1861//2907 2659//4290
f 2068//3252 2403//3842 2401//3836
f 2068//3252 2061//3236 2403//3842
f 2062//3238 2403//3842 2061//3236
f 2062//3238 2405//3845 2403//3842
f 2063//3240 2405//3845 2062//3238
f 2063//3240 2406//3847 2405//3845
f 2064//3243 2406//3847 2063//3240
f 2064//3243 2407//3850 2406//3847
f 1893//2954 1902//2965 1903//2966
f 1893//2954 1900//2963 1902//2965
f 1912//2986 1900//2963 1893//2954
f 1912//2986 1916//2997 1900//2963
f 1900//2963 1899//2962 1902//2965
f 1900//2963 1898//2961 1899//2962
f 1911//2984 1898//2961 1900//2963
f 1911//2984 1910//2982 1898//2961
f 1900//2963 1917//2999 1911//2984
f 1900//2963 1916//2997 1917//2999
f 2612//4215 2473//3974 2474//3978
f 2612//4215 2613//4217 2473//3974
f 2573//4148 2613//4217 2612//4215
f 2573//4148 2614//4219 2613//4217
f 2333//3704 2614//4219 2573//4148
f 2225//3537 2219//3523 2224//3536
f 2225//3537 2226//3539 2219//3523
f 2226//3539 2208//3498 2219//3523
f 2226//3539 2265//3598 2208//3498
f 2366//3755 2265//3598 2226//3539
f 2366//3755 2266//3600 2265//3598
f 2367//3756 2266//3600 2366//3755
f 2222//3531 2367//3756 2366//3755
f 2222//3531 2220//3525 2367//3756
f 2155//3413 2300//3654 2302//3656
f 2155//3413 2301//3655 2300//3654
f 2152//3409 2301//3655 2155//3413
f 2152//3409 2148//3402 2301//3655
f 2301//3655 2399//3832 2300//3654
f 2301//3655 2264//3596 2399//3832
f 2148//3402 2264//3596 2301//3655
f 2148//3402 2146//3398 2264//3596
f 2264//3596 1651//2607 2399//3832
f 2264//3596 1732//2715 1651//2607
f 2146//3398 1732//2715 2264//3596
f 2146//3398 1680//2647 1732//2715
f 1622//2558 2399//3832 1651//2607
f 1622//2558 2238//3556 2399//3832
f 1623//2560 2238//3556 1622//2558
f 1623//2560 1685//2656 2238//3556
f 2238//3556 2300//3654 2399//3832
f 2238//3556 2765//4454 2300//3654
f 2237//3554 2765//4454 2238//3556
f 2237//3554 2302//3658 2765//4454
f 2238//3556 2118//3338 2237//3554
f 2238//3556 1685//2656 2118//3338
f 2118//3338 2119//3339 2237//3554
f 2118//3338 2117//3337 2119//3339
f 2234//3549 2117//3337 2118//3338
f 2234//3549 2392//3810 2117//3337
f 2767//4458 2392//3810 2234//3549
f 1685//2656 2234//3549 2118//3338
f 1685//2656 2261//3591 2234//3549
f 1683//2653 2261//3591 1685//2656
f 1683//2653 2781//4482 2261//3591
f 1643//2594 2781//4482 1683//2653
f 2236//3552 2234//3549 2261//3591
f 2236//3552 2235//3550 2234//3549
f 1938//3038 1921//3007 1936//3034
f 1938//3038 1929//3019 1921//3007
f 2117//3337 2388//3793 2119//3339
f 2117//3337 2390//3801 2388//3793
f 2392//3810 2390//3801 2117//3337
f 2392//3810 2391//3805 2390//3801
f 2065//3246 2407//3851 2064//3244
f 2065//3246 2408//3853 2407//3851
f 2066//3248 2408//3853 2065//3246
f 2066//3248 2409//3855 2408//3853
f 2067//3250 2409//3855 2066//3248
f 2067//3250 2410//3857 2409//3855
f 2058//3227 2410//3857 2067//3250
f 2058//3227 2057//3225 2410//3857
f 2056//3222 2057//3225 2058//3227
f 2056//3222 2055//3218 2057//3225
f 1985//3125 1986//3126 1987//3129
f 1985//3125 1984//3123 1986//3126
f 1989//3134 1984//3123 1985//3125
f 1939//3041 2433//3899 2434//3901
f 1939//3041 1935//3032 2433//3899
f 1935//3032 2432//3897 2433//3899
f 1935//3032 1933//3028 2432//3897
f 1934//3030 2432//3897 1933//3028
f 1934//3030 2431//3895 2432//3897
f 2068//3253 2431//3895 1934//3030
f 1989//3135 1986//3128 1984//3124
f 1989//3135 1991//3138 1986//3128
f 3306//5489 3308//5495 3307//5492
f 3306//5489 3309//5497 3308//5495
f 3317//5512 3309//5497 3306//5489
f 3317//5512 3314//5509 3309//5497
f 3318//5513 3314//5509 3317//5512
f 3318//5513 3319//5514 3314//5509
f 3320//5519 3317//5512 3306//5489
f 3320//5519 3305//5488 3317//5512
f 3304//5486 3305//5488 3320//5519
f 2212//3505 2218//3518 2310//3668
f 2212//3505 2311//3670 2218//3518
f 2214//3509 2311//3670 2212//3505
f 2215//3511 2214//3509 2212//3505
f 2215//3511 2144//3389 2214//3509
f 2140//3377 2144//3389 2215//3511
f 2140//3377 2142//3383 2144//3389
f 2139//3376 2142//3383 2140//3377
f 2139//3376 2086//3284 2142//3383
f 2101//3310 2086//3284 2139//3376
f 2101//3310 2085//3282 2086//3284
f 2216//3512 2215//3511 2212//3505
f 2216//3512 2140//3377 2215//3511
f 2103//3315 2140//3377 2216//3512
f 2103//3315 2139//3376 2140//3377
f 2101//3310 2139//3376 2103//3315
f 2212//3505 2211//3504 2216//3512
f 2212//3505 2213//3507 2211//3504
f 2213//3507 2210//3502 2211//3504
f 2213//3507 2147//3400 2210//3502
f 2147//3400 2256//3583 2210//3502
f 2147//3400 2149//3404 2256//3583
f 2400//3834 2256//3583 2149//3404
f 2400//3834 2421//3873 2256//3583
f 2757//4441 2421//3873 2400//3834
f 2757//4441 2420//3872 2421//3873
f 2307//3665 2420//3872 2757//4441
f 2307//3665 2413//3860 2420//3872
f 2318//3680 2413//3860 2307//3665
f 2318//3680 2316//3678 2413//3860
f 2317//3679 2316//3678 2318//3680
f 2317//3679 2320//3682 2316//3678
f 2321//3683 2320//3682 2317//3679
f 2321//3683 2322//3684 2320//3682
f 2421//3873 2363//3752 2256//3583
f 2421//3873 2412//3859 2363//3752
f 2420//3872 2412//3859 2421//3873
f 2420//3872 2413//3860 2412//3859
f 2412//3859 2258//3586 2363//3752
f 2412//3859 2257//3585 2258//3586
f 2413//3860 2257//3585 2412//3859
f 2413//3860 2360//3748 2257//3585
f 2316//3678 2360//3748 2413//3860
f 2316//3678 2359//3747 2360//3748
f 2320//3682 2359//3747 2316//3678
f 2320//3682 2322//3684 2359//3747
f 2359//3747 2257//3585 2360//3748
f 2359//3747 2358//3746 2257//3585
f 2361//3749 2358//3746 2359//3747
f 2361//3749 2362//3750 2358//3746
f 2356//3741 2362//3750 2361//3749
f 2361//3749 2322//3684 2356//3741
f 2361//3749 2359//3747 2322//3684
f 2585//4170 2673//4308 2515//4051
f 2585//4170 2717//4358 2673//4308
f 2672//4307 2717//4358 2585//4170
f 2672//4307 2519//4063 2717//4358
f 2717//4358 2674//4311 2673//4308
f 2717//4358 2590//4179 2674//4311
f 2519//4063 2590//4179 2717//4358
f 2590//4179 2662//4294 2674//4311
f 2590//4179 2596//4195 2662//4294
f 3332//5551 3335//5558 3331//5548
f 3332//5551 3338//5565 3335//5558
f 2424//3877 2757//4441 2400//3834
f 2424//3877 2309//3667 2757//4441
f 2150//3406 2309//3667 2424//3877
f 2150//3406 2314//3676 2309//3667
f 2330//3697 2314//3676 2150//3406
f 2330//3697 2411//3858 2314//3676
f 2365//3754 2411//3858 2330//3697
f 2365//3754 2325//3690 2411//3858
f 2357//3745 2325//3690 2365//3754
f 2309//3667 2307//3665 2757//4441
f 2309//3667 2308//3666 2307//3665
f 2314//3676 2308//3666 2309//3667
f 2314//3676 2315//3677 2308//3666
f 2327//3693 2315//3677 2314//3676
f 2327//3693 2328//3694 2315//3677
f 2326//3692 2328//3694 2327//3693
f 2326//3692 2317//3679 2328//3694
f 2321//3683 2317//3679 2326//3692
f 2326//3692 2324//3688 2321//3683
f 2326//3692 2325//3690 2324//3688
f 2327//3693 2325//3690 2326//3692
f 2327//3693 2411//3858 2325//3690
f 2314//3676 2411//3858 2327//3693
f 2323//3686 2321//3683 2324//3688
f 2323//3686 2322//3684 2321//3683
f 3335//5559 3334//5555 3331//5549
f 3335//5559 3336//5561 3334//5555
f 2328//3694 2308//3666 2315//3677
f 2328//3694 2329//3695 2308//3666
f 2319//3681 2329//3695 2328//3694
f 2319//3681 2307//3665 2329//3695
f 2318//3680 2307//3665 2319//3681
f 2319//3681 2317//3679 2318//3680
f 2319//3681 2328//3694 2317//3679
f 2365//3754 2364//3753 2357//3745
f 2365//3754 2330//3697 2364//3753
f 1540//2413 1538//2408 1541//2415
f 1540//2413 1539//2411 1538//2408
f 1543//2420 1538//2409 1539//2412
f 1543//2420 1545//2424 1538//2409
f 1545//2424 1535//2402 1538//2409
f 1545//2424 1534//2399 1535//2402
f 1541//2416 1535//2401 1536//2405
f 1541//2416 1538//2410 1535//2401
f 1541//2417 1544//2422 1540//2414
f 1541//2417 1536//2404 1544//2422
f 1536//2404 1542//2418 1544//2422
f 1536//2404 1537//2407 1542//2418
f 1554//2434 1556//2438 1555//2436
f 1554//2434 1557//2441 1556//2438
f 1558//2444 1560//2449 1559//2447
f 1558//2444 1561//2451 1560//2449
f 1562//2454 1557//2442 1554//2435
f 1562//2454 1564//2458 1557//2442
f 1564//2458 1561//2453 1557//2442
f 1564//2458 1560//2450 1561//2453
f 1563//2456 1558//2445 1559//2448
f 1563//2456 1565//2460 1558//2445
f 1565//2460 1556//2440 1558//2445
f 1565//2460 1555//2437 1556//2440
f 1556//2439 1561//2452 1558//2446
f 1556//2439 1557//2443 1561//2452
f 1564//2459 1568//2465 1563//2457
f 1564//2459 1571//2468 1568//2465
f 1562//2455 1571//2468 1564//2459
f 1562//2455 1569//2466 1571//2468
f 1566//2462 1569//2466 1562//2455
f 1565//2461 1566//2462 1562//2455
f 1565//2461 1572//2469 1566//2462
f 1573//2470 1572//2469 1565//2461
f 1563//2457 1573//2470 1565//2461
f 1563//2457 1570//2467 1573//2470
f 1567//2463 1570//2467 1563//2457
f 3325//5533 3327//5538 3330//5545
f 3325//5533 3323//5528 3327//5538
f 2583//4166 1819//2856 1809//2841
f 2583//4166 1808//2837 1819//2856
f 2584//4168 1808//2837 2583//4166
f 2584//4168 2523//4072 1808//2837
f 2523//4072 2521//4068 1808//2837
f 2523//4072 2522//4070 2521//4068
f 2524//4074 2522//4070 2523//4072
f 2524//4074 2758//4443 2522//4070
f 2758//4443 2526//4078 2522//4070
f 2758//4443 2738//4410 2526//4078
f 2525//4076 2526//4078 2738//4410
f 2525//4076 2527//4080 2526//4078
f 2691//4328 2527//4080 2525//4076
f 3264//5403 3254//5391 2132//3363
f 3264//5403 3263//5402 3254//5391
f 1576//2476 1574//2471 1577//2479
f 1576//2476 1575//2473 1574//2471
f 1575//2474 1582//2491 1574//2472
f 1575//2474 1584//2495 1582//2491
f 1579//2486 1584//2495 1575//2474
f 1579//2486 1580//2488 1584//2495
f 1576//2477 1579//2485 1575//2475
f 1576//2477 1578//2483 1579//2485
f 1585//2497 1576//2478 1577//2480
f 1585//2497 1578//2482 1576//2478
f 1583//2493 1578//2482 1585//2497
f 1583//2493 1581//2490 1578//2482
f 2017//3172 2007//3159 2016//3170
f 2017//3172 2000//3150 2007//3159
f 2000//3150 1998//3146 2007//3159
f 2000//3150 1999//3147 1998//3146
f 1999//3147 2018//3173 1998//3146
f 1999//3147 2031//3187 2018//3173
f 2032//3188 2031//3187 1999//3147
f 2032//3188 2039//3197 2031//3187
f 2047//3208 2039//3197 2032//3188
f 2047//3208 2046//3206 2039//3197
f 2475//3979 2473//3973 2476//3982
f 2475//3979 2474//3976 2473//3973
f 1596//2511 1594//2507 1597//2514
f 1596//2511 1595//2509 1594//2507
f 2224//3535 2297//3650 2225//3538
f 2224//3535 2217//3516 2297//3650
f 2217//3516 2313//3675 2297//3650
f 2217//3516 2755//4439 2313//3675
f 2218//3520 2755//4439 2217//3516
f 2218//3520 2311//3671 2755//4439
f 2755//4439 2312//3672 2313//3675
f 2755//4439 2214//3510 2312//3672
f 2311//3671 2214//3510 2755//4439
f 2312//3672 2223//3533 2313//3675
f 2312//3672 2221//3528 2223//3533
f 1596//2512 1602//2527 1595//2510
f 1596//2512 1604//2531 1602//2527
f 1599//2522 1604//2531 1596//2512
f 1599//2522 1600//2524 1604//2531
f 1599//2521 1597//2515 1598//2519
f 1599//2521 1596//2513 1597//2515
f 2533//4088 2456//3941 2457//3944
f 2533//4088 2532//4086 2456//3941
f 2532//4086 2471//3969 2456//3941
f 2532//4086 2470//3967 2471//3969
f 2470//3967 2472//3971 2471//3969
f 2470//3967 2648//4271 2472//3971
f 2648//4271 2589//4176 2472//3971
f 2648//4271 2647//4268 2589//4176
f 2647//4268 2587//4173 2589//4176
f 2647//4268 2479//3987 2587//4173
f 2481//3989 2479//3987 2647//4268
f 2479//3987 2581//4161 2587//4173
f 2479//3987 2478//3986 2581//4161
f 2464//3959 2478//3986 2479//3987
f 2478//3986 2582//4163 2581//4161
f 2478//3986 2619//4229 2582//4163
f 2106//3323 2332//3700 2105//3320
f 2106//3323 2281//3620 2332//3700
f 1873//2928 1884//2943 1875//2932
f 1873//2928 1883//2942 1884//2943
f 1889//2949 1884//2943 1883//2942
f 1889//2949 1882//2941 1884//2943
f 1872//2926 1882//2941 1889//2949
f 2181//3448 2090//3293 2089//3289
f 2181//3448 2182//3450 2090//3293
f 2082//3278 2182//3450 2181//3448
f 2082//3278 2084//3281 2182//3450
f 2083//3280 2084//3281 2082//3278
f 2083//3280 2340//3716 2084//3281
f 2371//3766 2340//3716 2083//3280
f 2371//3766 2376//3773 2340//3716
f 2375//3772 2376//3773 2371//3766
f 2375//3772 2718//4359 2376//3773
f 2546//4107 2718//4359 2375//3772
f 2546//4107 2543//4103 2718//4359
f 2182//3450 2283//3624 2090//3293
f 2182//3450 2284//3627 2283//3624
f 2084//3281 2284//3627 2182//3450
f 2084//3281 2285//3628 2284//3627
f 2340//3716 2285//3628 2084//3281
f 2340//3716 2450//3932 2285//3628
f 2452//3935 2450//3932 2340//3716
f 2452//3935 2451//3933 2450//3932
f 2453//3936 2451//3933 2452//3935
f 2450//3932 2284//3627 2285//3628
f 2450//3932 2558//4124 2284//3627
f 2451//3933 2558//4124 2450//3932
f 2451//3933 2557//4122 2558//4124
f 2558//4124 2283//3624 2284//3627
f 2558//4124 2459//3950 2283//3624
f 2557//4122 2459//3950 2558//4124
f 2557//4122 2458//3946 2459//3950
f 2507//4026 2509//4032 2508//4028
f 2507//4026 2492//4003 2509//4032
f 2494//4006 2492//4003 2507//4026
f 2494//4006 2493//4005 2492//4003
f 2495//4008 2493//4005 2494//4006
f 2495//4008 2496//4010 2493//4005
f 2498//4012 2496//4010 2495//4008
f 2498//4012 2497//4011 2496//4010
f 2499//4014 2497//4011 2498//4012
f 2499//4014 2661//4293 2497//4011
f 2502//4020 2661//4293 2499//4014
f 2502//4020 2658//4289 2661//4293
f 2496//4010 2660//4291 2493//4005
f 2496//4010 1854//2894 2660//4291
f 2497//4011 1854//2894 2496//4010
f 2497//4011 1797//2821 1854//2894
f 2661//4293 1797//2821 2497//4011
f 2661//4293 1800//2826 1797//2821
f 2658//4289 1800//2826 2661//4293
f 2658//4289 2634//4250 1800//2826
f 2513//4042 2634//4250 2658//4289
f 2634//4250 1799//2824 1800//2826
f 2634//4250 1840//2879 1799//2824
f 1803//2830 1840//2879 2634//4250
f 2633//4248 1803//2830 2634//4250
f 2633//4248 1805//2833 1803//2830
f 2579//4158 1805//2833 2633//4248
f 2579//4158 1809//2840 1805//2833
f 2580//4160 1809//2840 2579//4158
f 2518//4057 2580//4160 2579//4158
f 2518//4057 2516//4053 2580//4160
f 3035//4869 3034//4868 3036//4870
f 3035//4869 3043//4885 3034//4868
f 2992//4820 2988//4816 2993//4821
f 2992//4820 2984//4812 2988//4816
f 2990//4818 2984//4812 2992//4820
f 2990//4818 2986//4814 2984//4812
f 2989//4817 2986//4814 2990//4818
f 2989//4817 2991//4819 2986//4814
f 2985//4813 2986//4814 2991//4819
f 2985//4813 2984//4812 2986//4814
f 2987//4815 2984//4812 2985//4813
f 2987//4815 2988//4816 2984//4812
f 2332//3699 2104//3318 2105//3321
f 2332//3699 2251//3576 2104//3318
f 3032//4864 3033//4865 3042//4883
f 3032//4864 3034//4867 3033//4865
f 3036//4871 3034//4867 3032//4864
f 3034//4867 3039//4876 3033//4865
f 3034//4867 3041//4880 3039//4876
f 2514//4044 2513//4040 2512//4037
f 2514//4044 2515//4047 2513//4040
f 2198//3476 2333//3702 2199//3478
f 2198//3476 2252//3577 2333//3702
f 2251//3575 2252//3577 2198//3476
f 2250//3573 2251//3575 2198//3476
f 2250//3573 2104//3317 2251//3575
f 2107//3327 2104//3317 2250//3573
f 3217//5327 3215//5322 3216//5325
f 3217//5327 3218//5331 3215//5322
f 3220//5335 3218//5331 3217//5327
f 3218//5330 3214//5320 3215//5323
f 3218//5330 3043//4886 3214//5320
f 3215//5321 3213//5317 3216//5324
f 3215//5321 3214//5319 3213//5317
f 3137//5081 2734//4397 3135//5077
f 3137//5081 2393//3813 2734//4397
f 3161//5185 2393//3813 3137//5081
f 3161//5185 2391//3809 2393//3813
f 2338//3714 2335//3708 2278//3616
f 2338//3714 2764//4452 2335//3708
f 2240//3558 2764//4452 2338//3714
f 2239//3557 2240//3558 2338//3714
f 2239//3557 2241//3560 2240//3558
f 3049//4892 3051//4894 3050//4893
f 3049//4892 3044//4887 3051//4894
f 3046//4889 3044//4887 3049//4892
f 3046//4889 3045//4888 3044//4887
f 3047//4890 3045//4888 3046//4889
f 3047//4890 3048//4891 3045//4888
f 3052//4895 3045//4888 3048//4891
f 3052//4895 3044//4887 3045//4888
f 3051//4894 3044//4887 3052//4895
f 2605//4208 2394//3814 2766//4455
f 2605//4208 2734//4395 2394//3814
f 2393//3812 2394//3814 2734//4395
f 2393//3812 2391//3806 2394//3814
f 2392//3811 2394//3814 2391//3806
f 2392//3811 2767//4459 2394//3814
f 2996//4824 2995//4823 2994//4822
f 2996//4824 2997//4825 2995//4823
f 3004//4832 2997//4825 2996//4824
f 3004//4832 3008//4836 2997//4825
f 2997//4825 2999//4827 2995//4823
f 2997//4825 2998//4826 2999//4827
f 3008//4836 2998//4826 2997//4825
f 3007//4835 2999//4827 2998//4826
f 3007//4835 3001//4829 2999//4827
f 3000//4828 3001//4829 3007//4835
f 3000//4828 3002//4830 3001//4829
f 3003//4831 2999//4827 3001//4829
f 3003//4831 2995//4823 2999//4827
f 3001//4829 3006//4834 3003//4831
f 3001//4829 3005//4833 3006//4834
f 3002//4830 3005//4833 3001//4829
f 3327//5539 3326//5535 3329//5543
f 3327//5539 3323//5529 3326//5535
f 2766//4456 2488//3998 2605//4207
f 2766//4456 2768//4461 2488//3998
f 2627//4239 2488//3998 2768//4461
f 2627//4239 2486//3994 2488//3998
f 2486//3994 1812//2846 2488//3998
f 2486//3994 1811//2844 1812//2846
f 2487//3996 1811//2844 2486//3994
f 2487//3996 1770//2783 1811//2844
f 2081//3276 2083//3280 2082//3278
f 2081//3276 2371//3766 2083//3280
f 2167//3429 2371//3766 2081//3276
f 2167//3429 2170//3433 2371//3766
f 3011//4839 3010//4838 3009//4837
f 3011//4839 3012//4840 3010//4838
f 3014//4842 3012//4840 3011//4839
f 3014//4842 3013//4841 3012//4840
f 3022//4850 3013//4841 3014//4842
f 3012//4840 3019//4847 3010//4838
f 3012//4840 3023//4851 3019//4847
f 3013//4841 3023//4851 3012//4840
f 3219//5333 3216//5326 3213//5318
f 3219//5333 3217//5329 3216//5326
f 3026//4856 3025//4854 3024//4852
f 3026//4856 3027//4858 3025//4854
f 3018//4846 3014//4842 3011//4839
f 3018//4846 3017//4845 3014//4842
f 3021//4849 3017//4845 3018//4846
f 3021//4849 3020//4848 3017//4845
f 3017//4845 3022//4850 3014//4842
f 3017//4845 3015//4843 3022//4850
f 3016//4844 3015//4843 3017//4845
f 2206//3492 2207//3496 2209//3499
f 2206//3492 2208//3497 2207//3496
f 2208//3497 1681//2649 2207//3496
f 2208//3497 1676//2641 1681//2649
f 2265//3597 1676//2641 2208//3497
f 2265//3597 1675//2639 1676//2641
f 2266//3599 1675//2639 2265//3597
f 2266//3599 1712//2688 1675//2639
f 1671//2633 1712//2688 2266//3599
f 2266//3599 1673//2636 1671//2633
f 2266//3599 2293//3644 1673//2636
f 2143//3385 2293//3644 2266//3599
f 2143//3385 2145//3394 2293//3644
f 2293//3644 2296//3649 1673//2636
f 2293//3644 2130//3360 2296//3649
f 2145//3394 2130//3360 2293//3644
f 2127//3354 2296//3649 2130//3360
f 2127//3354 2126//3353 2296//3649
f 2125//3351 2126//3353 2127//3354
f 2125//3351 2124//3349 2126//3353
f 2123//3347 2124//3349 2125//3351
f 2123//3347 2122//3345 2124//3349
f 2121//3343 2122//3345 2123//3347
f 2121//3343 2120//3341 2122//3345
f 2135//3366 2120//3341 2121//3343
f 2135//3366 2136//3368 2120//3341
f 2137//3370 2136//3368 2135//3366
f 2126//3353 1670//2631 2296//3649
f 2126//3353 1726//2704 1670//2631
f 2124//3349 1726//2704 2126//3353
f 3027//4859 3031//4863 3025//4855
f 3027//4859 3029//4861 3031//4863
f 3028//4860 3029//4861 3027//4859
f 3026//4857 3028//4860 3027//4859
f 3026//4857 3030//4862 3028//4860
f 3024//4853 3030//4862 3026//4857
f 2219//3521 2218//3517 2217//3514
f 2219//3521 2206//3493 2218//3517
f 2788//4492 2789//4493 2790//4494
f 2788//4492 2784//4488 2789//4493
f 2786//4490 2784//4488 2788//4492
f 2786//4490 2785//4489 2784//4488
f 2787//4491 2785//4489 2786//4490
f 2787//4491 2793//4497 2785//4489
f 2785//4489 2789//4493 2784//4488
f 2785//4489 2791//4495 2789//4493
f 2792//4496 2791//4495 2785//4489
f 1999//3148 2090//3292 2283//3625
f 1999//3148 2000//3151 2090//3292
f 2000//3151 2089//3288 2090//3292
f 2000//3151 2017//3171 2089//3288
f 2017//3171 2014//3166 2089//3288
f 2017//3171 2016//3169 2014//3166
f 2015//3168 2014//3166 2016//3169
f 2015//3168 2002//3154 2014//3166
f 2343//3719 2344//3721 2384//3782
f 2343//3719 2345//3723 2344//3721
f 2774//4469 2345//3723 2343//3719
f 2798//4502 2799//4503 2800//4504
f 2798//4502 2794//4498 2799//4503
f 2796//4500 2794//4498 2798//4502
f 2796//4500 2795//4499 2794//4498
f 2797//4501 2795//4499 2796//4500
f 2796//4500 2803//4507 2797//4501
f 2796//4500 2802//4506 2803//4507
f 2801//4505 2802//4506 2796//4500
f 2460//3952 2461//3954 2442//3924
f 2460//3952 2462//3955 2461//3954
f 2462//3955 2463//3957 2461//3954
f 2462//3955 2464//3958 2463//3957
f 2465//3960 2463//3957 2464//3958
f 2465//3960 2608//4211 2463//3957
f 2577//4154 2438//3912 2425//3880
f 2577//4154 2430//3893 2438//3912
f 3105//4978 1946//3053 1955//3068
f 3105//4978 1953//3063 1946//3053
f 3107//4982 1953//3063 3105//4978
f 3107//4982 3104//4975 1953//3063
f 3104//4975 1944//3050 1953//3063
f 3104//4975 3103//4972 1944//3050
f 3103//4972 1956//3073 1944//3050
f 3103//4972 3110//4991 1956//3073
f 3111//4993 3110//4991 3103//4972
f 2286//3630 2174//3439 2287//3634
f 2286//3630 2232//3546 2174//3439
f 2228//3542 2232//3546 2286//3630
f 2228//3542 2229//3543 2232//3546
f 2190//3460 2229//3543 2228//3542
f 2190//3460 2189//3459 2229//3543
f 2188//3458 2189//3459 2190//3460
f 2188//3458 2187//3457 2189//3459
f 2377//3774 2187//3457 2188//3458
f 2377//3774 2280//3618 2187//3457
f 2088//3287 2280//3618 2377//3774
f 2088//3287 2281//3619 2280//3618
f 2187//3457 2197//3474 2189//3459
f 2187//3457 2196//3473 2197//3474
f 2280//3618 2196//3473 2187//3457
f 2280//3618 2250//3574 2196//3473
f 2281//3619 2250//3574 2280//3618
f 2281//3619 2107//3326 2250//3574
f 2106//3324 2107//3326 2281//3619
f 2198//3475 2196//3473 2250//3574
f 2198//3475 2197//3474 2196//3473
f 2200//3481 2197//3474 2198//3475
f 2200//3481 2230//3544 2197//3474
f 2368//3759 2230//3544 2200//3481
f 2368//3759 2233//3547 2230//3544
f 2230//3544 2229//3543 2197//3474
f 2230//3544 2231//3545 2229//3543
f 2233//3547 2231//3545 2230//3544
f 2233//3547 2195//3470 2231//3545
f 2231//3545 2232//3546 2229//3543
f 2231//3545 2173//3437 2232//3546
f 2195//3470 2173//3437 2231//3545
f 3110//4992 3114//5001 3112//4997
f 3110//4992 3111//4994 3114//5001
f 2088//3287 2087//3285 2281//3619
f 2088//3287 2086//3284 2087//3285
f 2130//3359 2086//3284 2088//3287
f 2130//3359 2145//3395 2086//3284
f 2088//3287 2127//3355 2130//3359
f 2088//3287 2334//3706 2127//3355
f 2377//3774 2334//3706 2088//3287
f 2377//3774 2188//3458 2334//3706
f 2334//3706 2125//3352 2127//3355
f 2334//3706 2129//3358 2125//3352
f 2188//3458 2129//3358 2334//3706
f 2188//3458 2190//3460 2129//3358
f 2129//3358 2123//3348 2125//3352
f 2129//3358 2128//3356 2123//3348
f 2190//3460 2128//3356 2129//3358
f 2128//3356 2121//3344 2123//3348
f 2128//3356 2135//3367 2121//3344
f 2138//3374 2135//3367 2128//3356
f 2138//3374 2137//3372 2135//3367
f 1994//3142 2769//4463 2770//4465
f 1994//3142 2025//3181 2769//4463
f 2025//3181 2026//3182 2769//4463
f 2025//3181 2027//3183 2026//3182
f 2027//3183 2035//3193 2026//3182
f 2027//3183 2037//3195 2035//3193
f 2037//3195 2036//3194 2035//3193
f 2037//3195 2038//3196 2036//3194
f 2038//3196 2043//3201 2036//3194
f 2038//3196 2041//3199 2043//3201
f 2041//3199 2042//3200 2043//3201
f 2041//3199 2040//3198 2042//3200
f 2040//3198 2051//3213 2042//3200
f 2040//3198 2050//3212 2051//3213
f 2221//3527 2222//3530 2223//3532
f 2221//3527 2220//3524 2222//3530
f 3113//4999 3104//4977 3108//4987
f 3113//4999 3103//4973 3104//4977
f 3113//4998 3112//4996 3114//5002
f 3113//4998 1958//3078 3112//4996
f 3108//4985 1958//3078 3113//4998
f 3108//4985 1957//3075 1958//3078
f 1954//3065 1957//3075 3108//4985
f 3109//4988 1954//3065 3108//4985
f 3109//4988 3106//4980 1954//3065
f 3106//4980 1951//3060 1954//3065
f 3106//4980 1955//3069 1951//3060
f 3103//4974 3114//5003 3111//4995
f 3103//4974 3113//5000 3114//5003
f 1946//3052 1947//3054 1955//3066
f 1946//3052 1945//3051 1947//3054
f 1953//3062 1945//3051 1946//3052
f 1953//3062 1943//3048 1945//3051
f 1944//3049 1943//3048 1953//3062
f 1944//3049 1942//3047 1943//3048
f 1956//3071 1942//3047 1944//3049
f 1956//3071 1941//3044 1942//3047
f 1943//3048 1960//3081 1945//3051
f 1943//3048 1940//3043 1960//3081
f 1942//3047 1940//3043 1943//3048
f 1942//3047 1941//3044 1940//3043
f 2573//4147 2200//3482 2199//3479
f 2573//4147 2574//4149 2200//3482
f 2572//4146 2574//4149 2573//4147
f 2572//4146 2563//4131 2574//4149
f 2649//4272 2563//4131 2572//4146
f 2649//4272 2720//4361 2563//4131
f 2454//3938 2720//4361 2649//4272
f 2454//3938 2693//4331 2720//4361
f 2499//4015 2693//4331 2454//3938
f 2499//4015 2498//4013 2693//4331
f 2612//4216 2572//4146 2573//4147
f 2612//4216 2649//4272 2572//4146
f 2457//3942 2649//4272 2612//4216
f 2457//3942 2454//3938 2649//4272
f 2456//3940 2454//3938 2457//3942
f 2456//3940 2455//3939 2454//3938
f 2471//3970 2455//3939 2456//3940
f 2471//3970 2472//3972 2455//3939
f 2474//3977 2457//3942 2612//4216
f 2474//3977 2475//3981 2457//3942
f 2780//4481 2774//4470 2343//3720
f 2780//4481 2779//4479 2774//4470
f 2777//4477 2779//4479 2780//4481
f 2777//4477 2348//3728 2779//4479
f 2347//3727 2348//3728 2777//4477
f 2347//3727 2346//3725 2348//3728
f 2193//3465 2346//3725 2347//3727
f 2192//3464 2193//3465 2347//3727
f 2192//3464 2191//3462 2193//3465
f 2568//4137 2191//3462 2192//3464
f 2567//4136 2568//4137 2192//3464
f 2567//4136 2776//4475 2568//4137
f 2775//4473 2776//4475 2567//4136
f 2778//4478 2775//4473 2567//4136
f 2778//4478 2570//4140 2775//4473
f 2569//4139 2570//4140 2778//4478
f 2569//4139 2571//4142 2570//4140
f 2615//4222 2571//4142 2569//4139
f 2417//3868 2763//4451 2295//3648
f 2417//3868 3091//4957 2763//4451
f 3097//4966 3091//4957 2417//3868
f 3097//4966 3092//4959 3091//4957
f 2418//3870 3092//4959 3097//4966
f 2418//3870 3087//4951 3092//4959
f 2415//3864 3087//4951 2418//3870
f 2415//3864 2414//3862 3087//4951
f 3083//4942 2763//4451 3091//4957
f 3083//4942 2762//4449 2763//4451
f 2761//4447 2762//4449 3083//4942
f 3095//4963 2761//4447 3083//4942
f 3095//4963 1740//2730 2761//4447
f 3094//4961 1740//2730 3095//4963
f 3094//4961 3082//4941 1740//2730
f 3089//4954 3082//4941 3094//4961
f 3089//4954 3096//4965 3082//4941
f 2416//3866 3096//4965 3089//4954
f 3089//4954 3085//4946 2416//3866
f 3089//4954 3088//4952 3085//4946
f 3094//4961 3088//4952 3089//4954
f 3085//4946 2422//3875 2416//3866
f 3085//4946 2414//3862 2422//3875
f 3087//4951 2414//3862 3085//4946
f 2454//3938 2502//4019 2499//4015
f 2454//3938 2455//3939 2502//4019
f 2455//3939 2520//4066 2502//4019
f 2455//3939 2514//4045 2520//4066
f 2511//4036 2514//4045 2455//3939
f 2511//4036 2588//4174 2514//4045
f 2589//4175 2588//4174 2511//4036
f 2589//4175 2587//4172 2588//4174
f 2588//4174 2515//4048 2514//4045
f 2588//4174 2586//4171 2515//4048
f 2587//4172 2586//4171 2588//4174
f 2587//4172 2583//4165 2586//4171
f 2581//4162 2583//4165 2587//4172
f 2581//4162 2584//4167 2583//4165
f 2582//4164 2584//4167 2581//4162
f 2582//4164 2523//4073 2584//4167
f 2619//4228 2523//4073 2582//4164
f 2619//4228 2524//4075 2523//4073
f 2758//4442 2524//4075 2619//4228
f 2586//4171 2585//4169 2515//4048
f 2586//4171 2583//4165 2585//4169
f 2583//4165 2672//4306 2585//4169
f 2583//4165 2519//4062 2672//4306
f 2517//4055 2519//4062 2583//4165
f 3082//4941 1741//2732 1740//2730
f 3082//4941 1735//2720 1741//2732
f 2294//3646 1735//2720 3082//4941
f 3275//5418 3267//5408 3265//5406
f 3275//5418 3276//5419 3267//5408
f 2505//4024 3267//5408 3276//5419
f 2505//4024 3273//5416 3267//5408
f 3272//5415 3273//5416 2505//4024
f 3272//5415 3270//5413 3273//5416
f 3271//5414 3267//5408 3273//5416
f 3271//5414 3266//5407 3267//5408
f 3268//5409 3266//5407 3271//5414
f 3268//5409 3265//5405 3266//5407
f 3271//5414 3274//5417 3268//5409
f 3271//5414 3269//5411 3274//5417
f 3242//5371 3240//5368 3250//5384
f 3242//5371 3241//5370 3240//5368
f 3246//5377 3241//5370 3242//5371
f 3246//5377 3245//5376 3241//5370
f 3241//5370 3247//5379 3240//5368
f 3241//5370 3243//5372 3247//5379
f 3237//5363 3243//5372 3241//5370
f 3237//5363 3238//5366 3243//5372
f 3245//5376 3237//5363 3241//5370
f 3245//5376 3244//5375 3237//5363
f 3211//5314 3209//5311 3212//5315
f 3211//5314 3210//5313 3209//5311
f 3310//5500 3321//5522 3311//5503
f 3310//5500 3312//5505 3321//5522
f 3315//5510 3321//5522 3312//5505
f 3315//5510 3301//5476 3321//5522
f 3313//5507 3315//5510 3312//5505
f 3313//5507 3316//5511 3315//5510
f 3319//5515 3316//5511 3313//5507
f 3302//5480 3322//5524 3320//5518
f 3302//5480 3303//5483 3322//5524
f 3301//5476 3302//5478 3321//5522
f 3301//5476 3300//5473 3302//5478
f 3311//5502 3306//5491 3307//5494
f 3311//5502 3321//5521 3306//5491
f 3209//5312 3205//5306 3212//5316
f 3209//5312 3208//5310 3205//5306
f 3301//5477 3304//5484 3300//5474
f 3301//5477 3305//5487 3304//5484
f 3197//5294 3201//5300 3202//5302
f 3197//5294 3198//5296 3201//5300
f 3201//5299 3203//5303 3202//5301
f 3201//5299 3204//5304 3203//5303
f 3119//5015 3120//5018 3121//5021
f 3119//5015 3115//5005 3120//5018
f 3117//5011 3118//5013 1977//3110
f 3117//5011 3121//5022 3118//5013
f 3119//5016 3121//5022 3117//5011
f 3115//5006 3125//5031 3120//5019
f 3115//5006 3116//5008 3125//5031
f 3297//5466 3281//5433 3299//5472
f 3297//5466 3282//5435 3281//5433
f 3294//5459 3282//5435 3297//5466
f 3283//5436 3294//5459 3297//5466
f 3283//5436 3284//5439 3294//5459
f 3285//5441 3284//5439 3283//5436
f 3290//5454 3294//5459 3284//5439
f 3290//5454 3295//5460 3294//5459
f 3296//5461 3295//5460 3290//5454
f 3079//4936 3078//4935 3077//4932
f 3079//4936 3081//4940 3078//4935
f 3080//4939 3081//4940 3079//4936
f 3080//4939 3075//4929 3081//4940
f 3070//4921 3075//4929 3080//4939
f 3070//4921 3068//4919 3075//4929
f 3069//4920 3068//4919 3070//4921
f 3124//5028 3125//5030 3126//5034
f 3124//5028 1979//3116 3125//5030
f 1979//3116 3120//5017 3125//5030
f 1979//3116 1980//3118 3120//5017
f 1976//3105 3120//5017 1980//3118
f 1976//3105 3121//5020 3120//5017
f 3118//5012 3121//5020 1976//3105
f 1974//3101 3118//5012 1976//3105
f 1974//3101 1977//3109 3118//5012
f 3126//5035 3116//5009 3123//5027
f 3126//5035 3125//5032 3116//5009
f 3189//5274 3196//5292 3188//5272
f 3189//5274 3192//5281 3196//5292
f 3194//5286 3192//5281 3189//5274
f 3194//5286 3191//5279 3192//5281
f 3196//5291 3187//5268 3188//5271
f 3196//5291 3195//5288 3187//5268
f 3181//5254 3192//5280 3191//5277
f 3181//5254 3193//5282 3192//5280
f 3195//5287 3192//5280 3193//5282
f 3195//5287 3196//5290 3192//5280
f 3195//5289 3190//5276 3187//5269
f 3195//5289 3193//5283 3190//5276
f 3193//5283 3184//5264 3190//5276
f 3193//5283 3181//5256 3184//5264
f 3297//5464 3298//5467 3283//5437
f 3297//5464 3279//5427 3298//5467
f 3287//5446 3286//5444 3288//5448
f 3287//5446 3285//5442 3286//5444
f 3284//5440 3285//5442 3287//5446
f 3289//5451 3284//5440 3287//5446
f 3289//5451 3290//5453 3284//5440
f 3291//5455 3290//5453 3289//5451
f 3291//5455 3296//5463 3290//5453
f 2519//4061 2591//4180 2590//4177
f 2519//4061 2518//4058 2591//4180
f 1968//3092 1969//3094 1977//3106
f 1968//3092 1967//3091 1969//3094
f 1967//3091 1975//3102 1969//3094
f 1967//3091 1965//3088 1975//3102
f 1982//3121 1965//3088 1967//3091
f 1982//3121 1962//3083 1965//3088
f 1965//3088 1966//3089 1975//3102
f 1965//3088 1963//3084 1966//3089
f 1962//3083 1963//3084 1965//3088
f 1962//3083 1964//3085 1963//3084
f 1981//3119 1964//3085 1962//3083
f 1978//3111 1963//3084 1964//3085
f 1978//3111 1966//3089 1963//3084
f 2593//4186 2594//4188 2595//4191
f 2593//4186 2592//4183 2594//4188
f 1971//3097 1964//3086 1981//3120
f 1971//3097 1972//3098 1964//3086
f 1970//3096 1972//3098 1971//3097
f 1970//3096 1980//3117 1972//3098
f 1976//3104 1980//3117 1970//3096
f 1979//3114 1972//3098 1980//3117
f 1979//3114 1964//3086 1972//3098
f 3179//5249 3182//5258 3183//5260
f 3179//5249 3180//5251 3182//5258
f 3178//5248 3180//5251 3179//5249
f 3178//5248 3175//5244 3180//5251
f 1983//3122 1970//3096 1971//3097
f 1983//3122 1973//3099 1970//3096
f 1973//3099 1976//3104 1970//3096
f 1973//3099 1974//3100 1976//3104
f 1968//3093 1974//3100 1973//3099
f 1968//3093 1977//3107 1974//3100
f 2500//4017 2600//4200 2566//4135
f 2500//4017 2510//4035 2600//4200
f 2510//4035 2651//4274 2600//4200
f 2510//4035 2508//4029 2651//4274
f 2508//4029 2652//4276 2651//4274
f 2508//4029 2653//4280 2652//4276
f 2561//4129 2653//4280 2508//4029
f 2508//4029 2539//4096 2561//4129
f 2508//4029 2538//4095 2539//4096
f 2617//4225 2538//4095 2508//4029
f 2617//4225 2616//4224 2538//4095
f 2539//4096 2554//4119 2561//4129
f 2539//4096 2504//4022 2554//4119
f 2538//4095 2504//4022 2539//4096
f 2538//4095 2503//4021 2504//4022
f 2616//4224 2503//4021 2538//4095
f 3189//5273 3184//5262 3194//5284
f 3189//5273 3190//5275 3184//5262
f 3187//5267 3190//5275 3189//5273
f 3194//5285 3181//5255 3191//5278
f 3194//5285 3184//5263 3181//5255
f 2938//4729 2933//4717 2937//4725
f 2938//4729 2934//4718 2933//4717
f 2924//4700 2933//4717 2934//4718
f 2924//4700 2932//4715 2933//4717
f 2925//4702 2932//4715 2924//4700
f 2925//4702 2956//4763 2932//4715
f 2958//4768 2956//4763 2925//4702
f 2928//4706 2958//4768 2925//4702
f 2928//4706 2968//4786 2958//4768
f 2920//4694 2968//4786 2928//4706
f 3057//4902 3055//4899 3062//4909
f 3057//4902 3058//4904 3055//4899
f 3058//4904 3066//4916 3055//4899
f 3058//4904 3064//4914 3066//4916
f 3063//4912 3064//4914 3058//4904
f 2957//4766 2932//4715 2956//4763
f 2957//4766 2931//4712 2932//4715
f 2945//4742 2931//4712 2957//4766
f 3065//4915 3064//4913 3063//4910
f 3065//4915 3067//4918 3064//4913
f 3067//4918 3066//4917 3064//4913
f 3067//4918 3061//4907 3066//4917
f 3061//4907 3055//4898 3066//4917
f 3061//4907 3054//4897 3055//4898
f 3056//4900 3055//4898 3054//4897
f 3056//4900 3062//4908 3055//4898
f 2718//4359 2340//3716 2376//3773
f 2718//4359 2452//3935 2340//3716
f 2453//3936 2452//3935 2718//4359
f 3070//4922 3071//4924 3076//4931
f 3070//4922 3074//4928 3071//4924
f 3080//4938 3074//4928 3070//4922
f 3080//4938 3079//4937 3074//4928
f 3073//4926 3074//4927 3077//4933
f 3073//4926 3071//4923 3074//4927
f 3072//4925 3071//4923 3073//4926
f 1947//3055 1951//3059 1955//3067
f 1947//3055 1952//3061 1951//3059
f 1952//3061 1954//3064 1951//3059
f 1952//3061 1948//3056 1954//3064
f 1961//3082 1948//3056 1952//3061
f 1961//3082 1950//3058 1948//3056
f 1948//3056 1957//3074 1954//3064
f 1948//3056 1949//3057 1957//3074
f 1950//3058 1949//3057 1948//3056
f 1950//3058 1941//3045 1949//3057
f 1959//3080 1941//3045 1950//3058
f 1958//3076 1949//3057 1941//3045
f 1958//3076 1957//3074 1949//3057
f 3277//5420 3279//5426 3278//5423
f 3277//5420 3280//5429 3279//5426
f 3280//5429 3298//5469 3279//5426
f 3280//5429 3292//5457 3298//5469
f 3292//5457 3289//5452 3298//5469
f 3292//5457 3291//5456 3289//5452
f 3293//5458 3291//5456 3292//5457
f 3293//5458 3296//5462 3291//5456
f 3287//5447 3298//5469 3289//5452
f 3287//5447 3288//5450 3298//5469
f 3280//5430 3281//5431 3282//5434
f 3280//5430 3277//5421 3281//5431
f 3299//5470 3277//5422 3278//5424
f 3299//5470 3281//5432 3277//5422
f 2542//4101 2698//4336 2541//4099
f 2542//4101 2548//4109 2698//4336
f 2657//4288 2548//4109 2542//4101
f 2657//4288 2537//4094 2548//4109
f 2535//4092 2537//4094 2657//4288
f 2535//4092 2536//4093 2537//4094
f 2534//4091 2536//4093 2535//4092
f 2534//4091 2449//3931 2536//4093
f 2447//3929 2449//3931 2534//4091
f 2447//3929 2448//3930 2449//3931
f 2446//3928 2448//3930 2447//3929
f 2446//3928 2484//3992 2448//3930
f 2547//4108 2548//4109 2537//4094
f 2547//4108 2698//4336 2548//4109
f 2699//4337 2698//4336 2547//4108
f 2699//4337 2546//4106 2698//4336
f 2545//4105 2546//4106 2699//4337
f 2545//4105 2544//4104 2546//4106
f 2448//3930 2544//4104 2545//4105
f 2448//3930 2485//3993 2544//4104
f 2484//3992 2485//3993 2448//3930
f 2484//3992 2453//3937 2485//3993
f 2451//3934 2453//3937 2484//3992
f 2536//4093 2547//4108 2537//4094
f 2536//4093 2699//4337 2547//4108
f 2449//3931 2699//4337 2536//4093
f 2449//3931 2545//4105 2699//4337
f 2448//3930 2545//4105 2449//3931
f 3283//5438 3288//5449 3286//5445
f 3283//5438 3298//5468 3288//5449
f 2543//4102 2485//3993 2453//3937
f 2543//4102 2544//4104 2485//3993
f 2546//4106 2544//4104 2543//4102
f 3197//5293 3199//5297 3198//5295
f 3197//5293 3200//5298 3199//5297
f 3116//5007 3122//5023 3123//5025
f 3116//5007 1978//3113 3122//5023
f 1966//3090 1978//3113 3116//5007
f 3115//5004 1966//3090 3116//5007
f 3115//5004 1975//3103 1966//3090
f 3119//5014 1975//3103 3115//5004
f 3119//5014 3117//5010 1975//3103
f 3117//5010 1969//3095 1975//3103
f 3117//5010 1977//3108 1969//3095
f 1626//2563 1627//2565 1709//2683
f 1626//2563 1628//2567 1627//2565
f 1658//2617 1627//2565 1628//2567
f 1658//2617 1657//2615 1627//2565
f 1687//2659 1657//2615 1658//2617
f 1687//2659 1686//2657 1657//2615
f 1645//2597 1686//2657 1687//2659
f 1646//2599 1645//2597 1687//2659
f 1646//2599 1638//2584 1645//2597
f 1666//2626 1638//2584 1646//2599
f 1666//2626 1665//2625 1638//2584
f 1678//2643 1665//2625 1666//2626
f 1678//2643 1663//2623 1665//2625
f 1677//2642 1663//2623 1678//2643
f 1677//2642 1664//2624 1663//2623
f 1672//2634 1664//2624 1677//2642
f 1672//2634 1662//2622 1664//2624
f 1674//2637 1662//2622 1672//2634
f 1674//2637 1661//2621 1662//2622
f 1663//2623 1638//2584 1665//2625
f 1663//2623 1637//2583 1638//2584
f 1664//2624 1637//2583 1663//2623
f 1664//2624 1655//2612 1637//2583
f 1662//2622 1655//2612 1664//2624
f 1662//2622 1636//2581 1655//2612
f 1634//2577 1636//2581 1662//2622
f 1661//2621 1634//2577 1662//2622
f 1661//2621 1614//2544 1634//2577
f 1659//2619 1614//2544 1661//2621
f 1659//2619 1616//2548 1614//2544
f 1660//2620 1616//2548 1659//2619
f 1660//2620 1727//2705 1616//2548
f 1652//2608 1727//2705 1660//2620
f 1652//2608 1728//2706 1727//2705
f 1653//2609 1728//2706 1652//2608
f 1653//2609 1734//2717 1728//2706
f 1733//2716 1734//2717 1653//2609
f 1733//2716 1740//2728 1734//2717
f 1725//2701 1660//2620 1659//2619
f 1725//2701 1652//2608 1660//2620
f 1654//2610 1652//2608 1725//2701
f 1654//2610 1653//2609 1652//2608
f 1710//2685 1653//2609 1654//2610
f 1710//2685 1733//2716 1653//2609
f 1738//2724 1733//2716 1710//2685
f 1738//2724 1740//2728 1733//2716
f 1710//2685 1739//2726 1738//2724
f 1710//2685 1726//2702 1739//2726
f 1669//2629 1726//2702 1710//2685
f 1669//2629 1670//2630 1726//2702
f 1654//2610 1670//2630 1669//2629
f 1654//2610 1711//2686 1670//2630
f 1725//2701 1711//2686 1654//2610
f 1725//2701 1730//2712 1711//2686
f 1659//2619 1730//2712 1725//2701
f 1659//2619 1661//2621 1730//2712
f 1711//2686 1673//2635 1670//2630
f 1711//2686 1730//2712 1673//2635
f 1730//2712 1674//2637 1673//2635
f 1730//2712 1661//2621 1674//2637
f 1672//2634 1673//2635 1674//2637
f 1672//2634 1671//2632 1673//2635
f 1712//2687 1671//2632 1672//2634
f 1677//2642 1712//2687 1672//2634
f 1677//2642 1675//2638 1712//2687
f 1676//2640 1675//2638 1677//2642
f 1678//2643 1676//2640 1677//2642
f 1678//2643 1682//2651 1676//2640
f 1666//2626 1682//2651 1678//2643
f 1666//2626 1690//2663 1682//2651
f 1689//2662 1690//2663 1666//2626
f 1689//2662 1679//2644 1690//2663
f 1688//2661 1679//2644 1689//2662
f 1688//2661 1668//2628 1679//2644
f 1724//2700 1668//2628 1688//2661
f 1724//2700 1626//2564 1668//2628
f 1628//2568 1626//2564 1724//2700
f 1682//2651 1681//2648 1676//2640
f 1682//2651 1690//2663 1681//2648
f 1690//2663 1691//2664 1681//2648
f 1690//2663 1679//2644 1691//2664
f 1679//2644 1680//2645 1691//2664
f 1679//2644 1667//2627 1680//2645
f 1668//2628 1667//2627 1679//2644
f 1668//2628 1626//2564 1667//2627
f 2228//3541 2128//3357 2190//3461
f 2228//3541 2138//3375 2128//3357
f 2286//3629 2138//3375 2228//3541
f 2286//3629 2137//3371 2138//3375
f 2287//3631 2137//3371 2286//3629
f 2287//3631 2288//3635 2137//3371
f 2185//3455 2137//3371 2288//3635
f 2185//3455 2163//3422 2137//3371
f 2162//3421 2137//3371 2163//3422
f 2162//3421 2253//3579 2137//3371
f 2254//3581 2253//3579 2162//3421
f 1905//2972 2056//3223 1904//2970
f 1905//2972 2054//3216 2056//3223
f 1906//2974 2054//3216 1905//2972
f 1906//2974 2069//3255 2054//3216
f 2059//3229 2069//3255 1906//2974
f 1907//2976 2059//3229 1906//2974
f 1907//2976 2060//3231 2059//3229
f 1908//2978 2060//3231 1907//2976
f 2045//3204 2044//3202 2034//3192
f 2045//3204 2046//3205 2044//3202
f 2047//3207 2044//3202 2046//3205
f 2047//3207 2458//3945 2044//3202
f 2032//3189 2458//3945 2047//3207
f 2032//3189 2459//3949 2458//3945
f 1999//3148 2459//3949 2032//3189
f 3126//5033 3122//5024 3124//5029
f 3126//5033 3123//5026 3122//5024
f 3322//5523 3300//5475 3304//5485
f 3322//5523 3303//5482 3300//5475
f 2298//3651 2350//3731 2349//3730
f 2298//3651 2155//3413 2350//3731
f 2299//3652 2155//3413 2298//3651
f 2299//3652 2152//3409 2155//3413
f 2353//3735 2152//3409 2299//3652
f 2353//3735 2381//3779 2152//3409
f 2381//3779 2153//3411 2152//3409
f 2381//3779 2380//3778 2153//3411
f 2472//3972 2511//4036 2455//3939
f 2472//3972 2589//4175 2511//4036
f 2621//4232 2620//4230 2622//4233
f 2621//4232 2749//4431 2620//4230
f 2748//4430 2749//4431 2621//4232
f 2748//4430 2752//4436 2749//4431
f 2669//4303 2752//4436 2748//4430
f 2669//4303 2754//4438 2752//4436
f 2670//4304 2754//4438 2669//4303
f 2670//4304 2738//4411 2754//4438
f 2525//4077 2738//4411 2670//4304
f 2749//4431 2711//4350 2620//4230
f 2749//4431 2759//4444 2711//4350
f 2752//4436 2759//4444 2749//4431
f 2752//4436 2754//4438 2759//4444
f 2759//4444 2619//4228 2711//4350
f 2759//4444 2758//4442 2619//4228
f 2754//4438 2758//4442 2759//4444
f 2754//4438 2738//4411 2758//4442
f 3205//5305 3207//5308 3206//5307
f 3205//5305 3208//5309 3207//5308
f 2155//3413 2156//3414 2350//3731
f 2155//3413 2154//3412 2156//3414
f 2154//3412 2304//3662 2156//3414
f 2154//3412 2303//3660 2304//3662
f 1638//2584 1640//2587 1645//2597
f 1638//2584 1639//2585 1640//2587
f 1637//2582 1639//2585 1638//2584
f 1637//2582 1656//2613 1639//2585
f 1655//2611 1656//2613 1637//2582
f 1655//2611 1635//2578 1656//2613
f 1636//2580 1635//2578 1655//2611
f 1636//2580 1634//2576 1635//2578
f 1634//2576 1633//2574 1635//2578
f 1634//2576 1614//2543 1633//2574
f 1614//2543 1615//2545 1633//2574
f 1614//2543 1616//2547 1615//2545
f 1616//2547 1617//2549 1615//2545
f 1616//2547 1729//2708 1617//2549
f 3240//5369 3249//5382 3250//5383
f 3240//5369 3248//5380 3249//5382
f 3247//5378 3248//5380 3240//5369
f 3247//5378 3238//5365 3248//5380
f 3243//5373 3238//5365 3247//5378
f 3231//5352 3223//5340 3227//5347
f 3231//5352 3232//5354 3223//5340
f 3224//5343 3232//5354 3231//5352
f 3224//5343 3233//5356 3232//5354
f 3234//5357 3233//5356 3224//5343
f 1646//2599 1689//2662 1666//2626
f 1646//2599 1687//2660 1689//2662
f 1687//2660 1688//2661 1689//2662
f 1687//2660 1658//2618 1688//2661
f 1628//2568 1688//2661 1658//2618
f 1628//2568 1724//2700 1688//2661
f 3224//5342 3225//5344 3234//5358
f 3224//5342 3226//5345 3225//5344
f 3231//5353 3226//5345 3224//5342
f 3231//5353 3227//5346 3226//5345
f 3226//5345 3229//5350 3225//5344
f 3226//5345 3230//5351 3229//5350
f 3221//5337 3230//5351 3226//5345
f 3221//5337 3228//5349 3230//5351
f 3227//5346 3221//5337 3226//5345
f 3227//5346 3223//5341 3221//5337
f 3239//5367 3237//5362 3244//5374
f 3239//5367 3238//5364 3237//5362
f 3248//5381 3238//5364 3239//5367
f 3252//5387 3248//5381 3239//5367
f 3252//5387 3251//5385 3248//5381
f 3271//5414 3270//5412 3269//5410
f 3271//5414 3273//5416 3270//5412
f 2306//3664 2257//3585 2358//3746
f 2306//3664 2305//3663 2257//3585
f 2304//3661 2305//3663 2306//3664
f 2304//3661 2303//3659 2305//3663
f 3259//5397 3258//5396 3257//5394
f 3259//5397 3260//5399 3258//5396
f 1734//2717 1737//2722 1728//2706
f 1734//2717 1736//2721 1737//2722
f 1740//2728 1736//2721 1734//2717
f 1740//2728 1741//2731 1736//2721
f 1735//2718 1736//2721 1741//2731
f 1735//2718 1737//2722 1736//2721
f 3313//5506 3314//5508 3319//5516
f 3313//5506 3312//5504 3314//5508
f 3312//5504 3309//5498 3314//5508
f 3312//5504 3310//5499 3309//5498
f 3310//5499 3308//5496 3309//5498
f 3310//5499 3307//5493 3308//5496
f 3311//5501 3307//5493 3310//5499
f 2517//4054 2518//4056 2519//4060
f 2517//4054 2516//4052 2518//4056
f 1870//2921 1871//2922 1872//2924
f 1870//2921 1868//2918 1871//2922
f 1887//2947 1868//2918 1870//2921
f 1887//2947 1865//2913 1868//2918
f 1864//2912 1865//2913 1887//2947
f 1864//2912 1866//2914 1865//2913
f 1867//2916 1866//2914 1864//2912
f 1869//2919 1865//2913 1866//2914
f 1869//2919 1868//2918 1865//2913
f 1871//2922 1868//2918 1869//2919
f 2106//3322 2104//3316 2107//3325
f 2106//3322 2105//3319 2104//3316
f 3235//5359 3232//5355 3236//5360
f 3235//5359 3222//5338 3232//5355
f 3222//5338 3223//5339 3232//5355
f 3222//5338 3221//5336 3223//5339
f 3228//5348 3221//5336 3222//5338
f 2484//3992 2557//4123 2451//3934
f 2484//3992 2560//4127 2557//4123
f 2446//3928 2560//4127 2484//3992
f 2446//3928 2555//4120 2560//4127
f 2447//3929 2555//4120 2446//3928
f 2447//3929 2556//4121 2555//4120
f 2534//4091 2556//4121 2447//3929
f 2534//4091 2562//4130 2556//4121
f 2654//4282 2562//4130 2534//4091
f 2654//4282 2653//4281 2562//4130
f 2652//4277 2653//4281 2654//4282
f 2561//4128 2562//4130 2653//4281
f 2561//4128 2556//4121 2562//4130
f 2554//4118 2556//4121 2561//4128
f 2554//4118 2555//4120 2556//4121
f 2553//4116 2555//4120 2554//4118
f 2553//4116 2559//4125 2555//4120
f 2559//4125 2560//4127 2555//4120
f 2559//4125 2458//3947 2560//4127
f 2247//3568 2248//3569 2249//3571
f 2247//3568 2246//3567 2248//3569
f 2262//3593 2246//3567 2247//3568
f 2262//3593 2260//3590 2246//3567
f 2246//3567 2396//3819 2248//3569
f 2246//3567 2395//3815 2396//3819
f 2260//3590 2395//3815 2246//3567
f 2260//3590 2397//3824 2395//3815
f 3058//4903 3059//4905 3063//4911
f 3058//4903 3057//4901 3059//4905
f 2654//4282 2655//4283 2652//4277
f 2654//4282 2535//4092 2655//4283
f 2534//4091 2535//4092 2654//4282
f 2535//4092 2656//4285 2655//4283
f 2535//4092 2657//4288 2656//4285
f 1578//2481 1580//2487 1579//2484
f 1578//2481 1581//2489 1580//2487
f 1914//2992 1893//2955 1913//2989
f 1914//2992 1912//2987 1893//2955
f 2658//4289 2520//4065 2513//4042
f 2658//4289 2502//4020 2520//4065
f 3108//4986 3107//4983 3109//4989
f 3108//4986 3104//4976 3107//4983
f 2374//3770 2370//3765 2369//3762
f 2374//3770 2372//3767 2370//3765
f 2373//3768 2372//3767 2374//3770
f 2373//3768 2166//3426 2372//3767
f 2372//3767 2074//3269 2370//3765
f 2372//3767 2164//3423 2074//3269
f 2166//3426 2164//3423 2372//3767
f 2166//3426 2165//3424 2164//3423
f 2292//3642 2164//3423 2165//3424
f 2292//3642 2074//3269 2164//3423
f 2076//3271 2074//3269 2292//3642
f 2076//3271 2075//3270 2074//3269
f 2176//3441 2075//3270 2076//3271
f 2176//3441 2175//3440 2075//3270
f 2174//3438 2175//3440 2176//3441
f 2174//3438 2173//3436 2175//3440
f 2176//3441 2287//3633 2174//3438
f 2176//3441 2290//3639 2287//3633
f 2076//3271 2290//3639 2176//3441
f 2076//3271 2291//3641 2290//3639
f 2292//3642 2291//3641 2076//3271
f 2114//3334 2112//3332 2113//3333
f 2114//3334 2100//3308 2112//3332
f 2195//3469 2175//3440 2173//3436
f 2195//3469 2194//3467 2175//3440
f 2194//3467 2075//3270 2175//3440
f 2194//3467 2282//3622 2075//3270
f 2369//3761 2075//3270 2282//3622
f 2369//3761 2370//3765 2075//3270
f 2846//4570 2847//4572 2850//4579
f 2846//4570 2848//4574 2847//4572
f 2837//4553 2848//4574 2846//4570
f 2837//4553 2838//4555 2848//4574
f 2839//4556 2838//4555 2837//4553
f 2839//4556 2840//4558 2838//4555
f 2841//4559 2840//4558 2839//4556
f 2841//4559 2842//4561 2840//4558
f 2833//4548 2842//4561 2841//4559
f 2833//4548 2828//4541 2842//4561
f 2830//4543 2828//4541 2833//4548
f 2830//4543 2829//4542 2828//4541
f 2838//4555 2859//4601 2848//4574
f 2838//4555 2858//4598 2859//4601
f 2840//4558 2858//4598 2838//4555
f 2840//4558 2842//4561 2858//4598
f 2842//4561 2856//4593 2858//4598
f 2842//4561 2852//4587 2856//4593
f 2828//4541 2852//4587 2842//4561
f 2828//4541 2834//4549 2852//4587
f 2829//4542 2834//4549 2828//4541
f 2829//4542 2815//4522 2834//4549
f 2814//4521 2815//4522 2829//4542
f 2814//4521 2813//4520 2815//4522
f 2826//4538 2813//4520 2814//4521
f 2826//4538 2820//4527 2813//4520
f 2261//3592 2820//4527 2826//4538
f 2261//3592 2781//4483 2820//4527
f 2236//3553 2814//4521 2829//4542
f 2236//3553 2826//4538 2814//4521
f 2261//3592 2826//4538 2236//3553
f 2829//4542 2235//3551 2236//3553
f 2829//4542 2830//4543 2235//3551
f 2830//4543 2831//4544 2235//3551
f 2830//4543 2832//4546 2831//4544
f 2833//4548 2832//4546 2830//4543
f 2833//4548 2880//4640 2832//4546
f 2879//4638 2880//4640 2833//4548
f 2841//4560 2879//4638 2833//4548
f 2841//4560 2862//4607 2879//4638
f 2839//4557 2862//4607 2841//4560
f 2839//4557 2860//4602 2862//4607
f 2844//4565 2860//4602 2839//4557
f 2844//4565 2861//4605 2860//4602
f 2845//4567 2861//4605 2844//4565
f 2845//4567 2863//4609 2861//4605
f 2837//4554 2844//4565 2839//4557
f 2837//4554 2849//4576 2844//4565
f 2846//4571 2849//4576 2837//4554
f 2846//4571 2850//4578 2849//4576
f 1643//2595 2820//4527 2781//4483
f 1643//2595 1641//2591 2820//4527
f 2819//4526 2820//4527 1641//2591
f 2819//4526 2810//4515 2820//4527
f 2809//4514 2810//4515 2819//4526
f 2809//4514 2811//4516 2810//4515
f 2881//4642 2811//4516 2809//4514
f 2809//4514 2808//4512 2881//4642
f 2809//4514 2807//4511 2808//4512
f 2819//4526 2807//4511 2809//4514
f 2819//4526 2805//4509 2807//4511
f 2782//4485 2805//4509 2819//4526
f 2782//4485 2783//4487 2805//4509
f 2807//4511 2825//4537 2808//4512
f 2807//4511 2774//4471 2825//4537
f 2806//4510 2774//4471 2807//4511
f 2807//4511 2345//3724 2806//4510
f 2807//4511 2805//4509 2345//3724
f 2805//4509 2804//4508 2345//3724
f 2805//4509 2344//3722 2804//4508
f 2783//4487 2344//3722 2805//4509
f 2831//4544 2876//4634 2235//3551
f 2831//4544 2767//4460 2876//4634
f 2873//4629 2767//4460 2831//4544
f 2873//4629 2874//4631 2767//4460
f 2872//4627 2874//4631 2873//4629
f 2872//4627 2869//4620 2874//4631
f 2812//4518 2810//4515 2811//4516
f 2812//4518 2813//4520 2810//4515
f 2827//4539 2813//4520 2812//4518
f 2827//4539 2815//4522 2813//4520
f 2834//4549 2815//4522 2827//4539
f 2715//4355 2515//4049 2673//4309
f 2715//4355 2634//4251 2515//4049
f 2614//4220 2430//3894 2577//4155
f 2614//4220 2333//3705 2430//3894
f 3037//4872 3039//4875 3038//4873
f 3037//4872 3033//4866 3039//4875
f 3042//4884 3033//4866 3037//4872
f 2434//3903 2742//4418 2743//4421
f 2434//3903 2433//3900 2742//4418
f 2433//3900 2741//4416 2742//4418
f 2433//3900 2432//3898 2741//4416
f 2432//3898 2739//4413 2741//4416
f 2432//3898 2431//3896 2739//4413
f 2068//3254 2739//4413 2431//3896
f 2068//3254 2401//3838 2739//4413
f 2533//4090 2475//3980 2476//3983
f 2533//4090 2457//3943 2475//3980
f 2751//4434 1776//2794 1769//2780
f 2751//4434 2750//4432 1776//2794
f 2724//4365 1776//2794 2750//4432
f 2724//4365 1775//2792 1776//2794
f 1758//2760 1775//2792 2724//4365
f 2723//4364 1758//2760 2724//4365
f 2723//4364 1747//2743 1758//2760
f 2771//4466 1747//2743 2723//4364
f 2771//4466 1746//2741 1747//2743
f 2050//3211 1746//2741 2771//4466
f 2050//3211 1857//2901 1746//2741
f 2048//3209 1857//2901 2050//3211
f 2724//4365 2725//4367 2723//4364
f 2724//4365 2773//4468 2725//4367
f 2615//4223 2773//4468 2724//4365
f 2726//4368 2615//4223 2724//4365
f 2726//4368 2571//4143 2615//4223
f 2367//3757 2144//3391 2266//3601
f 2367//3757 2312//3673 2144//3391
f 2335//3709 2694//4332 2337//3713
f 2335//3709 2646//4266 2694//4332
f 2335//3710 2695//4333 2646//4267
f 2335//3710 2764//4453 2695//4333
f 2240//3559 2695//4333 2764//4453
f 2240//3559 2606//4209 2695//4333
f 2241//3561 2606//4209 2240//3559
f 1898//2961 1897//2960 1899//2962
f 1898//2961 1901//2964 1897//2960
f 1909//2980 1901//2964 1898//2961
f 1909//2980 1915//2994 1901//2964
f 1901//2964 1924//3010 1897//2960
f 1901//2964 1934//3029 1924//3010
f 1915//2994 1934//3029 1901//2964
f 1924//3010 1923//3009 1897//2960
f 1924//3010 1925//3011 1923//3009
f 1935//3031 1925//3011 1924//3010
f 1935//3031 1939//3040 1925//3011
f 1924//3010 1933//3027 1935//3031
f 1924//3010 1934//3029 1933//3027
f 1925//3011 1926//3012 1923//3009
f 1925//3011 1921//3006 1926//3012
f 1936//3033 1921//3006 1925//3011
f 1925//3011 1937//3036 1936//3033
f 1925//3011 1939//3040 1937//3036
f 2049//3210 2048//3209 2050//3211
f 2049//3210 2052//3214 2048//3209
f 2052//3214 2030//3186 2048//3209
f 2052//3214 2053//3215 2030//3186
f 1605//2533 1597//2516 1594//2508
f 1605//2533 1598//2518 1597//2516
f 1603//2529 1598//2518 1605//2533
f 1603//2529 1601//2526 1598//2518
f 2356//3740 2354//3736 2357//3743
f 2356//3740 2355//3738 2354//3736
f 2379//3777 2262//3593 2247//3568
f 2379//3777 2263//3594 2262//3593
f 2378//3775 2263//3594 2379//3777
f 2243//3563 2262//3593 2263//3594
f 2243//3563 2245//3566 2262//3593
f 2551//4114 2651//4275 2652//4279
f 2551//4114 2604//4206 2651//4275
f 2549//4111 2604//4206 2551//4114
f 2549//4111 2603//4205 2604//4206
f 2195//3472 2603//4205 2549//4111
f 2195//3472 2233//3548 2603//4205
f 2604//4206 2600//4201 2651//4275
f 2604//4206 2601//4202 2600//4201
f 2603//4205 2601//4202 2604//4206
f 2603//4205 2602//4203 2601//4202
f 2233//3548 2602//4203 2603//4205
f 2233//3548 2368//3760 2602//4203
f 2574//4149 2601//4202 2602//4203
f 2574//4149 2564//4132 2601//4202
f 2563//4131 2564//4132 2574//4149
f 2563//4131 2565//4133 2564//4132
f 2720//4361 2565//4133 2563//4131
f 2720//4361 2693//4331 2565//4133
f 2565//4133 2566//4134 2564//4132
f 2565//4133 2501//4018 2566//4134
f 2693//4331 2501//4018 2565//4133
f 2693//4331 2498//4013 2501//4018
f 2501//4018 2500//4016 2566//4134
f 2501//4018 2495//4009 2500//4016
f 2498//4013 2495//4009 2501//4018
f 2494//4007 2500//4016 2495//4009
f 2494//4007 2507//4027 2500//4016
f 2507//4027 2510//4034 2500//4016
f 2507//4027 2508//4030 2510//4034
f 2601//4202 2566//4134 2600//4201
f 2601//4202 2564//4132 2566//4134
f 3321//5520 3320//5517 3306//5490
f 3321//5520 3302//5479 3320//5517
f 2705//4343 2704//4342 2703//4341
f 2705//4343 2663//4295 2704//4342
f 2526//4079 2663//4295 2705//4343
f 2526//4079 2664//4296 2663//4295
f 2528//4082 2664//4296 2526//4079
f 2528//4082 2722//4363 2664//4296
f 1756//2756 1754//2752 1837//2874
f 1756//2756 1755//2754 1754//2752
f 1786//2808 1755//2754 1756//2756
f 1785//2806 1786//2808 1756//2756
f 1785//2806 1815//2850 1786//2808
f 1814//2848 1815//2850 1785//2806
f 1814//2848 1773//2787 1815//2850
f 1773//2787 1774//2789 1815//2850
f 1773//2787 1767//2775 1774//2789
f 1768//2777 1767//2775 1773//2787
f 1768//2777 1766//2773 1767//2775
f 1766//2773 1765//2771 1767//2775
f 1766//2773 1784//2804 1765//2771
f 1784//2804 1783//2802 1765//2771
f 1784//2804 1762//2765 1783//2802
f 1762//2765 1764//2769 1783//2802
f 1762//2765 1763//2767 1764//2769
f 1761//2763 1763//2767 1762//2765
f 1761//2763 1742//2733 1763//2767
f 1744//2736 1742//2733 1761//2763
f 1744//2736 1743//2735 1742//2733
f 1745//2738 1743//2735 1744//2736
f 1745//2738 1857//2899 1743//2735
f 1856//2898 1743//2735 1857//2899
f 1856//2898 1788//2811 1743//2735
f 1780//2799 1788//2811 1856//2898
f 1780//2799 1853//2892 1788//2811
f 1781//2800 1853//2892 1780//2799
f 1781//2800 1839//2877 1853//2892
f 1797//2820 1839//2877 1781//2800
f 1797//2820 1800//2825 1839//2877
f 1855//2896 1780//2799 1856//2898
f 1855//2896 1782//2801 1780//2799
f 1838//2876 1782//2801 1855//2896
f 1838//2876 1781//2800 1782//2801
f 1798//2822 1781//2800 1838//2876
f 1798//2822 1797//2820 1781//2800
f 1854//2893 1797//2820 1798//2822
f 1838//2876 1854//2893 1798//2822
f 1838//2876 1863//2910 1854//2893
f 1861//2906 1863//2910 1838//2876
f 1838//2876 1862//2908 1861//2906
f 1838//2876 1855//2896 1862//2908
f 2322//3685 2355//3739 2356//3742
f 2322//3685 2323//3687 2355//3739
f 2323//3687 2354//3737 2355//3739
f 2323//3687 2324//3689 2354//3737
f 2325//3691 2354//3737 2324//3689
f 2325//3691 2357//3744 2354//3737
f 1534//2398 1536//2403 1535//2400
f 1534//2398 1537//2406 1536//2403
f 2844//4564 2843//4562 2845//4566
f 2844//4564 2849//4577 2843//4562
f 2341//3717 2165//3425 2166//3427
f 2341//3717 2172//3435 2165//3425
f 2171//3434 2172//3435 2341//3717
f 2171//3434 2161//3420 2172//3435
f 2159//3418 2161//3420 2171//3434
f 2159//3418 2160//3419 2161//3420
f 2158//3417 2160//3419 2159//3418
f 2158//3417 2289//3637 2160//3419
f 2186//3456 2289//3637 2158//3417
f 2186//3456 2288//3636 2289//3637
f 2185//3454 2288//3636 2186//3456
f 2342//3718 2171//3434 2341//3717
f 2342//3718 2159//3418 2171//3434
f 2077//3272 2159//3418 2342//3718
f 2077//3272 2158//3417 2159//3418
f 2078//3273 2158//3417 2077//3272
f 2078//3273 2177//3442 2158//3417
f 2179//3445 2177//3442 2078//3273
f 2179//3445 2178//3443 2177//3442
f 2180//3446 2178//3443 2179//3445
f 2077//3272 2079//3274 2078//3273
f 2077//3272 2169//3431 2079//3274
f 2342//3718 2169//3431 2077//3272
f 2342//3718 2170//3432 2169//3431
f 2341//3717 2170//3432 2342//3718
f 2168//3430 2169//3431 2170//3432
f 2168//3430 2079//3274 2169//3431
f 2115//3335 2079//3274 2168//3430
f 2115//3335 2116//3336 2079//3274
f 2081//3277 2116//3336 2115//3335
f 2081//3277 2082//3279 2116//3336
f 2167//3428 2168//3430 2170//3432
f 2167//3428 2115//3335 2168//3430
f 2081//3277 2115//3335 2167//3428
f 2827//4540 2836//4552 2853//4588
f 2827//4540 2812//4519 2836//4552
f 2812//4519 2816//4523 2836//4552
f 2812//4519 2811//4517 2816//4523
f 2818//4525 2816//4523 2811//4517
f 2818//4525 2817//4524 2816//4523
f 2981//4807 2817//4524 2818//4525
f 2981//4807 2977//4801 2817//4524
f 2982//4808 2977//4801 2981//4807
f 2818//4525 2887//4651 2981//4807
f 2818//4525 2881//4641 2887//4651
f 2811//4517 2881//4641 2818//4525
f 2887//4651 2982//4808 2981//4807
f 2887//4651 2889//4654 2982//4808
f 2888//4652 2889//4654 2887//4651
f 2887//4651 2886//4649 2888//4652
f 2887//4651 2885//4647 2886//4649
f 2808//4513 2885//4647 2887//4651
f 2808//4513 2824//4534 2885//4647
f 2825//4536 2824//4534 2808//4513
f 2825//4536 2835//4551 2824//4534
f 2779//4480 2835//4551 2825//4536
f 2779//4480 2348//3729 2835//4551
f 2346//3726 2835//4551 2348//3729
f 2346//3726 2980//4806 2835//4551
f 2193//3466 2980//4806 2346//3726
f 2193//3466 2191//3463 2980//4806
f 2882//4643 2835//4551 2980//4806
f 2882//4643 2824//4534 2835//4551
f 2980//4806 2907//4676 2882//4643
f 2980//4806 2909//4679 2907//4676
f 2191//3463 2909//4679 2980//4806
f 2191//3463 2568//4138 2909//4679
f 2908//4678 2909//4679 2568//4138
f 2908//4678 2907//4676 2909//4679
f 2983//4810 2907//4676 2908//4678
f 2922//4697 2908//4678 2568//4138
f 2922//4697 2983//4810 2908//4678
f 2910//4680 2983//4810 2922//4697
f 2776//4476 2922//4697 2568//4138
f 2776//4476 2775//4474 2922//4697
f 2570//4141 2922//4697 2775//4474
f 2570//4141 2911//4682 2922//4697
f 2571//4145 2911//4682 2570//4141
f 2911//4682 2910//4680 2922//4697
f 2911//4682 2894//4661 2910//4680
f 2894//4661 2972//4792 2910//4680
f 2894//4661 2975//4798 2972//4792
f 2971//4790 2975//4798 2894//4661
f 2971//4790 2970//4789 2975//4798
f 2897//4665 2970//4789 2971//4790
f 2897//4665 2912//4684 2970//4789
f 2970//4789 2978//4803 2975//4798
f 2970//4789 2904//4673 2978//4803
f 2912//4684 2904//4673 2970//4789
f 2978//4803 2979//4804 2975//4798
f 2978//4803 2977//4801 2979//4804
f 2904//4673 2977//4801 2978//4803
f 2904//4673 2902//4671 2977//4801
f 2976//4799 2975//4798 2979//4804
f 2976//4799 2974//4796 2975//4798
f 2973//4794 2975//4798 2974//4796
f 2973//4794 2972//4792 2975//4798
f 2185//3454 2177//3442 2178//3443
f 2185//3454 2186//3456 2177//3442
f 2287//3632 2289//3637 2288//3636
f 2287//3632 2290//3638 2289//3637
f 2290//3638 2160//3419 2289//3637
f 2290//3638 2291//3640 2160//3419
f 2292//3643 2160//3419 2291//3640
f 2292//3643 2161//3420 2160//3419
f 2172//3435 2161//3420 2292//3643
f 2179//3445 2183//3451 2180//3446
f 2179//3445 2184//3453 2183//3451
f 2080//3275 2184//3453 2179//3445
f 2080//3275 2116//3336 2184//3453
f 2079//3274 2116//3336 2080//3275
f 2184//3453 2089//3290 2183//3451
f 2184//3453 2181//3449 2089//3290
f 2116//3336 2181//3449 2184//3453
f 2116//3336 2082//3279 2181//3449
f 2078//3273 2080//3275 2179//3445
f 2078//3273 2079//3274 2080//3275
f 2595//4192 2673//4308 2674//4311
f 2595//4192 2594//4189 2673//4308
f 2143//3384 2142//3381 2141//3378
f 2143//3384 2144//3388 2142//3381
f 2702//4340 2701//4339 2700//4338
f 2702//4340 2531//4085 2701//4339
f 2530//4084 2531//4085 2702//4340
f 2530//4084 2529//4083 2531//4085
f 2667//4301 2529//4083 2530//4084
f 2667//4301 2665//4298 2529//4083
f 2972//4793 2983//4811 2910//4681
f 2972//4793 2973//4795 2983//4811
f 3102//4971 2983//4811 2973//4795
f 3102//4971 2907//4677 2983//4811
f 3101//4970 2907//4677 3102//4971
f 3101//4970 3100//4969 2907//4677
f 2982//4809 3100//4969 3101//4970
f 2982//4809 2889//4655 3100//4969
f 3101//4970 2977//4802 2982//4809
f 3101//4970 2979//4805 2977//4802
f 3102//4971 2979//4805 3101//4970
f 3102//4971 2976//4800 2979//4805
f 2974//4797 2976//4800 3102//4971
f 2443//3925 2374//3771 2369//3764
f 2443//3925 2719//4360 2374//3771
f 2444//3926 2719//4360 2443//3925
f 2444//3926 2540//4097 2719//4360
f 2657//4287 2540//4097 2444//3926
f 2657//4287 2542//4100 2540//4097
f 2541//4098 2540//4097 2542//4100
f 2541//4098 2719//4360 2540//4097
f 2373//3769 2719//4360 2541//4098
f 2373//3769 2374//3771 2719//4360
f 3299//5471 3279//5428 3297//5465
f 3299//5471 3278//5425 3279//5428
f 3100//4969 2882//4644 2907//4677
f 3100//4969 2886//4650 2882//4644
f 2888//4653 2886//4650 3100//4969
f 2885//4648 2882//4644 2886//4650
f 2885//4648 2824//4535 2882//4644
f 2389//3797 2119//3340 2388//3792
f 2389//3797 2237//3555 2119//3340
f 2387//3788 2237//3555 2389//3797
f 2387//3788 2302//3657 2237//3555
f 2386//3784 2302//3657 2387//3788
f 2386//3784 2385//3783 2302//3657
f 2259//3589 2385//3783 2386//3784
f 2331//3698 2259//3589 2386//3784
f 2331//3698 2258//3587 2259//3589
f 2363//3751 2258//3587 2331//3698
f 2331//3698 2256//3584 2363//3751
f 2331//3698 2109//3329 2256//3584
f 2071//3261 2109//3329 2331//3698
f 2071//3261 2091//3295 2109//3329
f 2073//3267 2091//3295 2071//3261
f 2109//3329 2108//3328 2256//3584
f 2109//3329 2092//3297 2108//3328
f 2091//3295 2092//3297 2109//3329
f 2108//3328 2210//3501 2256//3584
f 2108//3328 2211//3503 2210//3501
f 2110//3330 2211//3503 2108//3328
f 2110//3330 2216//3513 2211//3503
f 2108//3328 2095//3301 2110//3330
f 2108//3328 2092//3297 2095//3301
f 2071//3261 2072//3262 2073//3267
f 2071//3261 2070//3257 2072//3262
f 2398//3828 2070//3257 2071//3261
f 2331//3698 2398//3828 2071//3261
f 2331//3698 2386//3784 2398//3828
f 2098//3304 2099//3305 2100//3307
f 2098//3304 2097//3303 2099//3305
f 2277//3614 2097//3303 2098//3304
f 2277//3614 2275//3612 2097//3303
f 2097//3303 2268//3604 2099//3305
f 2097//3303 2267//3603 2268//3604
f 2275//3612 2267//3603 2097//3303
f 2275//3612 2276//3613 2267//3603
f 2267//3603 2407//3848 2268//3604
f 2267//3603 2406//3846 2407//3848
f 2405//3844 2406//3846 2267//3603
f 2276//3613 2405//3844 2267//3603
f 2276//3613 2404//3843 2405//3844
f 2404//3843 2403//3841 2405//3844
f 2404//3843 2402//3839 2403//3841
f 2278//3615 2277//3614 2098//3304
f 2278//3615 2336//3711 2277//3614
f 2335//3707 2336//3711 2278//3615
f 2335//3707 2337//3712 2336//3711
f 2943//4738 2965//4782 2944//4740
f 2943//4738 2963//4779 2965//4782
f 2964//4781 2965//4782 2963//4779
f 2964//4781 2766//4457 2965//4782
f 2577//4154 2613//4218 2614//4221
f 2577//4154 2533//4089 2613//4218
f 2533//4089 2473//3975 2613//4218
f 2533//4089 2476//3984 2473//3975
f 2299//3653 2352//3733 2353//3734
f 2299//3653 2351//3732 2352//3733
f 1770//2784 2906//4675 1769//2781
f 1770//2784 2487//3997 2906//4675
f 1875//2930 1874//2929 1873//2927
f 1875//2930 1877//2934 1874//2929
f 1876//2933 1874//2929 1877//2934
f 1876//2933 1887//2947 1874//2929
f 1864//2912 1887//2947 1876//2933
f 1876//2933 1867//2916 1864//2912
f 1876//2933 1877//2934 1867//2916
f 2636//4256 2744//4423 2743//4420
f 2636//4256 2637//4257 2744//4423
f 2467//3963 2637//4257 2636//4256
f 2467//3963 2482//3990 2637//4257
f 2469//3966 2482//3990 2467//3963
f 2469//3966 2483//3991 2482//3990
f 2637//4257 2745//4425 2744//4423
f 2637//4257 2638//4258 2745//4425
f 2482//3990 2638//4258 2637//4257
f 2482//3990 2480//3988 2638//4258
f 2481//3989 2480//3988 2482//3990
f 2481//3989 2640//4260 2480//3988
f 2647//4268 2640//4260 2481//3989
f 2647//4268 2641//4261 2640//4260
f 2648//4269 2641//4261 2647//4268
f 2648//4269 2576//4153 2641//4261
f 2638//4258 2746//4427 2745//4425
f 2638//4258 2639//4259 2746//4427
f 2480//3988 2639//4259 2638//4258
f 2480//3988 2640//4260 2639//4259
f 2639//4259 2427//3886 2746//4427
f 2639//4259 2642//4262 2427//3886
f 2640//4260 2642//4262 2639//4259
f 2640//4260 2641//4261 2642//4262
f 2642//4262 2426//3883 2427//3886
f 2642//4262 2578//4157 2426//3883
f 2576//4153 2578//4157 2642//4262
f 2871//4624 2872//4626 2873//4628
f 2871//4624 2870//4622 2872//4626
f 2870//4622 2869//4619 2872//4626
f 2870//4622 2868//4617 2869//4619
f 2667//4300 2666//4299 2665//4297
f 2667//4300 2668//4302 2666//4299
f 2668//4302 2621//4232 2666//4299
f 2668//4302 2706//4344 2621//4232
f 2708//4346 2621//4232 2706//4344
f 2708//4346 2707//4345 2621//4232
f 2677//4314 2707//4345 2708//4346
f 2677//4314 2748//4430 2707//4345
f 2678//4315 2748//4430 2677//4314
f 2678//4315 2669//4303 2748//4430
f 2680//4317 2669//4303 2678//4315
f 2680//4317 2690//4327 2669//4303
f 2689//4326 2690//4327 2680//4317
f 2689//4326 2671//4305 2690//4327
f 2676//4313 2671//4305 2689//4326
f 2676//4313 2675//4312 2671//4305
f 2671//4305 2669//4303 2690//4327
f 2671//4305 2670//4304 2669//4303
f 2675//4312 2670//4304 2671//4305
f 2675//4312 2525//4077 2670//4304
f 2691//4329 2525//4077 2675//4312
f 2675//4312 2747//4429 2691//4329
f 2675//4312 2688//4325 2747//4429
f 2676//4313 2688//4325 2675//4312
f 2676//4313 2689//4326 2688//4325
f 2747//4429 2713//4352 2691//4329
f 2747//4429 2687//4324 2713//4352
f 2688//4325 2687//4324 2747//4429
f 2688//4325 2686//4323 2687//4324
f 2689//4326 2686//4323 2688//4325
f 2689//4326 2679//4316 2686//4323
f 2680//4317 2679//4316 2689//4326
f 2680//4317 2678//4315 2679//4316
f 2686//4323 2685//4322 2687//4324
f 2686//4323 2682//4319 2685//4322
f 2679//4316 2682//4319 2686//4323
f 2679//4316 2681//4318 2682//4319
f 2677//4314 2681//4318 2679//4316
f 2677//4314 2708//4346 2681//4318
f 2682//4319 2684//4321 2685//4322
f 2682//4319 2683//4320 2684//4321
f 2681//4318 2683//4320 2682//4319
f 2681//4318 2708//4346 2683//4320
f 2709//4347 2683//4320 2708//4346
f 2709//4347 2756//4440 2683//4320
f 2710//4348 2756//4440 2709//4347
f 2709//4347 2706//4344 2710//4348
f 2709//4347 2708//4346 2706//4344
f 1993//3140 1994//3141 2770//4464
f 1993//3140 1992//3139 1994//3141
f 2008//3160 1992//3139 1993//3140
f 2008//3160 2009//3161 1992//3139
f 2003//3155 2009//3161 2008//3160
f 2003//3155 2004//3156 2009//3161
f 2005//3157 2004//3156 2003//3155
f 2005//3157 2006//3158 2004//3156
f 2013//3165 2006//3158 2005//3157
f 2013//3165 2012//3164 2006//3158
f 2011//3163 2012//3164 2013//3165
f 2011//3163 2010//3162 2012//3164
f 2022//3178 2010//3162 2011//3163
f 2022//3178 2020//3176 2010//3162
f 2712//4351 2713//4352 2687//4324
f 2712//4351 2714//4353 2713//4352
f 2865//4614 2862//4608 2860//4604
f 2865//4614 2868//4618 2862//4608
f 2868//4618 2879//4637 2862//4608
f 2868//4618 2870//4623 2879//4637
f 2870//4623 2880//4639 2879//4637
f 2870//4623 2871//4625 2880//4639
f 2871//4625 2832//4547 2880//4639
f 2871//4625 2873//4630 2832//4547
f 3175//5243 3177//5246 3176//5245
f 3175//5243 3178//5247 3177//5246
f 3186//5266 3175//5243 3176//5245
f 3186//5266 3180//5252 3175//5243
f 3182//5257 3180//5252 3186//5266
f 3181//5253 3182//5257 3186//5266
f 3181//5253 3183//5259 3182//5257
f 3184//5261 3183//5259 3181//5253
f 3184//5261 3185//5265 3183//5259
f 3185//5265 3179//5250 3183//5259
f 3185//5265 3178//5247 3179//5250
f 3177//5246 3178//5247 3185//5265
f 1723//2699 1709//2684 1627//2566
f 1723//2699 1708//2682 1709//2684
f 1722//2698 1708//2682 1723//2699
f 1722//2698 1707//2681 1708//2682
f 1721//2697 1707//2681 1722//2698
f 1721//2697 1706//2680 1707//2681
f 1705//2679 1706//2680 1721//2697
f 1705//2679 1684//2654 1706//2680
f 1644//2596 1684//2654 1705//2679
f 1644//2596 1683//2652 1684//2654
f 1643//2593 1683//2652 1644//2596
f 1657//2616 1723//2699 1627//2566
f 1657//2616 1722//2698 1723//2699
f 1721//2697 1722//2698 1657//2616
f 1686//2658 1721//2697 1657//2616
f 1686//2658 1720//2696 1721//2697
f 1645//2598 1720//2696 1686//2658
f 1645//2598 1640//2588 1720//2696
f 1720//2696 1705//2679 1721//2697
f 1720//2696 1704//2678 1705//2679
f 1719//2695 1704//2678 1720//2696
f 1719//2695 1700//2674 1704//2678
f 1718//2694 1700//2674 1719//2695
f 1718//2694 1702//2676 1700//2674
f 1717//2693 1702//2676 1718//2694
f 1717//2693 1716//2692 1702//2676
f 1656//2614 1716//2692 1717//2693
f 1656//2614 1635//2579 1716//2692
f 1704//2678 1644//2596 1705//2679
f 1704//2678 1642//2592 1644//2596
f 1700//2674 1642//2592 1704//2678
f 1700//2674 1701//2675 1642//2592
f 1702//2676 1701//2675 1700//2674
f 1702//2676 1703//2677 1701//2675
f 1698//2672 1703//2677 1702//2676
f 1698//2672 1648//2602 1703//2677
f 1632//2573 1648//2602 1698//2672
f 1632//2573 1647//2600 1648//2602
f 1631//2571 1647//2600 1632//2573
f 1642//2592 1643//2593 1644//2596
f 1642//2592 1641//2589 1643//2593
f 1650//2605 1641//2589 1642//2592
f 1650//2605 1649//2603 1641//2589
f 1648//2602 1649//2603 1650//2605
f 1648//2602 1647//2600 1649//2603
f 1650//2605 1703//2677 1648//2602
f 1650//2605 1701//2675 1703//2677
f 1642//2592 1701//2675 1650//2605
f 1640//2588 1719//2695 1720//2696
f 1640//2588 1639//2586 1719//2695
f 1639//2586 1718//2694 1719//2695
f 1639//2586 1717//2693 1718//2694
f 1656//2614 1717//2693 1639//2586
f 1685//2655 1684//2654 1683//2652
f 1685//2655 1625//2562 1684//2654
f 1623//2559 1625//2562 1685//2655
f 1623//2559 1624//2561 1625//2562
f 1622//2557 1624//2561 1623//2559
f 1622//2557 1651//2606 1624//2561
f 1625//2562 1706//2680 1684//2654
f 1625//2562 1707//2681 1706//2680
f 1624//2561 1707//2681 1625//2562
f 1624//2561 1708//2682 1707//2681
f 1651//2606 1708//2682 1624//2561
f 1651//2606 1732//2714 1708//2682
f 1731//2713 1708//2682 1732//2714
f 1731//2713 1709//2684 1708//2682
f 1633//2575 1716//2692 1635//2579
f 1633//2575 1715//2691 1716//2692
f 1615//2546 1715//2691 1633//2575
f 1615//2546 1713//2689 1715//2691
f 1714//2690 1713//2689 1615//2546
f 1714//2690 1692//2666 1713//2689
f 1694//2668 1692//2666 1714//2690
f 1694//2668 1693//2667 1692//2666
f 1695//2669 1693//2667 1694//2668
f 1695//2669 1621//2556 1693//2667
f 1619//2553 1621//2556 1695//2669
f 1619//2553 1620//2554 1621//2556
f 1696//2670 1693//2667 1621//2556
f 1696//2670 1692//2666 1693//2667
f 1697//2671 1692//2666 1696//2670
f 1697//2671 1713//2689 1692//2666
f 1715//2691 1713//2689 1697//2671
f 1697//2671 1699//2673 1715//2691
f 1697//2671 1698//2672 1699//2673
f 1696//2670 1698//2672 1697//2671
f 1696//2670 1630//2570 1698//2672
f 1621//2556 1630//2570 1696//2670
f 1621//2556 1629//2569 1630//2570
f 1620//2554 1629//2569 1621//2556
f 1630//2570 1632//2573 1698//2672
f 1630//2570 1631//2571 1632//2573
f 1629//2569 1631//2571 1630//2570
f 1699//2673 1716//2692 1715//2691
f 1699//2673 1702//2676 1716//2692
f 1698//2672 1702//2676 1699//2673
f 1619//2553 1618//2551 1620//2554
f 1619//2553 1729//2709 1618//2551
f 1695//2669 1729//2709 1619//2553
f 1695//2669 1694//2668 1729//2709
f 1714//2690 1729//2709 1694//2668
f 1714//2690 1617//2550 1729//2709
f 1615//2546 1617//2550 1714//2690
f 1804//2831 1840//2878 1803//2829
f 1804//2831 1801//2827 1840//2878
f 1792//2815 1801//2827 1804//2831
f 1792//2815 1790//2813 1801//2827
f 1783//2803 1790//2813 1792//2815
f 1783//2803 1764//2770 1790//2813
f 1792//2815 1765//2772 1783//2803
f 1792//2815 1791//2814 1765//2772
f 1804//2831 1791//2814 1792//2815
f 1804//2831 1806//2834 1791//2814
f 1805//2832 1806//2834 1804//2831
f 1805//2832 1810//2842 1806//2834
f 1809//2839 1810//2842 1805//2832
f 1809//2839 1818//2854 1810//2842
f 1819//2855 1818//2854 1809//2839
f 1819//2855 1807//2835 1818//2854
f 1808//2836 1807//2835 1819//2855
f 1808//2836 1795//2818 1807//2835
f 1791//2814 1767//2776 1765//2772
f 1791//2814 1793//2816 1767//2776
f 1806//2834 1793//2816 1791//2814
f 1806//2834 1794//2817 1793//2816
f 1810//2842 1794//2817 1806//2834
f 1810//2842 1818//2854 1794//2817
f 1794//2817 1767//2776 1793//2816
f 1794//2817 1774//2790 1767//2776
f 1817//2853 1774//2790 1794//2817
f 1817//2853 1815//2851 1774//2790
f 1816//2852 1815//2851 1817//2853
f 1816//2852 1786//2809 1815//2851
f 1755//2755 1786//2809 1816//2852
f 1817//2853 1807//2835 1816//2852
f 1817//2853 1818//2854 1807//2835
f 1794//2817 1818//2854 1817//2853
f 1796//2819 1816//2852 1807//2835
f 1796//2819 1852//2891 1816//2852
f 1754//2753 1852//2891 1796//2819
f 1754//2753 1755//2755 1852//2891
f 1796//2819 1795//2818 1754//2753
f 1796//2819 1807//2835 1795//2818
f 1763//2768 1790//2813 1764//2770
f 1763//2768 1789//2812 1790//2813
f 1742//2734 1789//2812 1763//2768
f 1742//2734 1787//2810 1789//2812
f 1743//2735 1787//2810 1742//2734
f 1743//2735 1788//2811 1787//2810
f 1789//2812 1802//2828 1790//2813
f 1789//2812 1858//2902 1802//2828
f 1787//2810 1858//2902 1789//2812
f 1787//2810 1853//2892 1858//2902
f 1788//2811 1853//2892 1787//2810
f 1802//2828 1801//2827 1790//2813
f 1802//2828 1800//2825 1801//2827
f 1858//2902 1800//2825 1802//2828
f 1858//2902 1839//2877 1800//2825
f 1853//2892 1839//2877 1858//2902
f 1799//2823 1801//2827 1800//2825
f 1799//2823 1840//2878 1801//2827
f 1602//2528 1608//2537 1606//2535
f 1602//2528 1611//2540 1608//2537
f 1604//2532 1611//2540 1602//2528
f 1604//2532 1607//2536 1611//2540
f 1603//2530 1607//2536 1604//2532
f 1603//2530 1609//2538 1607//2536
f 1610//2539 1609//2538 1603//2530
f 1603//2530 1612//2541 1610//2539
f 1603//2530 1605//2534 1612//2541
f 1605//2534 1613//2542 1612//2541
f 1605//2534 1606//2535 1613//2542
f 1602//2528 1606//2535 1605//2534
f 1777//2795 1776//2793 1775//2791
f 1777//2795 1778//2796 1776//2793
f 1831//2868 1778//2796 1777//2795
f 1831//2868 1830//2867 1778//2796
f 1829//2866 1830//2867 1831//2868
f 1829//2866 1828//2865 1830//2867
f 1846//2885 1828//2865 1829//2866
f 1846//2885 1847//2886 1828//2865
f 1766//2774 1847//2886 1846//2885
f 1766//2774 1768//2778 1847//2886
f 1778//2796 1769//2779 1776//2793
f 1778//2796 1771//2785 1769//2779
f 1830//2867 1771//2785 1778//2796
f 1830//2867 1828//2865 1771//2785
f 1828//2865 1832//2869 1771//2785
f 1828//2865 1847//2886 1832//2869
f 1847//2886 1848//2887 1832//2869
f 1847//2886 1768//2778 1848//2887
f 1833//2870 1832//2869 1848//2887
f 1833//2870 1772//2786 1832//2869
f 1813//2847 1772//2786 1833//2870
f 1813//2847 1811//2843 1772//2786
f 1812//2845 1811//2843 1813//2847
f 1813//2847 1753//2751 1812//2845
f 1813//2847 1834//2871 1753//2751
f 1833//2870 1834//2871 1813//2847
f 1833//2870 1849//2888 1834//2871
f 1848//2887 1849//2888 1833//2870
f 1848//2887 1814//2849 1849//2888
f 1773//2788 1814//2849 1848//2887
f 1835//2872 1834//2871 1849//2888
f 1835//2872 1753//2751 1834//2871
f 1751//2748 1753//2751 1835//2872
f 1751//2748 1752//2749 1753//2751
f 1750//2746 1752//2749 1751//2748
f 1751//2748 1779//2797 1750//2746
f 1751//2748 1836//2873 1779//2797
f 1835//2872 1836//2873 1751//2748
f 1835//2872 1850//2889 1836//2873
f 1849//2888 1850//2889 1835//2872
f 1849//2888 1785//2807 1850//2889
f 1814//2849 1785//2807 1849//2888
f 1851//2890 1850//2889 1785//2807
f 1851//2890 1836//2873 1850//2889
f 1837//2875 1836//2873 1851//2890
f 1837//2875 1859//2903 1836//2873
f 1851//2890 1756//2757 1837//2875
f 1851//2890 1785//2807 1756//2757
f 1772//2786 1771//2785 1832//2869
f 1772//2786 1770//2782 1771//2785
f 1811//2843 1770//2782 1772//2786
f 1860//2904 1836//2873 1859//2903
f 1860//2904 1779//2797 1836//2873
f 2445//3927 2444//3926 2443//3925
f 2445//3927 2650//4273 2444//3926
f 2552//4115 2650//4273 2445//3927
f 2552//4115 2655//4284 2650//4273
f 2652//4278 2655//4284 2552//4115
f 2552//4115 2551//4113 2652//4278
f 2552//4115 2550//4112 2551//4113
f 2445//3927 2550//4112 2552//4115
f 2445//3927 2194//3468 2550//4112
f 2282//3623 2194//3468 2445//3927
f 2550//4112 2549//4110 2551//4113
f 2550//4112 2195//3471 2549//4110
f 2194//3468 2195//3471 2550//4112
f 2369//3763 2445//3927 2443//3925
f 2369//3763 2282//3623 2445//3927
f 2650//4273 2657//4287 2444//3926
f 2650//4273 2656//4286 2657//4287
f 2655//4284 2656//4286 2650//4273
f 1587//2500 1583//2494 1588//2501
f 1587//2500 1584//2496 1583//2494
f 1591//2504 1584//2496 1587//2500
f 1591//2504 1582//2492 1584//2496
f 1589//2502 1582//2492 1591//2504
f 1589//2502 1586//2499 1582//2492
f 1583//2494 1590//2503 1588//2501
f 1583//2494 1592//2505 1590//2503
f 1585//2498 1592//2505 1583//2494
f 1585//2498 1593//2506 1592//2505
f 1586//2499 1593//2506 1585//2498
f 1843//2882 1744//2737 1761//2764
f 1843//2882 1841//2880 1744//2737
f 1826//2863 1841//2880 1843//2882
f 1826//2863 1820//2857 1841//2880
f 1824//2861 1820//2857 1826//2863
f 1824//2861 1822//2859 1820//2857
f 1749//2745 1822//2859 1824//2861
f 1749//2745 1823//2860 1822//2859
f 1748//2744 1823//2860 1749//2745
f 1748//2744 1857//2900 1823//2860
f 1746//2740 1857//2900 1748//2744
f 1820//2857 1842//2881 1841//2880
f 1820//2857 1821//2858 1842//2881
f 1822//2859 1821//2858 1820//2857
f 1822//2859 1823//2860 1821//2858
f 1857//2900 1821//2858 1823//2860
f 1857//2900 1842//2881 1821//2858
f 1745//2739 1842//2881 1857//2900
f 1745//2739 1744//2737 1842//2881
f 1748//2744 1747//2742 1746//2740
f 1748//2744 1749//2745 1747//2742
f 1749//2745 1757//2758 1747//2742
f 1749//2745 1759//2761 1757//2758
f 1824//2861 1759//2761 1749//2745
f 1824//2861 1825//2862 1759//2761
f 1826//2863 1825//2862 1824//2861
f 1826//2863 1827//2864 1825//2862
f 1843//2882 1827//2864 1826//2863
f 1843//2882 1844//2883 1827//2864
f 1761//2764 1844//2883 1843//2882
f 1761//2764 1762//2766 1844//2883
f 1759//2761 1758//2759 1757//2758
f 1759//2761 1760//2762 1758//2759
f 1825//2862 1760//2762 1759//2761
f 1825//2862 1777//2795 1760//2762
f 1831//2868 1777//2795 1825//2862
f 1775//2791 1760//2762 1777//2795
f 1775//2791 1758//2759 1760//2762
f 1784//2805 1844//2883 1762//2766
f 1784//2805 1845//2884 1844//2883
f 1766//2774 1845//2884 1784//2805
f 1766//2774 1846//2885 1845//2884
f 1829//2866 1845//2884 1846//2885
f 1829//2866 1844//2883 1845//2884
f 1827//2864 1844//2883 1829//2866
f 1829//2866 1825//2862 1827//2864
f 1829//2866 1831//2868 1825//2862
f 1881//2939 1872//2925 1871//2923
f 1881//2939 1882//2940 1872//2925
f 1888//2948 1882//2940 1881//2939
f 1888//2948 1884//2944 1882//2940
f 1885//2945 1884//2944 1888//2948
f 1885//2945 1875//2931 1884//2944
f 1886//2946 1875//2931 1885//2945
f 1886//2946 1877//2935 1875//2931
f 1879//2937 1877//2935 1886//2946
f 1879//2937 1867//2917 1877//2935
f 1878//2936 1867//2917 1879//2937
f 1878//2936 1866//2915 1867//2917
f 1888//2948 1886//2946 1885//2945
f 1888//2948 1879//2937 1886//2946
f 1878//2936 1879//2937 1888//2948
f 1880//2938 1878//2936 1888//2948
f 1880//2938 1866//2915 1878//2936
f 1869//2920 1866//2915 1880//2938
f 1881//2939 1880//2938 1888//2948
f 1881//2939 1869//2920 1880//2938
f 1871//2923 1869//2920 1881//2939
f 1545//2425 1552//2432 1546//2426
f 1545//2425 1553//2433 1552//2432
f 1543//2421 1553//2433 1545//2425
f 1543//2421 1550//2430 1553//2433
f 1549//2429 1550//2430 1543//2421
f 1543//2421 1547//2427 1549//2429
f 1543//2421 1544//2423 1547//2427
f 1544//2423 1551//2431 1547//2427
f 1544//2423 1542//2419 1551//2431
f 1542//2419 1548//2428 1551//2431
f 1542//2419 1546//2426 1548//2428
f 1545//2425 1546//2426 1542//2419
f 2021//3177 2019//3174 2023//3179
f 2030//3186 2053//3215 2029//3185
f 2055//3219 2056//3223 2054//3216
f 1909//2981 2068//3251 1915//2995
f 2087//3285 2086//3284 2085//3282
f 2142//3382 2145//3393 2141//3379
f 2200//3481 2198//3475 2199//3477
f 2219//3522 2217//3515 2224//3534
f 2189//3459 2197//3474 2229//3543
f 2173//3437 2174//3439 2232//3546
f 2259//3588 2258//3586 2257//3585
f 2112//3332 2100//3308 2099//3306
f 2205//3491 2202//3486 2274//3611
f 2244//3565 2096//3302 2094//3299
f 2158//3417 2177//3442 2186//3456
f 2172//3435 2292//3643 2165//3425
f 2308//3666 2329//3695 2307//3665
f 2142//3383 2086//3284 2145//3395
f 2144//3390 2312//3672 2214//3510
f 2219//3523 2208//3498 2206//3494
f 2397//3824 2073//3268 2072//3263
f 2403//3841 2402//3839 2401//3835
f 2205//3490 2055//3221 2054//3217
f 2375//3772 2371//3766 2170//3433
f 2183//3452 2089//3291 2014//3167
f 2068//3253 1934//3030 1915//2996
f 2481//3989 2482//3990 2483//3991
f 2520//4064 2512//4038 2513//4041
f 2527//4080 2528//4081 2526//4078
f 2458//3947 2557//4123 2560//4127
f 2590//4178 2591//4181 2596//4193
f 1855//2897 2599//4199 1862//2909
f 2576//4153 2642//4262 2641//4261
f 2648//4270 2470//3968 2576//4152
f 1999//3149 2283//3626 2459//3951
f 2596//4195 2598//4198 2662//4294
f 2679//4316 2678//4315 2677//4314
f 2333//3704 2573//4148 2199//3480
f 2694//4332 2646//4266 2645//4265
f 2200//3482 2602//4203 2368//3760
f 2574//4150 2602//4204 2200//3483
f 2543//4103 2453//3936 2718//4359
f 2333//3705 2060//3234 2430//3894
f 2728//4371 2692//4330 2737//4406
f 2743//4419 2635//4254 2636//4255
f 2748//4430 2621//4232 2707//4345
f 2493//4005 2660//4291 2492//4003
f 2606//4209 2696//4334 2753//4437
f 2458//3948 2559//4126 2044//3203
f 2266//3602 2144//3392 2143//3386
f 2634//4252 2513//4043 2515//4050
f 2141//3380 2145//3396 2143//3387
f 2520//4067 2514//4046 2512//4039
f 1673//2636 2296//3649 1670//2631
f 2074//3269 2075//3270 2370//3765
f 2691//4329 2713//4352 2714//4353
f 1738//2725 2761//4446 1740//2729
f 2300//3654 2765//4454 2302//3658
f 2729//4375 2760//4445 2630//4243
f 2235//3550 2767//4458 2234//3549
f 2782//4484 1641//2590 1649//2604
f 1669//2629 1710//2685 1654//2610
f 1729//2710 1616//2548 1727//2705
f 1771//2785 1770//2782 1769//2779
f 1782//2801 1781//2800 1780//2799
f 1805//2832 1804//2831 1803//2829
f 1842//2881 1744//2737 1841//2880
f 1773//2788 1848//2887 1768//2778
f 1755//2755 1816//2852 1852//2891
f 1753//2751 1752//2749 1812//2845
f 2823//4531 2822//4529 2821//4528
f 1641//2591 2782//4485 2819//4526
f 2774//4472 2779//4480 2825//4536
f 2851//4582 2849//4576 2850//4578
f 2874//4631 2869//4620 2875//4632
f 2831//4545 2832//4547 2873//4630
f 2843//4562 2849//4577 2851//4583
f 2810//4515 2813//4520 2820//4527
f 2881//4641 2808//4513 2887//4651
f 2917//4690 2627//4240 2768//4462
f 2932//4714 2931//4710 2930//4708
f 2948//4747 2952//4755 2953//4756
f 2934//4719 2938//4730 2936//4722
f 2893//4659 2911//4683 2571//4144
f 2893//4659 2891//4657 2905//4674
f 2902//4671 2817//4524 2977//4801
f 2878//4636 2967//4784 2877//4635
f 2294//3646 3082//4941 3096//4965
f 3339//5566 2822//4530 2823//4532
f 3344//5580 3349//5594 3347//5588
f 3357//5616 3341//5571 3356//5614
f 3358//5619 3355//5612 3362//5631
f 3360//5627 3362//5632 3361//5629
f 3363//5634 3355//5612 2948//4748
f 3129//5048 3128//5042 3127//5036
f 3128//5043 3129//5049 3130//5051
f 3130//5052 3131//5054 3128//5044
f 3131//5055 3130//5053 3132//5060
f 3132//5061 3133//5063 3131//5056
f 3133//5064 3132//5062 3134//5069
f 3134//5070 3135//5072 3133//5065
f 3135//5073 3134//5071 3136//5078
f 3141//5095 3140//5089 3139//5083
f 3142//5098 3140//5090 3141//5096
f 3142//5099 3143//5101 3140//5091
f 3144//5107 3143//5102 3142//5100
f 3144//5108 3145//5110 3143//5103
f 3147//5122 3146//5116 3145//5111
f 3149//5131 3148//5125 3146//5117
f 3148//5126 3149//5132 3150//5134
f 3150//5135 3151//5137 3148//5127
f 3151//5138 3150//5136 3152//5143
f 3152//5144 3127//5037 3151//5139
f 3129//5050 3127//5038 3152//5145
f 3155//5158 3154//5152 3153//5146
f 3156//5161 3154//5153 3155//5159
f 3158//5170 3153//5147 3157//5164
f 3155//5160 3153//5148 3158//5171
f 3160//5179 3157//5165 3159//5173
f 3158//5172 3157//5166 3160//5180
f 3162//5186 3159//5174 3161//5182
f 3160//5181 3159//5175 3162//5187
f 3164//5195 3139//5084 3163//5189
f 3139//5085 3164//5196 3141//5097
f 3166//5204 3163//5190 3165//5198
f 3163//5191 3166//5205 3164//5197
f 3168//5213 3165//5199 3167//5207
f 3165//5200 3168//5214 3166//5206
f 3170//5222 3167//5208 3169//5216
f 3170//5223 3168//5215 3167//5209
f 3172//5231 3169//5217 3171//5225
f 3170//5224 3169//5218 3172//5232
f 3174//5240 3171//5226 3173//5234
f 3172//5233 3171//5227 3174//5241
f 3156//5162 3173//5235 3154//5154
f 3173//5236 3156//5163 3174//5242
f 3149//5133 3146//5118 3147//5123
f 3147//5124 3145//5112 3144//5109
f 3128//5045 2731//4382 3127//5039
f 2731//4383 3128//5046 2730//4378
f 3131//5057 2730//4379 3128//5047
f 2730//4380 3131//5058 2732//4387
f 3133//5066 2732//4388 3131//5059
f 2732//4389 3133//5067 2733//4391
f 3135//5075 2733//4392 3133//5068
f 2733//4393 3135//5076 2734//4396
f 3140//5092 2396//3821 3139//5086
f 3140//5093 2735//4399 2396//3822
f 3143//5104 2735//4400 3140//5094
f 3143//5105 2736//4403 2735//4401
f 3145//5113 2736//4404 3143//5106
f 3146//5119 2440//3919 3145//5114
f 3148//5128 2439//3914 3146//5120
f 2439//3915 3148//5129 2737//4407
f 3151//5140 2737//4408 3148//5130
f 2737//4409 3151//5141 2728//4372
f 3127//5040 2728//4373 3151//5142
f 3127//5041 2731//4384 2728//4374
f 3154//5155 2389//3798 3153//5149
f 3154//5156 2387//3789 2389//3799
f 3153//5150 2388//3794 3157//5167
f 3153//5151 2389//3800 2388//3795
f 3157//5168 2390//3802 3159//5176
f 3157//5169 2388//3796 2390//3803
f 3159//5177 2391//3807 3161//5184
f 3159//5178 2390//3804 2391//3808
f 3139//5087 2395//3816 3163//5192
f 2395//3817 3139//5088 2396//3823
f 3163//5193 2397//3825 3165//5201
f 2397//3826 3163//5194 2395//3818
f 3165//5202 2072//3264 3167//5210
f 2072//3265 3165//5203 2397//3827
f 3167//5211 2070//3258 3169//5219
f 2072//3266 2070//3259 3167//5212
f 3169//5220 2398//3829 3171//5228
f 3169//5221 2070//3260 2398//3830
f 3171//5229 2386//3785 3173//5237
f 3171//5230 2398//3831 2386//3786
f 3173//5238 2387//3790 3154//5157
f 2387//3791 3173//5239 2386//3787
f 3146//5121 2439//3916 2440//3920
f 3145//5115 2440//3921 2736//4405
f 1910//2982 1909//2980 1898//2961
f 1893//2953 1904//2968 1913//2990
f 1921//3005 1920//3004 1927//3013
f 1921//3005 1929//3018 1928//3015
f 1921//3006 1927//3014 1926//3012
f 1985//3125 1988//3132 1989//3134
f 1986//3127 1990//3136 1987//3130
f 3325//5532 3324//5530 3323//5526
f 3323//5527 3324//5531 3326//5534
f 3329//5542 3328//5540 3327//5536
f 3327//5537 3328//5541 3330//5544
f 3333//5552 3332//5550 3331//5546
f 3333//5553 3331//5547 3334//5554
f 3337//5562 3336//5560 3335//5556
f 3337//5563 3335//5557 3338//5564
f 1563//2457 1568//2464 1567//2463
f 1582//2492 1586//2499 1585//2498
f 3041//4880 3040//4878 3039//4876
f 3041//4881 3034//4868 3043//4885
f 3041//4882 3039//4877 3040//4879
f 3048//4891 3053//4896 3052//4895
f 3017//4845 3020//4848 3016//4844
f 2785//4489 2793//4497 2792//4496
f 2799//4503 2794//4498 2795//4499
f 2798//4502 2801//4505 2796//4500
f 1956//3072 1958//3077 1941//3046
f 1940//3043 1941//3044 1959//3079
f 1979//3115 1978//3112 1964//3087
f 3189//5273 3188//5270 3187//5267
f 3060//4906 3059//4905 3057//4901
f 3070//4921 3076//4930 3069//4920
f 3079//4937 3077//4934 3074//4928
f 3286//5443 3285//5441 3283//5436
f 3303//5481 3302//5478 3300//5473
f 3322//5525 3304//5486 3320//5519
f 2889//4655 2888//4653 3100//4969
f 2973//4795 2974//4797 3102//4971
f 3232//5354 3233//5356 3236//5361
f 3249//5382 3248//5380 3251//5386
f 3255//5392 3254//5391 3253//5388
f 3253//5390 3254//5391 3263//5402
f 3267//5408 3266//5407 3265//5404
